family,genus,species,taxon_name,authors,scientific_name,publication,native_to_country,native_to_botanical_countries,introduced_to_country,introduced_to_botanical_countries,kew_id,powo_uri
Asteraceae,Acanthospermum,glabratum,Acanthospermum_glabratum,(DC.) Wild,Acanthospermum glabratum (DC.) Wild,Kirkia 6: 6 (1967),Brazil,Brazil Southeast,"Botswana, Kenya, Lesotho, Mozambique, Reunion, South Africa, Zaire, Zimbabwe","Botswana, Cape Provinces, Free State, Kenya, KwaZulu-Natal, Lesotho, Mozambique, Northern Provinces, Reunion, Zaire, Zimbabwe",173716-1,http://www.plantsoftheworldonline.org/taxon/urn:lsid:ipni.org:names:173716-1
Asteraceae,Achyrocline,mathiolifolia,Achyrocline_mathiolifolia,DC.,Achyrocline mathiolifolia DC.,Prodr. 6: 221 (1838),Brazil,Brazil South,unknown,unknown,174397-1,http://www.plantsoftheworldonline.org/taxon/urn:lsid:ipni.org:names:174397-1
Asteraceae,Achyrocline,saturejoides,Achyrocline_saturejoides,(Lam.) DC.,Achyrocline saturejoides (Lam.) DC.,Prodr. 6: 220 (1838),"Argentina, Bolivia, Brazil, Colombia, Ecuador, Paraguay, Peru, Uruguay","Argentina Northeast, Argentina Northwest, Bolivia, Brazil Northeast, Brazil South, Brazil Southeast, Brazil West-Central, Colombia, Ecuador, Paraguay, Peru, Uruguay",unknown,unknown,174407-1,http://www.plantsoftheworldonline.org/taxon/urn:lsid:ipni.org:names:174407-1
Asteraceae,Achyrocline,venosa,Achyrocline_venosa,Rusby,Achyrocline venosa Rusby,Mem. Torrey Bot. Club 3(3): 57 (1893),"Argentina, Bolivia, Brazil, Paraguay","Argentina Northeast, Argentina Northwest, Bolivia, Brazil South, Paraguay",unknown,unknown,2574-2,http://www.plantsoftheworldonline.org/taxon/urn:lsid:ipni.org:names:2574-2
Asteraceae,Agrianthus,leutzelburgii,Agrianthus_leutzelburgii,Mattf.,Agrianthus leutzelburgii Mattf.,Notizbl. Bot. Gart. Berlin-Dahlem 8: 441 (1923),Brazil,Brazil Northeast,unknown,unknown,175689-1,http://www.plantsoftheworldonline.org/taxon/urn:lsid:ipni.org:names:175689-1
Asteraceae,Aldama,hatschbachii,Aldama_hatschbachii,(H.Rob. & A.J.Moore) E.E.Schill. & Panero,Aldama hatschbachii (H.Rob. & A.J.Moore) E.E.Schill. & Panero,Bot. J. Linn. Soc. 167: 323 (2011),Brazil,Brazil West-Central,unknown,unknown,77115608-1,http://www.plantsoftheworldonline.org/taxon/urn:lsid:ipni.org:names:77115608-1
Asteraceae,Aldama,nudibasillaris,Aldama_nudibasillaris,(S.F.Blake) E.E.Schill. & Panero,Aldama nudibasillaris (S.F.Blake) E.E.Schill. & Panero,Bot. J. Linn. Soc. 167: 324 (2011),Brazil,Brazil Southeast,unknown,unknown,77115683-1,http://www.plantsoftheworldonline.org/taxon/urn:lsid:ipni.org:names:77115683-1
Asteraceae,Aspilia,diniz-cruziana,Aspilia_diniz-cruziana,J.U.Santos,Aspilia diniz-cruziana J.U.Santos,Revista Brasil. Bot. 19: 102 (1996),Brazil,Brazil Southeast,unknown,unknown,306074-2,http://www.plantsoftheworldonline.org/taxon/urn:lsid:ipni.org:names:306074-2
Asteraceae,Aspilia,egleri,Aspilia_egleri,J.U.Santos,Aspilia egleri J.U.Santos,Revista Brasil. Bot. 19: 99 (1996),Brazil,Brazil Southeast,unknown,unknown,301164-2,http://www.plantsoftheworldonline.org/taxon/urn:lsid:ipni.org:names:301164-2
Asteraceae,Aspilia,pseudocalea,Aspilia_pseudocalea,G.H.L. da Silva & A.M.Teles,Aspilia pseudocalea G.H.L. da Silva & A.M.Teles,Phytotaxa 314: 117 (2017),Brazil,Brazil West-Central,unknown,unknown,77176300-1,http://www.plantsoftheworldonline.org/taxon/urn:lsid:ipni.org:names:77176300-1
Asteraceae,Austroeupatorium,apense,Austroeupatorium_apense,(Chodat) R.M.King & H.Rob.,Austroeupatorium apense (Chodat) R.M.King & H.Rob.,Phytologia 51: 179 (1982),"Brazil, Paraguay","Brazil West-Central, Paraguay",unknown,unknown,27145-2,http://www.plantsoftheworldonline.org/taxon/urn:lsid:ipni.org:names:27145-2
Asteraceae,Austroeupatorium,cordatoacuminatum,Austroeupatorium_cordatoacuminatum,H.Rob.,Austroeupatorium cordatoacuminatum H.Rob.,Phytologia 88: 136 (2006),Brazil,Brazil Southeast,unknown,unknown,60445122-2,http://www.plantsoftheworldonline.org/taxon/urn:lsid:ipni.org:names:60445122-2
Asteraceae,Baccharis,gnidiifolia,Baccharis_gnidiifolia,Kunth,Baccharis gnidiifolia Kunth,"F.W.H.von Humboldt, A.J.A.Bonpland &amp; C.S.Kunth, Nov. Gen. Sp., ed. fol., 4: 48 (1818)","Argentina, Bolivia, Brazil, Ecuador, Galapagos, Paraguay, Peru","Argentina Northeast, Bolivia, Brazil South, Brazil Southeast, Ecuador, Galapagos, Paraguay, Peru",unknown,unknown,302364-2,http://www.plantsoftheworldonline.org/taxon/urn:lsid:ipni.org:names:302364-2
Asteraceae,Baccharis,muelleri,Baccharis_muelleri,Baker,Baccharis muelleri Baker,"C.F.P.von Martius &amp; auct. suc. (eds.), Fl. Bras. 6(3): 61 (1882)",Brazil,Brazil South,unknown,unknown,183491-1,http://www.plantsoftheworldonline.org/taxon/urn:lsid:ipni.org:names:183491-1
Asteraceae,Baccharis,tenuiptera,Baccharis_tenuiptera,Deble,Baccharis tenuiptera Deble,Balduinia 16: 30 (2009),Brazil,Brazil South,unknown,unknown,60452887-2,http://www.plantsoftheworldonline.org/taxon/urn:lsid:ipni.org:names:60452887-2
Asteraceae,Barrosoa,betoniciformis,Barrosoa_betoniciformis,(DC.) R.M.King & H.Rob.,Barrosoa betoniciformis (DC.) R.M.King & H.Rob.,Phytologia 21: 27 (1971),"Argentina, Bolivia, Brazil, Uruguay","Argentina Northeast, Argentina Northwest, Bolivia, Brazil Northeast, Brazil South, Brazil Southeast, Uruguay",unknown,unknown,29631-2,http://www.plantsoftheworldonline.org/taxon/urn:lsid:ipni.org:names:29631-2
Asteraceae,Bartlettina,conspicua,Bartlettina_conspicua,(Mart. ex Colla) P.L.R.Moraes & Guglielmone,Bartlettina conspicua (Mart. ex Colla) P.L.R.Moraes & Guglielmone,Harvard Pap. Bot. 18: 213 (2013),Brazil,Brazil Southeast,unknown,unknown,77143454-1,http://www.plantsoftheworldonline.org/taxon/urn:lsid:ipni.org:names:77143454-1
Asteraceae,Calea,arachnoidea,Calea_arachnoidea,G.A.R.Silva & J.N.Nakaj.,Calea arachnoidea G.A.R.Silva & J.N.Nakaj.,Phytotaxa 494: 130 (2021),Brazil,Brazil Southeast,unknown,unknown,77218272-1,http://www.plantsoftheworldonline.org/taxon/urn:lsid:ipni.org:names:77218272-1
Asteraceae,Calea,bishopii,Calea_bishopii,H.Rob.,Calea bishopii H.Rob.,Phytologia 49: 10 (1981),Brazil,Brazil Southeast,unknown,unknown,41845-2,http://www.plantsoftheworldonline.org/taxon/urn:lsid:ipni.org:names:41845-2
Asteraceae,Calea,repanda,Calea_repanda,"V.R.Bueno, Gostel & G.Heiden","Calea repanda V.R.Bueno, Gostel & G.Heiden",Phytotaxa 544: 283 (2022),Brazil,Brazil Southeast,unknown,unknown,77297474-1,http://www.plantsoftheworldonline.org/taxon/urn:lsid:ipni.org:names:77297474-1
Asteraceae,Calea,rhombifolia,Calea_rhombifolia,S.F.Blake,Calea rhombifolia S.F.Blake,Proc. Biol. Soc. Washington 36: 53 (1923),"Bolivia, Brazil","Bolivia, Brazil West-Central",unknown,unknown,41972-2,http://www.plantsoftheworldonline.org/taxon/urn:lsid:ipni.org:names:41972-2
Asteraceae,Chromolaena,linearis,Chromolaena_linearis,(Malme) R.M.King & H.Rob.,Chromolaena linearis (Malme) R.M.King & H.Rob.,Phytologia 20: 203 (1970),Brazil,Brazil West-Central,unknown,unknown,57420-2,http://www.plantsoftheworldonline.org/taxon/urn:lsid:ipni.org:names:57420-2
Asteraceae,Chromolaena,xylorrhiza,Chromolaena_xylorrhiza,(Sch.Bip. ex Baker) R.M.King & H.Rob.,Chromolaena xylorrhiza (Sch.Bip. ex Baker) R.M.King & H.Rob.,Phytologia 20: 208 (1970),Brazil,"Brazil South, Brazil Southeast",unknown,unknown,57515-2,http://www.plantsoftheworldonline.org/taxon/urn:lsid:ipni.org:names:57515-2
Asteraceae,Cololobus,ruschianus,Cololobus_ruschianus,"M.Monge, Fraga & A.P.Fontana","Cololobus ruschianus M.Monge, Fraga & A.P.Fontana",Syst. Bot. 46: 1115 (2021),Brazil,Brazil Southeast,unknown,unknown,77260800-1,http://www.plantsoftheworldonline.org/taxon/urn:lsid:ipni.org:names:77260800-1
Asteraceae,Conocliniopsis,grossedentata,Conocliniopsis_grossedentata,(Mart. ex Colla) D.J.N.Hind,Conocliniopsis grossedentata (Mart. ex Colla) D.J.N.Hind,Kew Bull. 77: 716 (2022),"Brazil, Colombia, Cuba, Venezuela, Venezuelan Antilles","Brazil Northeast, Brazil Southeast, Colombia, Cuba, Venezuela, Venezuelan Antilles",unknown,unknown,77304112-1,http://www.plantsoftheworldonline.org/taxon/urn:lsid:ipni.org:names:77304112-1
Asteraceae,Critoniopsis,bradeana,Critoniopsis_bradeana,(G.M.Barroso) G.Soares & Loeuille,Critoniopsis bradeana (G.M.Barroso) G.Soares & Loeuille,Phytotaxa 522: 140 (2021),Brazil,Brazil Southeast,unknown,unknown,77221455-1,http://www.plantsoftheworldonline.org/taxon/urn:lsid:ipni.org:names:77221455-1
Asteraceae,Delairea,aparadensis,Delairea_aparadensis,Funez & Hassemer,Delairea aparadensis Funez & Hassemer,Phytotaxa 494: 123 (2021),Brazil,Brazil South,unknown,unknown,77218271-1,http://www.plantsoftheworldonline.org/taxon/urn:lsid:ipni.org:names:77218271-1
Asteraceae,Dimerostemma,matogrossense,Dimerostemma_matogrossense,(G.M.Barroso) M.D.Moraes,Dimerostemma matogrossense (G.M.Barroso) M.D.Moraes,Phytologia 89: 118 (2007),Brazil,Brazil West-Central,unknown,unknown,60444812-2,http://www.plantsoftheworldonline.org/taxon/urn:lsid:ipni.org:names:60444812-2
Asteraceae,Dimerostemma,oppositifolium,Dimerostemma_oppositifolium,(A.A.Sáenz) M.D.Moraes,Dimerostemma oppositifolium (A.A.Sáenz) M.D.Moraes,Phytologia 89: 118 (2007),"Argentina, Brazil, Paraguay, Uruguay","Argentina Northeast, Brazil South, Paraguay, Uruguay",unknown,unknown,60444814-2,http://www.plantsoftheworldonline.org/taxon/urn:lsid:ipni.org:names:60444814-2
Asteraceae,Eitenia,praxeloides,Eitenia_praxeloides,R.M.King & H.Rob.,Eitenia praxeloides R.M.King & H.Rob.,Phytologia 28: 282 (1974),Brazil,Brazil West-Central,unknown,unknown,88934-2,http://www.plantsoftheworldonline.org/taxon/urn:lsid:ipni.org:names:88934-2
Asteraceae,Elephantopus,piauiensis,Elephantopus_piauiensis,R.Barros & Semir,Elephantopus piauiensis R.Barros & Semir,"Ernstia, n.s., 13: 96 (2003)",Brazil,Brazil Northeast,unknown,unknown,60440711-2,http://www.plantsoftheworldonline.org/taxon/urn:lsid:ipni.org:names:60440711-2
Asteraceae,Enydra,sessilis,Enydra_sessilis,DC.,Enydra sessilis DC.,Prodr. 5: 637 (1836),"Argentina, Brazil, Costa Rica, Cuba, Dominican Republic, Haiti, Jamaica, Puerto Rico, Uruguay","Argentina Northeast, Brazil South, Costa Rica, Cuba, Dominican Republic, Haiti, Jamaica, Puerto Rico, Uruguay",Madagascar,Madagascar,203216-1,http://www.plantsoftheworldonline.org/taxon/urn:lsid:ipni.org:names:203216-1
Asteraceae,Erechtites,albiflorus,Erechtites_albiflorus,(Sch.Bip.) Hassemer & Funez,Erechtites albiflorus (Sch.Bip.) Hassemer & Funez,Phytotaxa 494: 170 (2021),"Bolivia, Brazil, Colombia, Ecuador, Peru, Venezuela","Bolivia, Brazil South, Brazil Southeast, Colombia, Ecuador, Peru, Venezuela",unknown,unknown,77218279-1,http://www.plantsoftheworldonline.org/taxon/urn:lsid:ipni.org:names:77218279-1
Asteraceae,Erechtites,hieraciifolius,Erechtites_hieraciifolius,(L.) Raf. ex DC.,Erechtites hieraciifolius (L.) Raf. ex DC.,Prodr. 6: 294 (1838),"Argentina, Bahamas, Belize, Bolivia, Brazil, Canada, Cayman Is., Colombia, Costa Rica, Cuba, Dominican Republic, Ecuador, El Salvador, French Guiana, Guatemala, Guyana, Haiti, Honduras, Jamaica, Leeward Is., Mexico, Nicaragua, Panama, Paraguay, Peru, Puerto Rico, Quebec, Rhode I., Suriname, Trinidad-Tobago, United States, Uruguay, Venezuela, Venezuelan Antilles, Windward Is.","Alabama, Argentina Northeast, Argentina Northwest, Arkansas, Bahamas, Belize, Bolivia, Brazil North, Brazil Northeast, Brazil South, Brazil Southeast, Brazil West-Central, Cayman Is., Colombia, Connecticut, Costa Rica, Cuba, Delaware, Dominican Republic, Ecuador, El Salvador, Florida, French Guiana, Georgia, Guatemala, Guyana, Haiti, Honduras, Illinois, Indiana, Iowa, Jamaica, Kansas, Kentucky, Leeward Is., Louisiana, Maine, Maryland, Massachusetts, Mexico Central, Mexico Gulf, Mexico Northeast, Mexico Southeast, Mexico Southwest, Michigan, Minnesota, Mississippi, Missouri, Nebraska, New Brunswick, New Hampshire, New Jersey, New York, Nicaragua, North Carolina, Nova Scotia, Ohio, Oklahoma, Ontario, Panama, Paraguay, Pennsylvania, Peru, Prince Edward I., Puerto Rico, Quebec, Rhode I., South Carolina, South Dakota, Suriname, Tennessee, Texas, Trinidad-Tobago, Uruguay, Venezuela, Venezuelan Antilles, Vermont, Virginia, West Virginia, Windward Is., Wisconsin","Australia, Austria, Bosnia and Herzegovina, Croatia, Macedonia, Montenegro, Serbia, Slovenia, Canada, China, Czech Republic, Slovakia, Germany, Hungary, India, Indonesia, Kazan-retto, Line Is., Malaysia, Mauritius, Moldova, Ukraine, Nansei-shoto, New Zealand, North Korea, South Korea, Ogasawara-shoto, Poland, Romania, Switzerland, Taiwan, Thailand, United States, Vietnam","Austria, China South-Central, China Southeast, Czechoslovakia, Germany, Hawaii, Hungary, India, Jawa, Kazan-retto, Korea, Line Is., Malaya, Mauritius, Nansei-shoto, New South Wales, New Zealand North, Ogasawara-shoto, Poland, Romania, Saskatchewan, Sumatera, Switzerland, Taiwan, Thailand, Ukraine, Vietnam, Washington, Yugoslavia",1152557-2,http://www.plantsoftheworldonline.org/taxon/urn:lsid:ipni.org:names:1152557-2
Asteraceae,Eremanthus,tomentosus,Eremanthus_tomentosus,Loeuille & Bringel,Eremanthus tomentosus Loeuille & Bringel,Phytotaxa 531: 250 (2022),Brazil,"Brazil Southeast, Brazil West-Central",unknown,unknown,77249088-1,http://www.plantsoftheworldonline.org/taxon/urn:lsid:ipni.org:names:77249088-1
Asteraceae,Eremosis,obtusa,Eremosis_obtusa,Gleason,Eremosis obtusa Gleason,"N.L.Britton &amp; al. (eds.), N. Amer. Fl. 33: 99 (1922)","Brazil, Mexico","Brazil Northeast, Mexico Gulf, Mexico Northeast",unknown,unknown,301236-2,http://www.plantsoftheworldonline.org/taxon/urn:lsid:ipni.org:names:301236-2
Asteraceae,Erigeron,blakei,Erigeron_blakei,Cabrera,Erigeron blakei Cabrera,"Revista Mus. La Plata, Secc. Bot. 4: 90 (1941)","Argentina, Brazil, Paraguay, Uruguay","Argentina Northeast, Argentina Northwest, Brazil South, Paraguay, Uruguay",France,France,93595-2,http://www.plantsoftheworldonline.org/taxon/urn:lsid:ipni.org:names:93595-2
Asteraceae,Erigeron,canadensis,Erigeron_canadensis,L.,Erigeron canadensis L.,Sp. Pl.: 863 (1753),"Bahamas, Belize, Bolivia, Brazil, Canada, Cayman Is., Colombia, Costa Rica, Dominican Republic, Ecuador, El Salvador, French Guiana, Galapagos, Guatemala, Haiti, Honduras, Jamaica, Leeward Is., Mexico, Nicaragua, Panama, Peru, Puerto Rico, Quebec, Rhode I., Suriname, Trinidad-Tobago, Turks-Caicos Is., United States, Venezuela, Windward Is.","Alabama, Alberta, Arizona, Arkansas, Bahamas, Belize, Bolivia, Brazil North, Brazil Northeast, Brazil South, Brazil Southeast, Brazil West-Central, British Columbia, California, Cayman Is., Colombia, Colorado, Connecticut, Costa Rica, Dominican Republic, Ecuador, El Salvador, Florida, French Guiana, Galapagos, Georgia, Guatemala, Haiti, Honduras, Idaho, Illinois, Indiana, Iowa, Jamaica, Kansas, Kentucky, Leeward Is., Louisiana, Maine, Manitoba, Maryland, Massachusetts, Mexico Central, Mexico Gulf, Mexico Northeast, Mexico Northwest, Mexico Southeast, Mexico Southwest, Michigan, Minnesota, Mississippi, Missouri, Montana, Nebraska, Nevada, New Hampshire, New Jersey, New Mexico, New York, Nicaragua, North Carolina, North Dakota, Nova Scotia, Ohio, Oklahoma, Ontario, Oregon, Panama, Pennsylvania, Peru, Prince Edward I., Puerto Rico, Quebec, Rhode I., Saskatchewan, South Carolina, South Dakota, Suriname, Tennessee, Texas, Trinidad-Tobago, Turks-Caicos Is., Utah, Venezuela, Vermont, Virginia, Washington, West Virginia, Windward Is., Wisconsin, Wyoming","Afghanistan, Albania, Algeria, Angola, Armenia, Azerbaijan, Georgia, Australia, Austria, Azores, Bangladesh, Belarus, Belgium, Bhutan, India, Bosnia and Herzegovina, Croatia, Macedonia, Montenegro, Serbia, Slovenia, Bulgaria, Cambodia, Canada, Caroline Is., Chagos Archipelago, China, Czech Republic, Slovakia, Denmark, Egypt, Estonia, Latvia, Lithuania, Russia, Fiji, Finland, France, Germany, Greece, Hungary, India, India, Pakistan, Indonesia, Papua New Guinea, Iran, Iraq, Ireland, Italy, Japan, Kazakhstan, Uzbekistan, Kirgizstan, Lebanon, Syria, Lesotho, Libya, Madeira, Marianas, Marquesas, Marshall Is., Mauritius, Moldova, Ukraine, Morocco, Mozambique, Nepal, Netherlands, Niue, Norfolk Is., North Korea, South Korea, Norway, Pakistan, Palestina, Israel, Jordan, Philippines, Poland, Portugal, Reunion, Romania, Russia, South Africa, Spain, Swaziland, Sweden, Switzerland, Taiwan, Tajikistan, Tunisia, Turkey, Turkmenistan, Ukraine, United Kingdom, United States, Uzbekistan, Vietnam, Wake I., Zambia, Zimbabwe","Afghanistan, Albania, Algeria, Altay, Amur, Angola, Assam, Austria, Azores, Baleares, Baltic States, Bangladesh, Belarus, Belgium, Bulgaria, Cambodia, Canary Is., Cape Provinces, Caroline Is., Chagos Archipelago, China North-Central, Corse, Czechoslovakia, Denmark, East Aegean Is., East European Russia, East Himalaya, Fiji, Finland, France, Free State, Germany, Great Britain, Greece, Hawaii, Hungary, India, Inner Mongolia, Iran, Iraq, Ireland, Italy, Japan, Kazakhstan, Khabarovsk, Kirgizstan, Korea, Krasnoyarsk, Kriti, Krym, Kuril Is., KwaZulu-Natal, Lebanon-Syria, Lesotho, Libya, Madeira, Marianas, Marquesas, Marshall Is., Mauritius, Morocco, Mozambique, Nepal, Netherlands, New Guinea, New South Wales, Newfoundland, Niue, Norfolk Is., North Caucasus, Northern Provinces, Northwest European R, Norway, Pakistan, Palestine, Philippines, Poland, Portugal, Primorye, Queensland, Romania, Reunion, Sakhalin, Sardegna, Sicilia, Sinai, South Australia, South European Russi, Spain, Swaziland, Sweden, Switzerland, Tadzhikistan, Taiwan, Tasmania, Transcaucasus, Tunisia, Turkey, Turkey-in-Europe, Turkmenistan, Ukraine, Uzbekistan, Victoria, Vietnam, Wake I., West Himalaya, West Siberia, Western Australia, Yakutskiya, Yugoslavia, Zambia, Zimbabwe",203653-1,http://www.plantsoftheworldonline.org/taxon/urn:lsid:ipni.org:names:203653-1
Asteraceae,Erigeron,floribundus,Erigeron_floribundus,(Kunth) Sch.Bip.,Erigeron floribundus (Kunth) Sch.Bip.,Bull. Soc. Bot. France 12: 81 (1865),"Argentina, Bolivia, Brazil, Chile, Colombia, Costa Rica, Ecuador, Guatemala, Honduras, Mexico, Nicaragua, Panama, Paraguay, Peru, Trinidad-Tobago, Uruguay, Venezuela","Argentina Northeast, Argentina Northwest, Argentina South, Bolivia, Brazil Northeast, Brazil South, Brazil Southeast, Brazil West-Central, Chile Central, Chile North, Chile South, Colombia, Costa Rica, Ecuador, Guatemala, Honduras, Mexico Central, Mexico Gulf, Mexico Northeast, Mexico Southeast, Mexico Southwest, Nicaragua, Panama, Paraguay, Peru, Trinidad-Tobago, Uruguay, Venezuela","Angola, Australia, Bangladesh, Belgium, Cambodia, Central African Republic, France, Ireland, Madagascar, Madeira, New Caledonia, New Zealand, Republic of Congo, Spain, Sri Lanka, Tristan da Cunha, United Kingdom, United States","Angola, Bangladesh, Belgium, California, Cambodia, Canary Is., Central African Repu, Congo, Florida, France, Great Britain, Ireland, Madagascar, Madeira, New Caledonia, New South Wales, New Zealand North, New Zealand South, Queensland, South Australia, Spain, Sri Lanka, Tristan da Cunha, Victoria",60473415-2,http://www.plantsoftheworldonline.org/taxon/urn:lsid:ipni.org:names:60473415-2
Asteraceae,Erigeron,laevigatus,Erigeron_laevigatus,Rich.,Erigeron laevigatus Rich.,Actes Soc. Hist. Nat. Paris 1: 112 (1792),"Argentina, Bahamas, Belize, Bolivia, Brazil, Colombia, Costa Rica, Cuba, Dominican Republic, Ecuador, El Salvador, French Guiana, Guatemala, Haiti, Honduras, Leeward Is., Mexico, Nicaragua, Panama, Peru, Puerto Rico, Trinidad-Tobago, Venezuela, Venezuelan Antilles, Windward Is.","Argentina Northeast, Argentina Northwest, Argentina South, Bahamas, Belize, Bolivia, Brazil North, Colombia, Costa Rica, Cuba, Dominican Republic, Ecuador, El Salvador, French Guiana, Guatemala, Haiti, Honduras, Leeward Is., Mexico Central, Mexico Gulf, Mexico Northeast, Mexico Northwest, Mexico Southeast, Mexico Southwest, Nicaragua, Panama, Peru, Puerto Rico, Trinidad-Tobago, Venezuela, Venezuelan Antilles, Windward Is.",unknown,unknown,317025-2,http://www.plantsoftheworldonline.org/taxon/urn:lsid:ipni.org:names:317025-2
Asteraceae,Erigeron,monorchis,Erigeron_monorchis,Griseb.,Erigeron monorchis Griseb.,Abh. Königl. Ges. Wiss. Göttingen 24: 175 (1879),"Argentina, Brazil, Uruguay","Argentina Northeast, Brazil Southeast, Uruguay",unknown,unknown,204170-1,http://www.plantsoftheworldonline.org/taxon/urn:lsid:ipni.org:names:204170-1
Asteraceae,Erigeron,primulifolius,Erigeron_primulifolius,(Lam.) Greuter,Erigeron primulifolius (Lam.) Greuter,Willdenowia 33: 46 (2003),"Argentina, Bolivia, Brazil, Chile, Colombia, Costa Rica, Dominican Republic, Ecuador, El Salvador, Guatemala, Guyana, Haiti, Honduras, Mexico, Nicaragua, Panama, Paraguay, Peru, Puerto Rico, Suriname, Uruguay, Venezuela","Argentina Northeast, Argentina Northwest, Argentina South, Bolivia, Brazil North, Brazil Northeast, Brazil South, Brazil Southeast, Brazil West-Central, Chile Central, Chile South, Colombia, Costa Rica, Dominican Republic, Ecuador, El Salvador, Guatemala, Guyana, Haiti, Honduras, Mexico Central, Mexico Gulf, Mexico Southeast, Nicaragua, Panama, Paraguay, Peru, Puerto Rico, Suriname, Uruguay, Venezuela","Armenia, Azerbaijan, Georgia, Australia, South Africa, Spain, Trinidad-Tobago","Free State, KwaZulu-Natal, New South Wales, Northern Provinces, Queensland, Spain, Tasmania, Transcaucasus, Trinidad-Tobago, Victoria",70029017-1,http://www.plantsoftheworldonline.org/taxon/urn:lsid:ipni.org:names:70029017-1
Asteraceae,Erigeron,sumatrensis,Erigeron_sumatrensis,Retz.,Erigeron sumatrensis Retz.,Observ. Bot. 5: 28 (1788),"Argentina, Belize, Bolivia, Brazil, Colombia, Costa Rica, Ecuador, El Salvador, Guatemala, Guyana, Honduras, Mexico, Nicaragua, Panama, Paraguay, Peru, Uruguay, Venezuela","Argentina Northeast, Argentina Northwest, Belize, Bolivia, Brazil North, Brazil Northeast, Brazil South, Brazil Southeast, Brazil West-Central, Colombia, Costa Rica, Ecuador, El Salvador, Guatemala, Guyana, Honduras, Mexico Southeast, Nicaragua, Panama, Paraguay, Peru, Uruguay, Venezuela","Albania, Algeria, Angola, Armenia, Azerbaijan, Georgia, Australia, Azores, Belgium, Benin, Bosnia and Herzegovina, Croatia, Macedonia, Montenegro, Serbia, Slovenia, Botswana, Bulgaria, Chatham Is., China, Comoros, Cote d'Ivoire, Cyprus, Egypt, Ethiopia, France, Gabon, Germany, Greece, Guinea, Gulf of Guinea Is., India, Indonesia, Ireland, Italy, Laos, Lebanon, Syria, Lesotho, Madagascar, Madeira, Mauritania, Morocco, Mozambique, Namibia, Netherlands, New Zealand, Pakistan, Palestina, Israel, Jordan, Philippines, Poland, Portugal, South Africa, Spain, Sudan, Sweden, Switzerland, Taiwan, Thailand, Tubuai Is., Tunisia, Turkey, United Kingdom, Vietnam, Zaire, Zambia, Zimbabwe","Albania, Algeria, Angola, Azores, Baleares, Belgium, Benin, Botswana, Bulgaria, Canary Is., Chatham Is., China South-Central, China Southeast, Comoros, Corse, Cyprus, East Aegean Is., Ethiopia, France, Free State, Gabon, Germany, Great Britain, Greece, Guinea, Gulf of Guinea Is., Hainan, India, Ireland, Italy, Ivory Coast, Kriti, Laos, Lebanon-Syria, Lesotho, Madagascar, Madeira, Mauritania, Morocco, Mozambique, Namibia, Netherlands, New Zealand North, Pakistan, Palestine, Philippines, Poland, Portugal, Sardegna, Sicilia, Sinai, Spain, Sudan, Sumatera, Sweden, Switzerland, Taiwan, Tasmania, Thailand, Transcaucasus, Tubuai Is., Tunisia, Turkey, Turkey-in-Europe, Vietnam, Yugoslavia, Zambia, Zaire, Zimbabwe",204572-1,http://www.plantsoftheworldonline.org/taxon/urn:lsid:ipni.org:names:204572-1
Asteraceae,Eupatorium,hagelundii,Eupatorium_hagelundii,Matzenb.,Eupatorium hagelundii Matzenb.,"Iheringia, Bot. 68: 159 (2013)",Brazil,Brazil South,unknown,unknown,77133327-1,http://www.plantsoftheworldonline.org/taxon/urn:lsid:ipni.org:names:77133327-1
Asteraceae,Eupatorium,maracayuense,Eupatorium_maracayuense,Chodat,Eupatorium maracayuense Chodat,"Bull. Herb. Boissier, sér. 2, 3: 710 (1903)","Brazil, Paraguay","Brazil South, Paraguay",unknown,unknown,100387-2,http://www.plantsoftheworldonline.org/taxon/urn:lsid:ipni.org:names:100387-2
Asteraceae,Eupatorium,rosengurttii,Eupatorium_rosengurttii,Cabrera,Eupatorium rosengurttii Cabrera,"Fl. Ilustr. Catarin. 1(Compos., 4): 645 (1989)",Brazil,Brazil South,unknown,unknown,968079-1,http://www.plantsoftheworldonline.org/taxon/urn:lsid:ipni.org:names:968079-1
Asteraceae,Gamochaeta,brasiliana,Gamochaeta_brasiliana,Deble,Gamochaeta brasiliana Deble,Balduinia 5: 16 (2005),Brazil,"Brazil South, Brazil Southeast",unknown,unknown,60446805-2,http://www.plantsoftheworldonline.org/taxon/urn:lsid:ipni.org:names:60446805-2
Asteraceae,Gamochaeta,camaquaensis,Gamochaeta_camaquaensis,Deble,Gamochaeta camaquaensis Deble,Balduinia 6: 14 (2006),"Brazil, Uruguay","Brazil South, Uruguay",unknown,unknown,60446807-2,http://www.plantsoftheworldonline.org/taxon/urn:lsid:ipni.org:names:60446807-2
Asteraceae,Gamochaeta,stachidifolia,Gamochaeta_stachidifolia,(Lam.) Cabrera,Gamochaeta stachidifolia (Lam.) Cabrera,Bol. Soc. Argent. Bot. 9: 382 (1961),"Argentina, Brazil, Chile, Juan Fernandez Is., Uruguay","Argentina Northeast, Argentina Northwest, Argentina South, Brazil South, Brazil West-Central, Chile Central, Juan Fernandez Is., Uruguay",United States,California,107387-2,http://www.plantsoftheworldonline.org/taxon/urn:lsid:ipni.org:names:107387-2
Asteraceae,Gochnatia,avicenniifolia,Gochnatia_avicenniifolia,(DC.) Cabrera,Gochnatia avicenniifolia (DC.) Cabrera,Bol. Soc. Argent. Bot. 8: 35 (1959),Brazil,"Brazil Northeast, Brazil Southeast",unknown,unknown,111393-2,http://www.plantsoftheworldonline.org/taxon/urn:lsid:ipni.org:names:111393-2
Asteraceae,Gochnatia,cratensis,Gochnatia_cratensis,(Gardner) Cabrera,Gochnatia cratensis (Gardner) Cabrera,"Notas Mus. La Plata, Bot. 15: 43 (1950)",Brazil,Brazil Northeast,unknown,unknown,111410-2,http://www.plantsoftheworldonline.org/taxon/urn:lsid:ipni.org:names:111410-2
Asteraceae,Grazielia,gaudichaudiana,Grazielia_gaudichaudiana,(DC.) R.M.King & H.Rob.,Grazielia gaudichaudiana (DC.) R.M.King & H.Rob.,Phytologia 23: 306 (1972),Brazil,"Brazil South, Brazil Southeast, Brazil West-Central",unknown,unknown,113375-2,http://www.plantsoftheworldonline.org/taxon/urn:lsid:ipni.org:names:113375-2
Asteraceae,Gyptis,inornata,Gyptis_inornata,R.M.King & H.Rob.,Gyptis inornata R.M.King & H.Rob.,Phytologia 21: 24 (1971),Brazil,Brazil South,unknown,unknown,116041-2,http://www.plantsoftheworldonline.org/taxon/urn:lsid:ipni.org:names:116041-2
Asteraceae,Heliopsis,buphthalmoides,Heliopsis_buphthalmoides,(Jacq.) Dunal,Heliopsis buphthalmoides (Jacq.) Dunal,Mém. Mus. Hist. Nat. 5: 57 (1819),"Bolivia, Brazil, Colombia, Costa Rica, Ecuador, French Guiana, Guatemala, Honduras, Mexico, Nicaragua, Panama, Peru, Venezuela","Bolivia, Brazil North, Brazil Southeast, Colombia, Costa Rica, Ecuador, French Guiana, Guatemala, Honduras, Mexico Central, Mexico Gulf, Mexico Northeast, Mexico Northwest, Mexico Southeast, Mexico Southwest, Nicaragua, Panama, Peru, Venezuela","Cuba, France","Cuba, France",213524-1,http://www.plantsoftheworldonline.org/taxon/urn:lsid:ipni.org:names:213524-1
Asteraceae,Heterocondylus,leptolepis,Heterocondylus_leptolepis,(Baker) R.M.King & H.Rob.,Heterocondylus leptolepis (Baker) R.M.King & H.Rob.,Phytologia 24: 390 (1972),Brazil,Brazil South,unknown,unknown,121066-2,http://www.plantsoftheworldonline.org/taxon/urn:lsid:ipni.org:names:121066-2
Asteraceae,Heterocondylus,macrocephalus,Heterocondylus_macrocephalus,H.Rob.,Heterocondylus macrocephalus H.Rob.,Phytologia 88: 145 (2006),Brazil,Brazil Southeast,unknown,unknown,60445126-2,http://www.plantsoftheworldonline.org/taxon/urn:lsid:ipni.org:names:60445126-2
Asteraceae,Heterocondylus,penninervius,Heterocondylus_penninervius,I.T.F.V.Lopes & J.N.Nakaj.,Heterocondylus penninervius I.T.F.V.Lopes & J.N.Nakaj.,Phytotaxa 524: 54 (2021),Brazil,Brazil Southeast,unknown,unknown,77221527-1,http://www.plantsoftheworldonline.org/taxon/urn:lsid:ipni.org:names:77221527-1
Asteraceae,Hieracium,mosenii,Hieracium_mosenii,Malme,Hieracium mosenii Malme,Ark. Bot. 23A(15): 5 (1931),"Argentina, Brazil","Argentina Northeast, Brazil South, Brazil Southeast",unknown,unknown,122368-2,http://www.plantsoftheworldonline.org/taxon/urn:lsid:ipni.org:names:122368-2
Asteraceae,Hieracium,palezieuxii,Hieracium_palezieuxii,Zahn,Hieracium palezieuxii Zahn,"H.G.A.Engler (ed.), Pflanzenr., IV, 280: 1084 (1922)","Argentina, Brazil, Uruguay","Argentina Northeast, Argentina Northwest, Brazil South, Uruguay",unknown,unknown,122394-2,http://www.plantsoftheworldonline.org/taxon/urn:lsid:ipni.org:names:122394-2
Asteraceae,Hieracium,paraguayense,Hieracium_paraguayense,Arv.-Touv. ex Peter,Hieracium paraguayense Arv.-Touv. ex Peter,"H.G.A.Engler &amp; K.A.E.Prantl, Nat. Pflanzenfam. 4(5): 386 (1893)","Argentina, Brazil, Paraguay","Argentina Northeast, Brazil South, Brazil Southeast, Paraguay",unknown,unknown,220924-1,http://www.plantsoftheworldonline.org/taxon/urn:lsid:ipni.org:names:220924-1
Asteraceae,Holocheilus,schulzii,Holocheilus_schulzii,(Cabrera) Cabrera,Holocheilus schulzii (Cabrera) Cabrera,"Revista Mus. La Plata, Secc. Bot. 11: 12 (1968)","Argentina, Brazil, Paraguay","Argentina Northeast, Brazil South, Paraguay",unknown,unknown,123553-2,http://www.plantsoftheworldonline.org/taxon/urn:lsid:ipni.org:names:123553-2
Asteraceae,Hypochaeris,microcephala,Hypochaeris_microcephala,(Sch.Bip.) Cabrera,Hypochaeris microcephala (Sch.Bip.) Cabrera,"Notas Mus. La Plata, Bot. 2: 200 (1937)","Argentina, Bolivia, Brazil, Colombia, Paraguay, Peru, Uruguay","Argentina Northeast, Argentina Northwest, Bolivia, Brazil South, Colombia, Paraguay, Peru, Uruguay",unknown,unknown,126475-2,http://www.plantsoftheworldonline.org/taxon/urn:lsid:ipni.org:names:126475-2
Asteraceae,Hysterionica,chamomilloides,Hysterionica_chamomilloides,Deble,Hysterionica chamomilloides Deble,Phytotaxa 482: 37 (2021),"Brazil, Uruguay","Brazil South, Uruguay",unknown,unknown,77215761-1,http://www.plantsoftheworldonline.org/taxon/urn:lsid:ipni.org:names:77215761-1
Asteraceae,Hysterionica,resinosa,Hysterionica_resinosa,(Spreng.) P.L.R.Moraes,Hysterionica resinosa (Spreng.) P.L.R.Moraes,Phytotaxa 438: 99 (2020),"Argentina, Brazil, Paraguay, Uruguay","Argentina Northeast, Brazil South, Paraguay, Uruguay",unknown,unknown,77209409-1,http://www.plantsoftheworldonline.org/taxon/urn:lsid:ipni.org:names:77209409-1
Asteraceae,Ichthyothere,matogrossensis,Ichthyothere_matogrossensis,R.C.A.Pereira & Semir,Ichthyothere matogrossensis R.C.A.Pereira & Semir,Bradea 8: 155 (2000),Brazil,Brazil West-Central,unknown,unknown,1016132-1,http://www.plantsoftheworldonline.org/taxon/urn:lsid:ipni.org:names:1016132-1
Asteraceae,Ichthyothere,sasakiae,Ichthyothere_sasakiae,Frisby & D.J.N.Hind,Ichthyothere sasakiae Frisby & D.J.N.Hind,Kew Bull. 69(2)-9504: 2 (2014),Brazil,Brazil West-Central,unknown,unknown,77137436-1,http://www.plantsoftheworldonline.org/taxon/urn:lsid:ipni.org:names:77137436-1
Asteraceae,Lepidaploa,campirupestris,Lepidaploa_campirupestris,Antar & Loeuille,Lepidaploa campirupestris Antar & Loeuille,Pl. Ecol. Evol. 154: 123 (2021),Brazil,Brazil Southeast,unknown,unknown,77217700-1,http://www.plantsoftheworldonline.org/taxon/urn:lsid:ipni.org:names:77217700-1
Asteraceae,Lepidaploa,irwinii,Lepidaploa_irwinii,H.Rob.,Lepidaploa irwinii H.Rob.,Phytologia 87: 89 (2005),Brazil,Brazil Southeast,unknown,unknown,60440498-2,http://www.plantsoftheworldonline.org/taxon/urn:lsid:ipni.org:names:60440498-2
Asteraceae,Lepidaploa,ovata,Lepidaploa_ovata,(Less.) Pruski,Lepidaploa ovata (Less.) Pruski,Phytoneuron 2017-50: 9 (2017),Brazil,Brazil Southeast,unknown,unknown,77174712-1,http://www.plantsoftheworldonline.org/taxon/urn:lsid:ipni.org:names:77174712-1
Asteraceae,Lepidaploa,restingae,Lepidaploa_restingae,G.Soares & Loeuille,Lepidaploa restingae G.Soares & Loeuille,Phytotaxa 520: 196 (2021),Brazil,Brazil Northeast,unknown,unknown,77221357-1,http://www.plantsoftheworldonline.org/taxon/urn:lsid:ipni.org:names:77221357-1
Asteraceae,Lessingianthus,buddlejifolius,Lessingianthus_buddlejifolius,(Mart. ex DC.) H.Rob.,Lessingianthus buddlejifolius (Mart. ex DC.) H.Rob.,Proc. Biol. Soc. Washington 101: 941 (1988),Brazil,"Brazil North, Brazil Southeast, Brazil West-Central",unknown,unknown,1211028-2,http://www.plantsoftheworldonline.org/taxon/urn:lsid:ipni.org:names:1211028-2
Asteraceae,Lessingianthus,hoveifolius,Lessingianthus_hoveifolius,(Gardner) H.Rob.,Lessingianthus hoveifolius (Gardner) H.Rob.,Proc. Biol. Soc. Washington 101: 943 (1988),Brazil,"Brazil Southeast, Brazil West-Central",unknown,unknown,961977-1,http://www.plantsoftheworldonline.org/taxon/urn:lsid:ipni.org:names:961977-1
Asteraceae,Lessingianthus,petraeus,Lessingianthus_petraeus,Antar & Loeuille,Lessingianthus petraeus Antar & Loeuille,Pl. Ecol. Evol. 154: 126 (2021),Brazil,Brazil Southeast,unknown,unknown,77217701-1,http://www.plantsoftheworldonline.org/taxon/urn:lsid:ipni.org:names:77217701-1
Asteraceae,Lessingianthus,pseudoincanus,Lessingianthus_pseudoincanus,(Hieron.) Dematt. & Angulo,Lessingianthus pseudoincanus (Hieron.) Dematt. & Angulo,Phytotaxa 186: 210 (2014),"Argentina, Brazil, Paraguay","Argentina Northeast, Brazil South, Paraguay",unknown,unknown,77143918-1,http://www.plantsoftheworldonline.org/taxon/urn:lsid:ipni.org:names:77143918-1
Asteraceae,Litothamnus,saundersiae,Litothamnus_saundersiae,B.L.Turner,Litothamnus saundersiae B.L.Turner,Phytologia 69: 424 (1990),Brazil,Brazil Northeast,unknown,unknown,279733-2,http://www.plantsoftheworldonline.org/taxon/urn:lsid:ipni.org:names:279733-2
Asteraceae,Lucilia,adpressa,Lucilia_adpressa,"(Vell.) Sitowski, A.M.Teles & J.F.B.Pastore","Lucilia adpressa (Vell.) Sitowski, A.M.Teles & J.F.B.Pastore",Phytotaxa 574: 283 (2022),"Argentina, Bolivia, Brazil","Argentina Northwest, Bolivia, Brazil South, Brazil Southeast, Brazil West-Central",unknown,unknown,77309302-1,http://www.plantsoftheworldonline.org/taxon/urn:lsid:ipni.org:names:77309302-1
Asteraceae,Lychnocephalus,canus,Lychnocephalus_canus,F.M.B.Gomes & Loeuille,Lychnocephalus canus F.M.B.Gomes & Loeuille,Phytotaxa 547: 124 (2022),Brazil,Brazil Southeast,unknown,unknown,77298431-1,http://www.plantsoftheworldonline.org/taxon/urn:lsid:ipni.org:names:77298431-1
Asteraceae,Lychnocephalus,cipoensis,Lychnocephalus_cipoensis,Semir ex F.M.B.Gomes & Loeuille,Lychnocephalus cipoensis Semir ex F.M.B.Gomes & Loeuille,Syst. Bot. 46: 477 (2021),Brazil,Brazil Southeast,unknown,unknown,77254676-1,http://www.plantsoftheworldonline.org/taxon/urn:lsid:ipni.org:names:77254676-1
Asteraceae,Lychnocephalus,grazielae,Lychnocephalus_grazielae,Semir ex F.M.B.Gomes & Loeuille,Lychnocephalus grazielae Semir ex F.M.B.Gomes & Loeuille,Syst. Bot. 46: 479 (2021),Brazil,Brazil Southeast,unknown,unknown,77254678-1,http://www.plantsoftheworldonline.org/taxon/urn:lsid:ipni.org:names:77254678-1
Asteraceae,Lychnocephalus,jolyanus,Lychnocephalus_jolyanus,Semir ex F.M.B.Gomes & Loeuille,Lychnocephalus jolyanus Semir ex F.M.B.Gomes & Loeuille,Syst. Bot. 46: 483 (2021),Brazil,Brazil Southeast,unknown,unknown,77254680-1,http://www.plantsoftheworldonline.org/taxon/urn:lsid:ipni.org:names:77254680-1
Asteraceae,Lychnocephalus,mello-barretoi,Lychnocephalus_mello-barretoi,"(G.M.Barroso) Loeuille, Semir & Pirani","Lychnocephalus mello-barretoi (G.M.Barroso) Loeuille, Semir & Pirani",Phytotaxa 398: 53 (2019),Brazil,Brazil Southeast,unknown,unknown,77195977-1,http://www.plantsoftheworldonline.org/taxon/urn:lsid:ipni.org:names:77195977-1
Asteraceae,Lychnophora,goiana,Lychnophora_goiana,"Semir ex Loeuille, Bringel & Valls","Lychnophora goiana Semir ex Loeuille, Bringel & Valls",Phytotaxa 531: 256 (2022),Brazil,Brazil West-Central,unknown,unknown,77249091-1,http://www.plantsoftheworldonline.org/taxon/urn:lsid:ipni.org:names:77249091-1
Asteraceae,Lychnophora,osanyiniana,Lychnophora_osanyiniana,D.Marques & J.N.Nakaj.,Lychnophora osanyiniana D.Marques & J.N.Nakaj.,Phytotaxa 491: 58 (2021),Brazil,Brazil Southeast,unknown,unknown,77216303-1,http://www.plantsoftheworldonline.org/taxon/urn:lsid:ipni.org:names:77216303-1
Asteraceae,Lychnophora,planaltina,Lychnophora_planaltina,"Semir ex Loeuille, Bringel & Faria","Lychnophora planaltina Semir ex Loeuille, Bringel & Faria",Phytotaxa 531: 258 (2022),Brazil,Brazil West-Central,unknown,unknown,77249095-1,http://www.plantsoftheworldonline.org/taxon/urn:lsid:ipni.org:names:77249095-1
Asteraceae,Mikania,anisodora,Mikania_anisodora,Hassl.,Mikania anisodora Hassl.,Repert. Spec. Nov. Regni Veg. 14: 172 (1915),"Brazil, Paraguay","Brazil South, Paraguay",unknown,unknown,160743-2,http://www.plantsoftheworldonline.org/taxon/urn:lsid:ipni.org:names:160743-2
Asteraceae,Mikania,buddlejifolia,Mikania_buddlejifolia,DC.,Mikania buddlejifolia DC.,Prodr. 5: 192 (1836),Brazil,"Brazil South, Brazil Southeast",unknown,unknown,160799-2,http://www.plantsoftheworldonline.org/taxon/urn:lsid:ipni.org:names:160799-2
Asteraceae,Mikania,capixaba,Mikania_capixaba,Borges & Fraga,Mikania capixaba Borges & Fraga,Blumea 55: 114 (2010),Brazil,Brazil Southeast,unknown,unknown,77107316-1,http://www.plantsoftheworldonline.org/taxon/urn:lsid:ipni.org:names:77107316-1
Asteraceae,Mikania,citriodora,Mikania_citriodora,W.C.Holmes,Mikania citriodora W.C.Holmes,Phytologia 70: 47 (1991),Brazil,"Brazil Northeast, Brazil Southeast",unknown,unknown,280907-2,http://www.plantsoftheworldonline.org/taxon/urn:lsid:ipni.org:names:280907-2
Asteraceae,Mikania,clematidiflora,Mikania_clematidiflora,Rusby,Mikania clematidiflora Rusby,Contr. Gray Herb. 61: 13 (1920),"Brazil, Colombia","Brazil South, Colombia",unknown,unknown,160833-2,http://www.plantsoftheworldonline.org/taxon/urn:lsid:ipni.org:names:160833-2
Asteraceae,Mikania,euryanthela,Mikania_euryanthela,(Malme) W.C.Holmes,Mikania euryanthela (Malme) W.C.Holmes,Phytologia 58: 243 (1985),"Argentina, Brazil, Paraguay","Argentina Northeast, Brazil South, Paraguay",unknown,unknown,280910-2,http://www.plantsoftheworldonline.org/taxon/urn:lsid:ipni.org:names:280910-2
Asteraceae,Mikania,funkiae,Mikania_funkiae,C.T.Oliveira & Antar,Mikania funkiae C.T.Oliveira & Antar,Acta Bot. Brasil. 36(e2021abb0329): 6 (2022),Brazil,Brazil Southeast,unknown,unknown,77299536-1,http://www.plantsoftheworldonline.org/taxon/urn:lsid:ipni.org:names:77299536-1
Asteraceae,Mikania,mathewsii,Mikania_mathewsii,B.L.Rob.,Mikania mathewsii B.L.Rob.,Contr. Gray Herb. 61: 18 (1920),"Brazil, Peru, Venezuela","Brazil North, Peru, Venezuela",unknown,unknown,161041-2,http://www.plantsoftheworldonline.org/taxon/urn:lsid:ipni.org:names:161041-2
Asteraceae,Mikania,mellosilvae,Mikania_mellosilvae,"C.T.Oliveira, Antar & Pirani","Mikania mellosilvae C.T.Oliveira, Antar & Pirani",Nordic J. Bot. 39(12)-e03349: 2 (2021),Brazil,"Brazil Northeast, Brazil Southeast",unknown,unknown,77296011-1,http://www.plantsoftheworldonline.org/taxon/urn:lsid:ipni.org:names:77296011-1
Asteraceae,Mikania,nemorosa,Mikania_nemorosa,Klatt,Mikania nemorosa Klatt,Bot. Jahrb. Syst. 8: 36 (1886),"Bolivia, Brazil, Colombia, Ecuador, Guyana, Suriname, Venezuela","Bolivia, Brazil North, Colombia, Ecuador, Guyana, Suriname, Venezuela",unknown,unknown,161080-2,http://www.plantsoftheworldonline.org/taxon/urn:lsid:ipni.org:names:161080-2
Asteraceae,Mikania,paceae,Mikania_paceae,W.C.Holmes,Mikania paceae W.C.Holmes,Phytologia 73: 163 (1992),Brazil,Brazil Southeast,unknown,unknown,303798-2,http://www.plantsoftheworldonline.org/taxon/urn:lsid:ipni.org:names:303798-2
Asteraceae,Mikania,perhirta,Mikania_perhirta,R.M.King & H.Rob.,Mikania perhirta R.M.King & H.Rob.,Phytologia 65: 64 (1988),Brazil,"Brazil Northeast, Brazil Southeast",unknown,unknown,280922-2,http://www.plantsoftheworldonline.org/taxon/urn:lsid:ipni.org:names:280922-2
Asteraceae,Mikania,saxicola,Mikania_saxicola,Sch.Bip. ex W.C.Holmes & Vodopich,Mikania saxicola Sch.Bip. ex W.C.Holmes & Vodopich,Novon 15: 549 (2005),Brazil,Brazil Southeast,unknown,unknown,77069450-1,http://www.plantsoftheworldonline.org/taxon/urn:lsid:ipni.org:names:77069450-1
Asteraceae,Mikania,semirii,Mikania_semirii,C.T.Oliveira & Antar,Mikania semirii C.T.Oliveira & Antar,Acta Bot. Brasil. 36(e2021abb0329): 2 (2022),Brazil,Brazil Southeast,unknown,unknown,77299535-1,http://www.plantsoftheworldonline.org/taxon/urn:lsid:ipni.org:names:77299535-1
Asteraceae,Ophryosporus,freyreissii,Ophryosporus_freyreissii,Baker,Ophryosporus freyreissii Baker,"C.F.P.von Martius &amp; auct. suc. (eds.), Fl. Bras. 6(2): 188 (1876)",Brazil,"Brazil Northeast, Brazil Southeast",unknown,unknown,235499-1,http://www.plantsoftheworldonline.org/taxon/urn:lsid:ipni.org:names:235499-1
Asteraceae,Panphalea,araucariophila,Panphalea_araucariophila,Cabrera,Panphalea araucariophila Cabrera,"Notas Mus. La Plata, Bot. 16: 232 (1953)",Brazil,Brazil South,unknown,unknown,236402-1,http://www.plantsoftheworldonline.org/taxon/urn:lsid:ipni.org:names:236402-1
Asteraceae,Panphalea,bupleurifolia,Panphalea_bupleurifolia,Less.,Panphalea bupleurifolia Less.,Linnaea 5: 8 (1830),"Argentina, Brazil, Uruguay","Argentina Northeast, Brazil South, Uruguay",unknown,unknown,236403-1,http://www.plantsoftheworldonline.org/taxon/urn:lsid:ipni.org:names:236403-1
Asteraceae,Panphalea,cardaminifolia,Panphalea_cardaminifolia,Less.,Panphalea cardaminifolia Less.,Linnaea 5: 9 (1830),"Brazil, Uruguay","Brazil South, Uruguay",unknown,unknown,236404-1,http://www.plantsoftheworldonline.org/taxon/urn:lsid:ipni.org:names:236404-1
Asteraceae,Panphalea,commersonii,Panphalea_commersonii,Cass.,Panphalea commersonii Cass.,Bull. Sci. Soc. Philom. Paris 1819: 111 (1819),"Brazil, Uruguay","Brazil South, Uruguay",unknown,unknown,236405-1,http://www.plantsoftheworldonline.org/taxon/urn:lsid:ipni.org:names:236405-1
Asteraceae,Panphalea,heterophylla,Panphalea_heterophylla,Less.,Panphalea heterophylla Less.,Linnaea 5: 8 (1830),"Argentina, Brazil, Uruguay","Argentina Northeast, Brazil South, Uruguay",unknown,unknown,236406-1,http://www.plantsoftheworldonline.org/taxon/urn:lsid:ipni.org:names:236406-1
Asteraceae,Panphalea,maxima,Panphalea_maxima,Less.,Panphalea maxima Less.,Linnaea 5: 9 (1830),"Brazil, Uruguay","Brazil South, Uruguay",unknown,unknown,236407-1,http://www.plantsoftheworldonline.org/taxon/urn:lsid:ipni.org:names:236407-1
Asteraceae,Panphalea,missionum,Panphalea_missionum,Cabrera,Panphalea missionum Cabrera,"Notas Mus. La Plata, Bot. 16: 235 (1953)","Argentina, Brazil, Paraguay","Argentina Northeast, Brazil South, Paraguay",unknown,unknown,236408-1,http://www.plantsoftheworldonline.org/taxon/urn:lsid:ipni.org:names:236408-1
Asteraceae,Panphalea,ramboi,Panphalea_ramboi,Cabrera,Panphalea ramboi Cabrera,"Notas Mus. La Plata, Bot. 16: 229 (1953)",Brazil,Brazil South,unknown,unknown,236409-1,http://www.plantsoftheworldonline.org/taxon/urn:lsid:ipni.org:names:236409-1
Asteraceae,Panphalea,smithii,Panphalea_smithii,Cabrera,Panphalea smithii Cabrera,Bol. Soc. Argent. Bot. 7: 200 (1959),Brazil,Brazil South,unknown,unknown,236410-1,http://www.plantsoftheworldonline.org/taxon/urn:lsid:ipni.org:names:236410-1
Asteraceae,Panphalea,tenuissima,Panphalea_tenuissima,"C.Trujillo, Bonif. & E.Pasini","Panphalea tenuissima C.Trujillo, Bonif. & E.Pasini",Phytotaxa 392: 62 (2019),Brazil,Brazil South,unknown,unknown,77194958-1,http://www.plantsoftheworldonline.org/taxon/urn:lsid:ipni.org:names:77194958-1
Asteraceae,Parastrephia,lucida,Parastrephia_lucida,(Meyen) Cabrera,Parastrephia lucida (Meyen) Cabrera,"Notas Mus. La Plata, Bot. 17: 57 (1954)","Argentina, Bolivia, Brazil, Chile, Peru","Argentina Northwest, Bolivia, Brazil South, Brazil Southeast, Chile North, Peru",unknown,unknown,183030-2,http://www.plantsoftheworldonline.org/taxon/urn:lsid:ipni.org:names:183030-2
Asteraceae,Pectis,loiolae,Pectis_loiolae,"Rebouças, V.S.Samp. & Roque","Pectis loiolae Rebouças, V.S.Samp. & Roque",Syst. Bot. 46: 487 (2021),Brazil,Brazil Northeast,unknown,unknown,77254682-1,http://www.plantsoftheworldonline.org/taxon/urn:lsid:ipni.org:names:77254682-1
Asteraceae,Piptocarpha,sellovii,Piptocarpha_sellovii,(Sch.Bip.) Baker,Piptocarpha sellovii (Sch.Bip.) Baker,"C.F.P.von Martius &amp; auct. suc. (eds.), Fl. Bras. 6(2): 130 (1873)","Argentina, Brazil, Paraguay","Argentina Northeast, Brazil South, Brazil Southeast, Paraguay",unknown,unknown,238477-1,http://www.plantsoftheworldonline.org/taxon/urn:lsid:ipni.org:names:238477-1
Asteraceae,Piptocarpha,stifftioides,Piptocarpha_stifftioides,H.Rob.,Piptocarpha stifftioides H.Rob.,Phytologia 44: 302 (1979),Brazil,Brazil Northeast,unknown,unknown,299052-2,http://www.plantsoftheworldonline.org/taxon/urn:lsid:ipni.org:names:299052-2
Asteraceae,Piptolepis,corymbosa,Piptolepis_corymbosa,J.B.Cândido & Loeuille,Piptolepis corymbosa J.B.Cândido & Loeuille,Syst. Bot. 46: 496 (2021),Brazil,Brazil Southeast,unknown,unknown,77254683-1,http://www.plantsoftheworldonline.org/taxon/urn:lsid:ipni.org:names:77254683-1
Asteraceae,Piptolepis,pilosa,Piptolepis_pilosa,J.B.Cândido & Loeuille,Piptolepis pilosa J.B.Cândido & Loeuille,Syst. Bot. 46: 497 (2021),Brazil,Brazil Southeast,unknown,unknown,77254684-1,http://www.plantsoftheworldonline.org/taxon/urn:lsid:ipni.org:names:77254684-1
Asteraceae,Piptolepis,procumbens,Piptolepis_procumbens,J.B.Cândido & Loeuille,Piptolepis procumbens J.B.Cândido & Loeuille,Syst. Bot. 46: 498 (2021),Brazil,Brazil Southeast,unknown,unknown,77254685-1,http://www.plantsoftheworldonline.org/taxon/urn:lsid:ipni.org:names:77254685-1
Asteraceae,Praxelis,scaturicola,Praxelis_scaturicola,Neves Ribeiro & V.L.Rivera,Praxelis scaturicola Neves Ribeiro & V.L.Rivera,Syst. Bot. 46: 1131 (2021),Brazil,Brazil West-Central,unknown,unknown,77260801-1,http://www.plantsoftheworldonline.org/taxon/urn:lsid:ipni.org:names:77260801-1
Asteraceae,Pseudogynoxys,pohlii,Pseudogynoxys_pohlii,(Baker) Leitão,Pseudogynoxys pohlii (Baker) Leitão,Trab. Congr. Nac. Bot. (Rio de Janeiro) 26: 326 (1977),Brazil,"Brazil Southeast, Brazil West-Central",unknown,unknown,211377-2,http://www.plantsoftheworldonline.org/taxon/urn:lsid:ipni.org:names:211377-2
Asteraceae,Senecio,ceratophylloides,Senecio_ceratophylloides,Griseb.,Senecio ceratophylloides Griseb.,Abh. Königl. Ges. Wiss. Göttingen 24: 206 (1879),"Argentina, Brazil, Uruguay","Argentina Northeast, Argentina Northwest, Argentina South, Brazil South, Uruguay",unknown,unknown,244406-1,http://www.plantsoftheworldonline.org/taxon/urn:lsid:ipni.org:names:244406-1
Asteraceae,Senecio,cisplatinus,Senecio_cisplatinus,Cabrera,Senecio cisplatinus Cabrera,Brittonia 7: 71 (1950),"Argentina, Brazil, Uruguay","Argentina Northeast, Brazil South, Uruguay",unknown,unknown,232867-2,http://www.plantsoftheworldonline.org/taxon/urn:lsid:ipni.org:names:232867-2
Asteraceae,Senecio,grossidens,Senecio_grossidens,Dusén ex Malme,Senecio grossidens Dusén ex Malme,"Kongl. Svenska Vetensk. Acad. Handl., ser. 3, 12(2): 101 (1933)","Brazil, Paraguay","Brazil South, Paraguay",unknown,unknown,233191-2,http://www.plantsoftheworldonline.org/taxon/urn:lsid:ipni.org:names:233191-2
Asteraceae,Senecio,hilarianus,Senecio_hilarianus,Cabrera,Senecio hilarianus Cabrera,"Fl. Ilustr. Catarin., COMP: 202 (1975)",Brazil,Brazil South,unknown,unknown,233243-2,http://www.plantsoftheworldonline.org/taxon/urn:lsid:ipni.org:names:233243-2
Asteraceae,Senecio,mattfeldianus,Senecio_mattfeldianus,Cabrera,Senecio mattfeldianus Cabrera,Brittonia 7: 59 (1950),"Brazil, Uruguay","Brazil South, Uruguay",unknown,unknown,246274-1,http://www.plantsoftheworldonline.org/taxon/urn:lsid:ipni.org:names:246274-1
Asteraceae,Senecio,montevidensis,Senecio_montevidensis,(Spreng.) Baker,Senecio montevidensis (Spreng.) Baker,"C.F.P.von Martius &amp; auct. suc. (eds.), Fl. Bras. 6(3): 307 (1884)","Argentina, Brazil, Uruguay","Argentina Northeast, Argentina Northwest, Argentina South, Brazil South, Uruguay",unknown,unknown,246406-1,http://www.plantsoftheworldonline.org/taxon/urn:lsid:ipni.org:names:246406-1
Asteraceae,Senecio,oxyphyllus,Senecio_oxyphyllus,DC.,Senecio oxyphyllus DC.,Prodr. 6: 419 (1838),"Argentina, Brazil, Uruguay","Argentina Northeast, Brazil South, Uruguay",unknown,unknown,246699-1,http://www.plantsoftheworldonline.org/taxon/urn:lsid:ipni.org:names:246699-1
Asteraceae,Senecio,pulicarioides,Senecio_pulicarioides,Baker,Senecio pulicarioides Baker,"C.F.P.von Martius &amp; auct. suc. (eds.), Fl. Bras. 6(3): 312 (1884)",Brazil,Brazil South,unknown,unknown,247132-1,http://www.plantsoftheworldonline.org/taxon/urn:lsid:ipni.org:names:247132-1
Asteraceae,Senecio,vira-vira,Senecio_vira-vira,Hieron.,Senecio vira-vira Hieron.,Bol. Acad. Nac. Ci. 4: 354 (1882),"Argentina, Brazil, Uruguay","Argentina Northeast, Argentina Northwest, Argentina South, Brazil South, Uruguay",Mauritius,Mauritius,248213-1,http://www.plantsoftheworldonline.org/taxon/urn:lsid:ipni.org:names:248213-1
Asteraceae,Smallanthus,siegesbeckius,Smallanthus_siegesbeckius,(DC.) H.Rob.,Smallanthus siegesbeckius (DC.) H.Rob.,Phytologia 39: 51 (1978),"Bolivia, Brazil, Colombia, Paraguay, Peru","Bolivia, Brazil South, Brazil Southeast, Colombia, Paraguay, Peru",unknown,unknown,237509-2,http://www.plantsoftheworldonline.org/taxon/urn:lsid:ipni.org:names:237509-2
Asteraceae,Stevia,alexii,Stevia_alexii,G.S.S.Almeida & Carv.-Okano,Stevia alexii G.S.S.Almeida & Carv.-Okano,Kew Bull. 65: 258 (2010),Brazil,Brazil Southeast,unknown,unknown,77105286-1,http://www.plantsoftheworldonline.org/taxon/urn:lsid:ipni.org:names:77105286-1
Asteraceae,Stevia,balansae,Stevia_balansae,Hieron.,Stevia balansae Hieron.,Bot. Jahrb. Syst. 22: 739 (1897),"Brazil, Paraguay","Brazil South, Paraguay",unknown,unknown,245244-2,http://www.plantsoftheworldonline.org/taxon/urn:lsid:ipni.org:names:245244-2
Asteraceae,Stevia,menthifolia,Stevia_menthifolia,Sch.Bip.,Stevia menthifolia Sch.Bip.,Linnaea 25: 282 (1853),Brazil,"Brazil South, Brazil Southeast",unknown,unknown,251449-1,http://www.plantsoftheworldonline.org/taxon/urn:lsid:ipni.org:names:251449-1
Asteraceae,Stevia,regnellii,Stevia_regnellii,Sch.Bip.,Stevia regnellii Sch.Bip.,Linnaea 22: 572 (1849),Brazil,Brazil South,unknown,unknown,251541-1,http://www.plantsoftheworldonline.org/taxon/urn:lsid:ipni.org:names:251541-1
Asteraceae,Stevia,riedelii,Stevia_riedelii,Sch.Bip. ex Baker,Stevia riedelii Sch.Bip. ex Baker,"C.F.P.von Martius &amp; auct. suc. (eds.), Fl. Bras. 6(2): 204 (1876)",Brazil,Brazil Southeast,unknown,unknown,251546-1,http://www.plantsoftheworldonline.org/taxon/urn:lsid:ipni.org:names:251546-1
Asteraceae,Stevia,satureiifolium,Stevia_satureiifolium,(Lam.) Cav.,Stevia satureiifolium (Lam.) Cav.,Anales Ci. Nat. 6: 317 (1803),"Argentina, Brazil, Uruguay","Argentina Northeast, Argentina Northwest, Brazil South, Brazil Southeast, Uruguay",unknown,unknown,30030635-2,http://www.plantsoftheworldonline.org/taxon/urn:lsid:ipni.org:names:30030635-2
Asteraceae,Stevia,spathulata,Stevia_spathulata,Cabrera,Stevia spathulata Cabrera,Candollea 48: 520 (1993),"Brazil, Paraguay","Brazil South, Paraguay",unknown,unknown,306358-2,http://www.plantsoftheworldonline.org/taxon/urn:lsid:ipni.org:names:306358-2
Asteraceae,Stevia,tenuis,Stevia_tenuis,Hook. & Arn.,Stevia tenuis Hook. & Arn.,Compan. Bot. Mag. 1: 239 (1836),Brazil,Brazil South,unknown,unknown,251592-1,http://www.plantsoftheworldonline.org/taxon/urn:lsid:ipni.org:names:251592-1
Asteraceae,Stevia,urticifolia,Stevia_urticifolia,Thunb.,Stevia urticifolia Thunb.,Pl. Bras. 1: 13 (1817),"Bolivia, Brazil, Peru","Bolivia, Brazil Southeast, Brazil West-Central, Peru",unknown,unknown,251611-1,http://www.plantsoftheworldonline.org/taxon/urn:lsid:ipni.org:names:251611-1
Asteraceae,Stomatanthes,dyctiophyllus,Stomatanthes_dyctiophyllus,(DC.) H.Rob.,Stomatanthes dyctiophyllus (DC.) H.Rob.,Phytologia 20: 336 (1970),Brazil,"Brazil Southeast, Brazil West-Central",unknown,unknown,246392-2,http://www.plantsoftheworldonline.org/taxon/urn:lsid:ipni.org:names:246392-2
Asteraceae,Tagetes,ostenii,Tagetes_ostenii,Hicken,Tagetes ostenii Hicken,Physis (Buenos Aires) 1: 181 (1913),"Argentina, Bolivia, Brazil, Uruguay","Argentina South, Bolivia, Brazil South, Uruguay",unknown,unknown,249098-2,http://www.plantsoftheworldonline.org/taxon/urn:lsid:ipni.org:names:249098-2
Asteraceae,Taraxacum,fernandezianum,Taraxacum_fernandezianum,Dahlst.,Taraxacum fernandezianum Dahlst.,Nat. Hist. Juan Fernandez 2: 226 (1921),"Argentina, Brazil, Chile, Juan Fernandez Is.","Argentina Northwest, Argentina South, Brazil South, Chile Central, Juan Fernandez Is.",unknown,unknown,249541-2,http://www.plantsoftheworldonline.org/taxon/urn:lsid:ipni.org:names:249541-2
Asteraceae,Trichocline,minuana,Trichocline_minuana,E.Pasini,Trichocline minuana E.Pasini,Rodriguésia 71(e02202018): 2 (2020),"Brazil, Uruguay","Brazil South, Uruguay",unknown,unknown,77214832-1,http://www.plantsoftheworldonline.org/taxon/urn:lsid:ipni.org:names:77214832-1
Asteraceae,Trichogonia,chodatii,Trichogonia_chodatii,(Hassl.) R.M.King & H.Rob.,Trichogonia chodatii (Hassl.) R.M.King & H.Rob.,Phytologia 24: 178 (1972),"Brazil, Paraguay","Brazil South, Paraguay",unknown,unknown,257230-2,http://www.plantsoftheworldonline.org/taxon/urn:lsid:ipni.org:names:257230-2
Asteraceae,Tuberculocarpus,ruber,Tuberculocarpus_ruber,(Aristeg.) Pruski,Tuberculocarpus ruber (Aristeg.) Pruski,Novon 6: 416 (1996),"Brazil, Venezuela","Brazil North, Venezuela",unknown,unknown,993282-1,http://www.plantsoftheworldonline.org/taxon/urn:lsid:ipni.org:names:993282-1
Asteraceae,Verbesina,carangolensis,Verbesina_carangolensis,Olsen,Verbesina carangolensis Olsen,Brittonia 34: 282 (1982),Brazil,Brazil Southeast,unknown,unknown,263475-2,http://www.plantsoftheworldonline.org/taxon/urn:lsid:ipni.org:names:263475-2
Asteraceae,Verbesina,claussenii,Verbesina_claussenii,Sch.Bip. ex Baker,Verbesina claussenii Sch.Bip. ex Baker,"C.F.P.von Martius &amp; auct. suc. (eds.), Fl. Bras. 6(3): 212 (1884)",Brazil,Brazil Southeast,unknown,unknown,257355-1,http://www.plantsoftheworldonline.org/taxon/urn:lsid:ipni.org:names:257355-1
Asteraceae,Verbesina,pseudoclaussenii,Verbesina_pseudoclaussenii,D.J.N.Hind,Verbesina pseudoclaussenii D.J.N.Hind,Kew Bull. 49: 519 (1994),Brazil,Brazil Southeast,unknown,unknown,304192-2,http://www.plantsoftheworldonline.org/taxon/urn:lsid:ipni.org:names:304192-2
Asteraceae,Verbesina,subcordata,Verbesina_subcordata,DC.,Verbesina subcordata DC.,Prodr. 5: 614 (1836),"Argentina, Bolivia, Brazil, Paraguay, Uruguay","Argentina Northeast, Bolivia, Brazil South, Paraguay, Uruguay",unknown,unknown,257667-1,http://www.plantsoftheworldonline.org/taxon/urn:lsid:ipni.org:names:257667-1
Asteraceae,Vernonanthura,glandulosodentata,Vernonanthura_glandulosodentata,(Hieron.) G.Soares & Loeuille,Vernonanthura glandulosodentata (Hieron.) G.Soares & Loeuille,Phytotaxa 522: 142 (2021),Brazil,Brazil Southeast,unknown,unknown,77221456-1,http://www.plantsoftheworldonline.org/taxon/urn:lsid:ipni.org:names:77221456-1
Asteraceae,Vernonanthura,perangusta,Vernonanthura_perangusta,(Malme) A.J.Vega & Dematt.,Vernonanthura perangusta (Malme) A.J.Vega & Dematt.,Phytotaxa 8: 48 (2010),Brazil,Brazil South,unknown,unknown,77107079-1,http://www.plantsoftheworldonline.org/taxon/urn:lsid:ipni.org:names:77107079-1
Asteraceae,Vernonanthura,rubriramea,Vernonanthura_rubriramea,(Mart. ex DC.) Loeuille & P.N.Soares,Vernonanthura rubriramea (Mart. ex DC.) Loeuille & P.N.Soares,Phytoneuron 2015-9: 2 (2015),Brazil,"Brazil North, Brazil Southeast, Brazil West-Central",unknown,unknown,77146271-1,http://www.plantsoftheworldonline.org/taxon/urn:lsid:ipni.org:names:77146271-1
Asteraceae,Vernonanthura,schulziana,Vernonanthura_schulziana,(Cabrera) H.Rob.,Vernonanthura schulziana (Cabrera) H.Rob.,Phytologia 78: 386 (1995),"Argentina, Brazil","Argentina Northeast, Brazil South",unknown,unknown,985860-1,http://www.plantsoftheworldonline.org/taxon/urn:lsid:ipni.org:names:985860-1
Asteraceae,Vernonanthura,tweedieana,Vernonanthura_tweedieana,(Baker) H.Rob.,Vernonanthura tweedieana (Baker) H.Rob.,Phytologia 73: 74 (1992),"Argentina, Bolivia, Brazil, Paraguay","Argentina Northeast, Bolivia, Brazil Northeast, Brazil South, Brazil Southeast, Brazil West-Central, Paraguay",unknown,unknown,969234-1,http://www.plantsoftheworldonline.org/taxon/urn:lsid:ipni.org:names:969234-1
Asteraceae,Vernonanthura,warmingiana,Vernonanthura_warmingiana,Dematt.,Vernonanthura warmingiana Dematt.,Brittonia 58: 183 (2006),Brazil,Brazil Southeast,unknown,unknown,77077816-1,http://www.plantsoftheworldonline.org/taxon/urn:lsid:ipni.org:names:77077816-1
Asteraceae,Vernonia,ganevii,Vernonia_ganevii,D.J.N.Hind,Vernonia ganevii D.J.N.Hind,Kew Bull. 54: 905 (2000),Brazil,Brazil Northeast,unknown,unknown,319444-2,http://www.plantsoftheworldonline.org/taxon/urn:lsid:ipni.org:names:319444-2
Asteraceae,Vernonia,gertii,Vernonia_gertii,Dematt.,Vernonia gertii Dematt.,Taxon 52: 281 (2003),Brazil,Brazil West-Central,unknown,unknown,70028702-1,http://www.plantsoftheworldonline.org/taxon/urn:lsid:ipni.org:names:70028702-1
Asteraceae,Vernonia,recurvata,Vernonia_recurvata,G.M.Barroso,Vernonia recurvata G.M.Barroso,Arch. Jard. Bot. Rio de Janeiro 13: 12 (1954),Brazil,Brazil Southeast,unknown,unknown,264446-2,http://www.plantsoftheworldonline.org/taxon/urn:lsid:ipni.org:names:264446-2
Asteraceae,Wedelia,angustifolia,Wedelia_angustifolia,(Gardner) B.L.Turner,Wedelia angustifolia (Gardner) B.L.Turner,Phytologia 72: 391 (1992),Brazil,"Brazil Northeast, Brazil West-Central",unknown,unknown,963975-1,http://www.plantsoftheworldonline.org/taxon/urn:lsid:ipni.org:names:963975-1
Asteraceae,Wedelia,asperrima,Wedelia_asperrima,(Gardner) B.L.Turner,Wedelia asperrima (Gardner) B.L.Turner,Phytologia 72: 391 (1992),Brazil,Brazil North,unknown,unknown,963977-1,http://www.plantsoftheworldonline.org/taxon/urn:lsid:ipni.org:names:963977-1
Asteraceae,Wedelia,cardenasii,Wedelia_cardenasii,(H.Rob.) B.L.Turner,Wedelia cardenasii (H.Rob.) B.L.Turner,Phytologia 72: 391 (1992),"Bolivia, Brazil","Bolivia, Brazil West-Central",unknown,unknown,963988-1,http://www.plantsoftheworldonline.org/taxon/urn:lsid:ipni.org:names:963988-1
Asteraceae,Wedelia,elliptica,Wedelia_elliptica,(DC.) B.L.Turner,Wedelia elliptica (DC.) B.L.Turner,Phytologia 72: 392 (1992),Brazil,Brazil West-Central,unknown,unknown,963994-1,http://www.plantsoftheworldonline.org/taxon/urn:lsid:ipni.org:names:963994-1
Asteraceae,Wedelia,frioana,Wedelia_frioana,B.L.Turner,Wedelia frioana B.L.Turner,Phytologia 72: 392 (1992),Brazil,Brazil Southeast,unknown,unknown,961777-1,http://www.plantsoftheworldonline.org/taxon/urn:lsid:ipni.org:names:961777-1
Asteraceae,Wedelia,gardneri,Wedelia_gardneri,B.L.Turner,Wedelia gardneri B.L.Turner,Phytologia 72: 392 (1992),Brazil,Brazil West-Central,unknown,unknown,961779-1,http://www.plantsoftheworldonline.org/taxon/urn:lsid:ipni.org:names:961779-1
Asteraceae,Wedelia,martii,Wedelia_martii,(Baker) B.L.Turner,Wedelia martii (Baker) B.L.Turner,Phytologia 72: 393 (1992),Brazil,"Brazil Northeast, Brazil Southeast",unknown,unknown,964009-1,http://www.plantsoftheworldonline.org/taxon/urn:lsid:ipni.org:names:964009-1
Asteraceae,Wedelia,montevidensis,Wedelia_montevidensis,(Spreng.) B.L.Turner,Wedelia montevidensis (Spreng.) B.L.Turner,Phytologia 72: 393 (1992),"Argentina, Brazil, Paraguay, Uruguay","Argentina Northeast, Argentina Northwest, Brazil Northeast, Brazil South, Brazil Southeast, Brazil West-Central, Paraguay, Uruguay",unknown,unknown,964010-1,http://www.plantsoftheworldonline.org/taxon/urn:lsid:ipni.org:names:964010-1
Asteraceae,Wedelia,serrulata,Wedelia_serrulata,(Baker) B.L.Turner,Wedelia serrulata (Baker) B.L.Turner,Phytologia 72: 394 (1992),Brazil,Brazil Southeast,unknown,unknown,964028-1,http://www.plantsoftheworldonline.org/taxon/urn:lsid:ipni.org:names:964028-1
Asteraceae,Wedelia,tomentosa,Wedelia_tomentosa,(Baker) B.L.Turner,Wedelia tomentosa (Baker) B.L.Turner,Phytologia 72: 395 (1992),Brazil,"Brazil Southeast, Brazil West-Central",unknown,unknown,964034-1,http://www.plantsoftheworldonline.org/taxon/urn:lsid:ipni.org:names:964034-1
Asteraceae,Wunderlichia,cruelsiana,Wunderlichia_cruelsiana,Taub.,Wunderlichia cruelsiana Taub.,Bot. Jahrb. Syst. 21: 456 (1896),Brazil,"Brazil North, Brazil Northeast, Brazil West-Central",unknown,unknown,260740-1,http://www.plantsoftheworldonline.org/taxon/urn:lsid:ipni.org:names:260740-1
Asteraceae,Xanthium,orientale,Xanthium_orientale,L.,Xanthium orientale L.,"Sp. Pl., ed. 2.: 1400 (1763)","Argentina, Bolivia, Brazil, Cambodia, Canada, Chile, District of Columbia, Mexico, Paraguay, Peru, Quebec, Rhode I., United States, Uruguay","Alabama, Alaska, Alberta, Argentina Northeast, Argentina Northwest, Argentina South, Arizona, Arkansas, Bolivia, Brazil Northeast, Brazil South, Brazil Southeast, British Columbia, California, Cambodia, Chile Central, Chile North, Colorado, Connecticut, Delaware, District of Columbia, Florida, Georgia, Idaho, Illinois, Indiana, Iowa, Kansas, Kentucky, Louisiana, Maine, Manitoba, Maryland, Massachusetts, Mexico Central, Mexico Gulf, Mexico Northeast, Mexico Northwest, Mexico Southeast, Mexico Southwest, Michigan, Minnesota, Mississippi, Missouri, Montana, Nebraska, Nevada, New Brunswick, New Hampshire, New Jersey, New Mexico, New York, North Carolina, North Dakota, Nova Scotia, Ohio, Oklahoma, Ontario, Oregon, Paraguay, Pennsylvania, Peru, Prince Edward I., Quebec, Rhode I., Saskatchewan, South Carolina, South Dakota, Tennessee, Texas, Uruguay, Utah, Vermont, Virginia, Washington, West Virginia, Wisconsin, Wyoming","Afghanistan, Albania, Algeria, Armenia, Azerbaijan, Georgia, Austria, Azores, Bangladesh, Belarus, Belgium, Bosnia and Herzegovina, Croatia, Macedonia, Montenegro, Serbia, Slovenia, Botswana, Brazil, Bulgaria, Colombia, Cuba, Cyprus, Czech Republic, Slovakia, Dominican Republic, Egypt, Estonia, Latvia, Lithuania, Russia, France, Germany, Greece, Haiti, Hungary, India, India, Pakistan, Iraq, Italy, Jamaica, Kazakhstan, Uzbekistan, Kirgizstan, Lebanon, Syria, Leeward Is., Lesotho, Libya, Madeira, Marquesas, Moldova, Ukraine, Mongolia, Morocco, Netherlands, North Korea, South Korea, Palestina, Israel, Jordan, Poland, Portugal, Puerto Rico, Romania, Russia, Society Is., South Africa, Spain, Sri Lanka, Swaziland, Switzerland, Tajikistan, Thailand, Tuamotu, Tunisia, Turkey, Ukraine, United Kingdom, Uzbekistan, Venezuela, Zimbabwe","Afghanistan, Albania, Algeria, Altay, Amur, Assam, Austria, Azores, Baleares, Baltic States, Bangladesh, Belarus, Belgium, Botswana, Brazil North, Bulgaria, Canary Is., Cape Provinces, Central European Rus, Chita, Colombia, Corse, Cuba, Cyprus, Czechoslovakia, Dominican Republic, East Aegean Is., East European Russia, Egypt, France, Free State, Germany, Great Britain, Greece, Haiti, Hungary, India, Iraq, Italy, Jamaica, Kazakhstan, Khabarovsk, Kirgizstan, Korea, Krasnoyarsk, Kriti, Krym, Kuril Is., KwaZulu-Natal, Lebanon-Syria, Leeward Is., Lesotho, Libya, Madeira, Marquesas, Mongolia, Morocco, Netherlands, North Caucasus, North European Russi, Northern Provinces, Northwest European R, Palestine, Poland, Portugal, Primorye, Puerto Rico, Romania, Sakhalin, Sardegna, Sicilia, Sinai, Society Is., South European Russi, Spain, Sri Lanka, Swaziland, Switzerland, Tadzhikistan, Thailand, Transcaucasus, Tuamotu, Tunisia, Turkey, Turkey-in-Europe, Ukraine, Uzbekistan, Venezuela, West Himalaya, West Siberia, Yugoslavia, Zimbabwe",260872-1,http://www.plantsoftheworldonline.org/taxon/urn:lsid:ipni.org:names:260872-1
