family,genus,species,taxon_name,authors,scientific_name,publication,native_to_country,native_to_botanical_countries,introduced_to_country,introduced_to_botanical_countries,kew_id,powo_uri
Melastomataceae,Acisanthera,hedyotoidea,Acisanthera_hedyotoidea,Triana,Acisanthera hedyotoidea Triana,Trans. Linn. Soc. London 28: 33 (1871 publ. 1872),"Brazil, Colombia, Guyana, Suriname, Venezuela","Brazil North, Brazil Northeast, Colombia, Guyana, Suriname, Venezuela",unknown,unknown,566026-1,http://www.plantsoftheworldonline.org/taxon/urn:lsid:ipni.org:names:566026-1
Melastomataceae,Acisanthera,saxatilis,Acisanthera_saxatilis,Almeda & R.B.Pacifico,Acisanthera saxatilis Almeda & R.B.Pacifico,Acta Bot. Brasil. 36(e2021abb0281): 2 (2022),Brazil,Brazil West-Central,unknown,unknown,77299428-1,http://www.plantsoftheworldonline.org/taxon/urn:lsid:ipni.org:names:77299428-1
Melastomataceae,Adelobotrys,acreanus,Adelobotrys_acreanus,Wurdack,Adelobotrys acreanus Wurdack,Phytologia 24: 195 (1972),"Brazil, Peru","Brazil North, Peru",unknown,unknown,4218-2,http://www.plantsoftheworldonline.org/taxon/urn:lsid:ipni.org:names:4218-2
Melastomataceae,Adelobotrys,atlanticus,Adelobotrys_atlanticus,Schulman,Adelobotrys atlanticus Schulman,Kew Bull. 63: 457 (2009),Brazil,Brazil Northeast,unknown,unknown,77095638-1,http://www.plantsoftheworldonline.org/taxon/urn:lsid:ipni.org:names:77095638-1
Melastomataceae,Adelobotrys,barbatus,Adelobotrys_barbatus,Triana,Adelobotrys barbatus Triana,Trans. Linn. Soc. London 28: 68 (1871 publ. 1872),"Brazil, Colombia, Venezuela","Brazil North, Colombia, Venezuela",unknown,unknown,566052-1,http://www.plantsoftheworldonline.org/taxon/urn:lsid:ipni.org:names:566052-1
Melastomataceae,Adelobotrys,ciliatus,Adelobotrys_ciliatus,Triana,Adelobotrys ciliatus Triana,Trans. Linn. Soc. London 28: 68 (1871 publ. 1872),"Brazil, Colombia, French Guiana, Suriname, Venezuela","Brazil North, Colombia, French Guiana, Suriname, Venezuela",unknown,unknown,566054-1,http://www.plantsoftheworldonline.org/taxon/urn:lsid:ipni.org:names:566054-1
Melastomataceae,Adelobotrys,linearifolius,Adelobotrys_linearifolius,L.Uribe,Adelobotrys linearifolius L.Uribe,Caldasia 9: 295 (1966),"Brazil, Colombia, Venezuela","Brazil North, Colombia, Venezuela",unknown,unknown,4229-2,http://www.plantsoftheworldonline.org/taxon/urn:lsid:ipni.org:names:4229-2
Melastomataceae,Adelobotrys,macrophyllus,Adelobotrys_macrophyllus,Pilg.,Adelobotrys macrophyllus Pilg.,Verh. Bot. Vereins Prov. Brandenburg 47: 165 (1905),"Bolivia, Brazil, Colombia, Peru","Bolivia, Brazil North, Colombia, Peru",unknown,unknown,4231-2,http://www.plantsoftheworldonline.org/taxon/urn:lsid:ipni.org:names:4231-2
Melastomataceae,Adelobotrys,marginatus,Adelobotrys_marginatus,Brade,Adelobotrys marginatus Brade,Publ. Inst. Nac. Pesq. Amazônia Bot. 8: 14 (1958),"Brazil, Colombia, Peru","Brazil North, Colombia, Peru",unknown,unknown,4232-2,http://www.plantsoftheworldonline.org/taxon/urn:lsid:ipni.org:names:4232-2
Melastomataceae,Adelobotrys,rachidotrichus,Adelobotrys_rachidotrichus,Brade,Adelobotrys rachidotrichus Brade,Publ. Inst. Nac. Pesq. Amazônia Bot. 8: 12 (1958),Brazil,Brazil North,unknown,unknown,4239-2,http://www.plantsoftheworldonline.org/taxon/urn:lsid:ipni.org:names:4239-2
Melastomataceae,Adelobotrys,rotundifolius,Adelobotrys_rotundifolius,Triana,Adelobotrys rotundifolius Triana,Trans. Linn. Soc. London 28: 68 (1871 publ. 1872),"Bolivia, Brazil, Colombia, Peru, Venezuela","Bolivia, Brazil North, Colombia, Peru, Venezuela",unknown,unknown,566072-1,http://www.plantsoftheworldonline.org/taxon/urn:lsid:ipni.org:names:566072-1
Melastomataceae,Adelobotrys,spruceanus,Adelobotrys_spruceanus,Cogn.,Adelobotrys spruceanus Cogn.,"C.F.P.von Martius &amp; auct. suc. (eds.), Fl. Bras. 14(4): 18 (1886)","Brazil, Colombia, French Guiana, Venezuela","Brazil North, Colombia, French Guiana, Venezuela",unknown,unknown,4241-2,http://www.plantsoftheworldonline.org/taxon/urn:lsid:ipni.org:names:4241-2
Melastomataceae,Bertolonia,paranensis,Bertolonia_paranensis,(Wurd.) Baumgratz,Bertolonia paranensis (Wurd.) Baumgratz,Arch. Jard. Bot. Rio de Janeiro 30: 140 (1989-1990 publ. 1991),Brazil,"Brazil South, Brazil Southeast",unknown,unknown,962802-1,http://www.plantsoftheworldonline.org/taxon/urn:lsid:ipni.org:names:962802-1
Melastomataceae,Henriettea,fascicularis,Henriettea_fascicularis,(Sw.) M.Gómez,Henriettea fascicularis (Sw.) M.Gómez,Anales Soc. Esp. Hist. Nat. 23: 68 (1894),"Belize, Bolivia, Brazil, Colombia, Costa Rica, Cuba, Dominican Republic, Ecuador, Guatemala, Haiti, Honduras, Jamaica, Mexico, Nicaragua, Panama, Peru, Puerto Rico, Venezuela","Belize, Bolivia, Brazil North, Colombia, Costa Rica, Cuba, Dominican Republic, Ecuador, Guatemala, Haiti, Honduras, Jamaica, Mexico Southeast, Mexico Southwest, Nicaragua, Panama, Peru, Puerto Rico, Venezuela",unknown,unknown,120331-2,http://www.plantsoftheworldonline.org/taxon/urn:lsid:ipni.org:names:120331-2
Melastomataceae,Henriettea,umbelluliflora,Henriettea_umbelluliflora,"(Triana) M.A.Yamam., J.F.B.Pastore & R.Goldenb.","Henriettea umbelluliflora (Triana) M.A.Yamam., J.F.B.Pastore & R.Goldenb.",Phytotaxa 539: 220 (2022),Brazil,Brazil Southeast,unknown,unknown,77296016-1,http://www.plantsoftheworldonline.org/taxon/urn:lsid:ipni.org:names:77296016-1
Melastomataceae,Henriettea,williamsii,Henriettea_williamsii,"(Pittier) Penneys, Michelang., Judd & Almeda","Henriettea williamsii (Pittier) Penneys, Michelang., Judd & Almeda",Syst. Bot. 35: 798 (2010),"Brazil, Venezuela","Brazil North, Venezuela",unknown,unknown,77112317-1,http://www.plantsoftheworldonline.org/taxon/urn:lsid:ipni.org:names:77112317-1
Melastomataceae,Huberia,souza-limae,Huberia_souza-limae,(Brade) Bochorny & R.Goldenb.,Huberia souza-limae (Brade) Bochorny & R.Goldenb.,Bot. J. Linn. Soc. 190: 299 (2019),Brazil,Brazil Southeast,unknown,unknown,77201625-1,http://www.plantsoftheworldonline.org/taxon/urn:lsid:ipni.org:names:77201625-1
Melastomataceae,Meriania,crassiramis,Meriania_crassiramis,(Naudin) Wurdack,Meriania crassiramis (Naudin) Wurdack,Brittonia 39: 159 (1987),"Brazil, Guyana, Venezuela","Brazil North, Guyana, Venezuela",unknown,unknown,280793-2,http://www.plantsoftheworldonline.org/taxon/urn:lsid:ipni.org:names:280793-2
Melastomataceae,Miconia,amapaensis,Miconia_amapaensis,R.Goldenb. & Hinoshita,Miconia amapaensis R.Goldenb. & Hinoshita,Brittonia 69: 535 (2017),"Brazil, French Guiana","Brazil North, French Guiana",unknown,unknown,77177651-1,http://www.plantsoftheworldonline.org/taxon/urn:lsid:ipni.org:names:77177651-1
Melastomataceae,Miconia,castaneifolia,Miconia_castaneifolia,Naudin,Miconia castaneifolia Naudin,"Ann. Sci. Nat., Bot., sér. 3, 16: 132 (1851 publ. 1850)",Brazil,Brazil Southeast,unknown,unknown,572249-1,http://www.plantsoftheworldonline.org/taxon/urn:lsid:ipni.org:names:572249-1
Melastomataceae,Miconia,chimantensis,Miconia_chimantensis,(Wurdack) Michelang.,Miconia chimantensis (Wurdack) Michelang.,Brittonia 71: 90 (2018),"Brazil, Guyana, Venezuela","Brazil North, Guyana, Venezuela",unknown,unknown,77207396-1,http://www.plantsoftheworldonline.org/taxon/urn:lsid:ipni.org:names:77207396-1
Melastomataceae,Miconia,cottoniana,Miconia_cottoniana,Michelang.,Miconia cottoniana Michelang.,Brittonia 71: 92 (2018),"Brazil, Colombia, Ecuador","Brazil North, Colombia, Ecuador",unknown,unknown,77207744-1,http://www.plantsoftheworldonline.org/taxon/urn:lsid:ipni.org:names:77207744-1
Melastomataceae,Miconia,crenulata,Miconia_crenulata,(Gleason) Michelang.,Miconia crenulata (Gleason) Michelang.,Brittonia 71: 92 (2018),"Belize, Brazil, Colombia, Costa Rica, Ecuador, Guatemala, Honduras, Nicaragua, Panama, Venezuela","Belize, Brazil North, Colombia, Costa Rica, Ecuador, Guatemala, Honduras, Nicaragua, Panama, Venezuela",unknown,unknown,77207399-1,http://www.plantsoftheworldonline.org/taxon/urn:lsid:ipni.org:names:77207399-1
Melastomataceae,Miconia,elaeodendrum,Miconia_elaeodendrum,(DC.) Naudin,Miconia elaeodendrum (DC.) Naudin,"Ann. Sci. Nat., Bot., sér. 3, 16: 244 (1851 publ. 1850)",Brazil,Brazil Southeast,unknown,unknown,572432-1,http://www.plantsoftheworldonline.org/taxon/urn:lsid:ipni.org:names:572432-1
Melastomataceae,Miconia,glandulifera,Miconia_glandulifera,Cogn.,Miconia glandulifera Cogn.,"A.L.P.de Candolle &amp; A.C.P.de Candolle, Monogr. Phan. 7: 737 (1891)","Brazil, Peru","Brazil North, Peru",unknown,unknown,159107-2,http://www.plantsoftheworldonline.org/taxon/urn:lsid:ipni.org:names:159107-2
Melastomataceae,Miconia,grandiflora,Miconia_grandiflora,Cogn.,Miconia grandiflora Cogn.,Bot. Jahrb. Syst. 8: 25 (1886),"Brazil, Colombia","Brazil North, Colombia",unknown,unknown,159125-2,http://www.plantsoftheworldonline.org/taxon/urn:lsid:ipni.org:names:159125-2
Melastomataceae,Miconia,japurensis,Miconia_japurensis,Cogn.,Miconia japurensis Cogn.,Bol. Mus. Goeldi Hist. Nat. Ethnogr. 5: 253 (1909),Brazil,Brazil North,unknown,unknown,159214-2,http://www.plantsoftheworldonline.org/taxon/urn:lsid:ipni.org:names:159214-2
Melastomataceae,Miconia,maximilianea,Miconia_maximilianea,DC.,Miconia maximilianea DC.,Prodr. 3: 186 (1828),Brazil,Brazil Northeast,unknown,unknown,572750-1,http://www.plantsoftheworldonline.org/taxon/urn:lsid:ipni.org:names:572750-1
Melastomataceae,Miconia,mendoncaei,Miconia_mendoncaei,Cogn.,Miconia mendoncaei Cogn.,"A.L.P.de Candolle &amp; A.C.P.de Candolle, Monogr. Phan. 7: 772 (1891)",Brazil,Brazil Southeast,unknown,unknown,159353-2,http://www.plantsoftheworldonline.org/taxon/urn:lsid:ipni.org:names:159353-2
Melastomataceae,Miconia,neoepiphyitca,Miconia_neoepiphyitca,Michelang.,Miconia neoepiphyitca Michelang.,Brittonia 71: 106 (2018),"Bolivia, Brazil, Colombia, Costa Rica, Ecuador, French Guiana, Guatemala, Honduras, Panama, Peru, Venezuela","Bolivia, Brazil North, Colombia, Costa Rica, Ecuador, French Guiana, Guatemala, Honduras, Panama, Peru, Venezuela",unknown,unknown,77207810-1,http://www.plantsoftheworldonline.org/taxon/urn:lsid:ipni.org:names:77207810-1
Melastomataceae,Miconia,polyadena,Miconia_polyadena,(Ule) R.Goldenb. & Michelang.,Miconia polyadena (Ule) R.Goldenb. & Michelang.,Brittonia 71: 109 (2018),"Brazil, Guyana, Venezuela","Brazil North, Guyana, Venezuela",unknown,unknown,77207588-1,http://www.plantsoftheworldonline.org/taxon/urn:lsid:ipni.org:names:77207588-1
Melastomataceae,Miconia,santos-limae,Miconia_santos-limae,(Brade) R.Goldenb.,Miconia santos-limae (Brade) R.Goldenb.,Brittonia 71: 112 (2018),Brazil,Brazil Southeast,unknown,unknown,77207625-1,http://www.plantsoftheworldonline.org/taxon/urn:lsid:ipni.org:names:77207625-1
Melastomataceae,Miconia,trichocalyx,Miconia_trichocalyx,(Pittier) Michelang. & Judd,Miconia trichocalyx (Pittier) Michelang. & Judd,Brittonia 72: 403 (2020),"Belize, Bolivia, Brazil, Colombia, Costa Rica, Ecuador, French Guiana, Guatemala, Honduras, Jamaica, Mexico, Nicaragua, Panama, Peru, Suriname, Venezuela","Belize, Bolivia, Brazil North, Colombia, Costa Rica, Ecuador, French Guiana, Guatemala, Honduras, Jamaica, Mexico Southeast, Mexico Southwest, Nicaragua, Panama, Peru, Suriname, Venezuela",unknown,unknown,77214983-1,http://www.plantsoftheworldonline.org/taxon/urn:lsid:ipni.org:names:77214983-1
Melastomataceae,Miconia,venulosa,Miconia_venulosa,Wurdack,Miconia venulosa Wurdack,Phytologia 9: 420 (1964),"Brazil, Ecuador, Peru","Brazil North, Ecuador, Peru",unknown,unknown,159914-2,http://www.plantsoftheworldonline.org/taxon/urn:lsid:ipni.org:names:159914-2
Melastomataceae,Miconia,virescens,Miconia_virescens,(Vahl) Triana,Miconia virescens (Vahl) Triana,Trans. Linn. Soc. London 28: 107 (1871 publ. 1872),"Brazil, Colombia, Trinidad-Tobago, Venezuela","Brazil North, Colombia, Trinidad-Tobago, Venezuela",unknown,unknown,1107825-2,http://www.plantsoftheworldonline.org/taxon/urn:lsid:ipni.org:names:1107825-2
Melastomataceae,Microlicia,acuminifolia,Microlicia_acuminifolia,Versiane & R.Romero,Microlicia acuminifolia Versiane & R.Romero,Bot. J. Linn. Soc. 197: 52 (2021),Brazil,Brazil Southeast,unknown,unknown,77219778-1,http://www.plantsoftheworldonline.org/taxon/urn:lsid:ipni.org:names:77219778-1
Melastomataceae,Microlicia,adamantium,Microlicia_adamantium,(Pedersoli) Versiane & R.Romero,Microlicia adamantium (Pedersoli) Versiane & R.Romero,Bot. J. Linn. Soc. 197: 52 (2021),Brazil,Brazil Southeast,unknown,unknown,77219779-1,http://www.plantsoftheworldonline.org/taxon/urn:lsid:ipni.org:names:77219779-1
Melastomataceae,Microlicia,alba,Microlicia_alba,(DC.) Versiane & R.Romero,Microlicia alba (DC.) Versiane & R.Romero,Bot. J. Linn. Soc. 197: 52 (2021),Brazil,"Brazil Northeast, Brazil Southeast",unknown,unknown,77219780-1,http://www.plantsoftheworldonline.org/taxon/urn:lsid:ipni.org:names:77219780-1
Melastomataceae,Microlicia,albiflora,Microlicia_albiflora,(Naudin) Versiane & R.Romero,Microlicia albiflora (Naudin) Versiane & R.Romero,Bot. J. Linn. Soc. 197: 52 (2021),Brazil,Brazil Southeast,unknown,unknown,77219781-1,http://www.plantsoftheworldonline.org/taxon/urn:lsid:ipni.org:names:77219781-1
Melastomataceae,Microlicia,altoparaisensis,Microlicia_altoparaisensis,"(R.B.Pacifico, Almeda & Fidanza) Versiane & R.Romero","Microlicia altoparaisensis (R.B.Pacifico, Almeda & Fidanza) Versiane & R.Romero",Bot. J. Linn. Soc. 197: 52 (2021),Brazil,Brazil West-Central,unknown,unknown,77219782-1,http://www.plantsoftheworldonline.org/taxon/urn:lsid:ipni.org:names:77219782-1
Melastomataceae,Microlicia,angustifolia,Microlicia_angustifolia,(Cogn.) Versiane & R.Romero,Microlicia angustifolia (Cogn.) Versiane & R.Romero,Bot. J. Linn. Soc. 197: 52 (2021),Brazil,Brazil Southeast,unknown,unknown,77219783-1,http://www.plantsoftheworldonline.org/taxon/urn:lsid:ipni.org:names:77219783-1
Melastomataceae,Microlicia,arachnoidea,Microlicia_arachnoidea,(Almeda & A.B.Martins) Versiane & R.Romero,Microlicia arachnoidea (Almeda & A.B.Martins) Versiane & R.Romero,Bot. J. Linn. Soc. 197: 52 (2021),Brazil,Brazil West-Central,unknown,unknown,77219784-1,http://www.plantsoftheworldonline.org/taxon/urn:lsid:ipni.org:names:77219784-1
Melastomataceae,Microlicia,armata,Microlicia_armata,(Spreng.) Versiane & R.Romero,Microlicia armata (Spreng.) Versiane & R.Romero,Bot. J. Linn. Soc. 197: 52 (2021),Brazil,"Brazil Northeast, Brazil South, Brazil Southeast, Brazil West-Central",unknown,unknown,77219785-1,http://www.plantsoftheworldonline.org/taxon/urn:lsid:ipni.org:names:77219785-1
Melastomataceae,Microlicia,australis,Microlicia_australis,(Naudin) Baill.,Microlicia australis (Naudin) Baill.,Hist. Pl. 7: 9 (1877),Brazil,"Brazil South, Brazil Southeast",unknown,unknown,573440-1,http://www.plantsoftheworldonline.org/taxon/urn:lsid:ipni.org:names:573440-1
Melastomataceae,Microlicia,barretoana,Microlicia_barretoana,"R.B.Pacifico, Almeda & Fidanza","Microlicia barretoana R.B.Pacifico, Almeda & Fidanza",Brittonia 73: 107 (2021),Brazil,Brazil Southeast,unknown,unknown,77219753-1,http://www.plantsoftheworldonline.org/taxon/urn:lsid:ipni.org:names:77219753-1
Melastomataceae,Microlicia,belinelloi,Microlicia_belinelloi,(A.B.Martins & Almeda) Versiane & R.Romero,Microlicia belinelloi (A.B.Martins & Almeda) Versiane & R.Romero,Bot. J. Linn. Soc. 197: 52 (2021),Brazil,Brazil Southeast,unknown,unknown,77219799-1,http://www.plantsoftheworldonline.org/taxon/urn:lsid:ipni.org:names:77219799-1
Melastomataceae,Microlicia,calycina,Microlicia_calycina,(Cham.) Versiane & R.Romero,Microlicia calycina (Cham.) Versiane & R.Romero,Bot. J. Linn. Soc. 197: 52 (2021),Brazil,Brazil Southeast,unknown,unknown,77219800-1,http://www.plantsoftheworldonline.org/taxon/urn:lsid:ipni.org:names:77219800-1
Melastomataceae,Microlicia,caryophyllea,Microlicia_caryophyllea,(Naudin) Versiane & R.Romero,Microlicia caryophyllea (Naudin) Versiane & R.Romero,Bot. J. Linn. Soc. 197: 52 (2021),Brazil,Brazil Southeast,unknown,unknown,77219801-1,http://www.plantsoftheworldonline.org/taxon/urn:lsid:ipni.org:names:77219801-1
Melastomataceae,Microlicia,cataphracta,Microlicia_cataphracta,(DC.) Versiane & R.Romero,Microlicia cataphracta (DC.) Versiane & R.Romero,Bot. J. Linn. Soc. 197: 52 (2021),Brazil,"Brazil Northeast, Brazil South, Brazil Southeast, Brazil West-Central",unknown,unknown,77219802-1,http://www.plantsoftheworldonline.org/taxon/urn:lsid:ipni.org:names:77219802-1
Melastomataceae,Microlicia,chamissoana,Microlicia_chamissoana,(Naudin) Versiane & R.Romero,Microlicia chamissoana (Naudin) Versiane & R.Romero,Bot. J. Linn. Soc. 197: 53 (2021),Brazil,Brazil Southeast,unknown,unknown,77219803-1,http://www.plantsoftheworldonline.org/taxon/urn:lsid:ipni.org:names:77219803-1
Melastomataceae,Microlicia,congestiflora,Microlicia_congestiflora,Versiane & R.Romero,Microlicia congestiflora Versiane & R.Romero,Bot. J. Linn. Soc. 197: 53 (2021),Brazil,Brazil Southeast,unknown,unknown,77219804-1,http://www.plantsoftheworldonline.org/taxon/urn:lsid:ipni.org:names:77219804-1
Melastomataceae,Microlicia,cordifolia,Microlicia_cordifolia,Versiane & R.Romero,Microlicia cordifolia Versiane & R.Romero,Bot. J. Linn. Soc. 197: 53 (2021),Brazil,Brazil Southeast,unknown,unknown,77219805-1,http://www.plantsoftheworldonline.org/taxon/urn:lsid:ipni.org:names:77219805-1
Melastomataceae,Microlicia,crassifolia,Microlicia_crassifolia,(DC.) Versiane & R.Romero,Microlicia crassifolia (DC.) Versiane & R.Romero,Bot. J. Linn. Soc. 197: 53 (2021),Brazil,Brazil Southeast,unknown,unknown,77219806-1,http://www.plantsoftheworldonline.org/taxon/urn:lsid:ipni.org:names:77219806-1
Melastomataceae,Microlicia,curtiana,Microlicia_curtiana,Versiane & R.Romero,Microlicia curtiana Versiane & R.Romero,Bot. J. Linn. Soc. 197: 53 (2021),Brazil,Brazil Southeast,unknown,unknown,77219807-1,http://www.plantsoftheworldonline.org/taxon/urn:lsid:ipni.org:names:77219807-1
Melastomataceae,Microlicia,daviesiana,Microlicia_daviesiana,(Almeda & A.B.Martins) Versiane & R.Romero,Microlicia daviesiana (Almeda & A.B.Martins) Versiane & R.Romero,Bot. J. Linn. Soc. 197: 53 (2021),Brazil,Brazil Southeast,unknown,unknown,77219808-1,http://www.plantsoftheworldonline.org/taxon/urn:lsid:ipni.org:names:77219808-1
Melastomataceae,Microlicia,fastigiata,Microlicia_fastigiata,(Naudin) Versiane & R.Romero,Microlicia fastigiata (Naudin) Versiane & R.Romero,Bot. J. Linn. Soc. 197: 53 (2021),Brazil,Brazil Southeast,unknown,unknown,77219809-1,http://www.plantsoftheworldonline.org/taxon/urn:lsid:ipni.org:names:77219809-1
Melastomataceae,Microlicia,firmula,Microlicia_firmula,(DC.) Versiane & R.Romero,Microlicia firmula (DC.) Versiane & R.Romero,Bot. J. Linn. Soc. 197: 53 (2021),Brazil,Brazil Southeast,unknown,unknown,77219810-1,http://www.plantsoftheworldonline.org/taxon/urn:lsid:ipni.org:names:77219810-1
Melastomataceae,Microlicia,flaviflora,Microlicia_flaviflora,Versiane & R.Romero,Microlicia flaviflora Versiane & R.Romero,Bot. J. Linn. Soc. 197: 53 (2021),Brazil,Brazil Southeast,unknown,unknown,77219811-1,http://www.plantsoftheworldonline.org/taxon/urn:lsid:ipni.org:names:77219811-1
Melastomataceae,Microlicia,flavipetala,Microlicia_flavipetala,Versiane & R.Romero,Microlicia flavipetala Versiane & R.Romero,Bot. J. Linn. Soc. 197: 53 (2021),Brazil,Brazil West-Central,unknown,unknown,77219812-1,http://www.plantsoftheworldonline.org/taxon/urn:lsid:ipni.org:names:77219812-1
Melastomataceae,Microlicia,gentianoides,Microlicia_gentianoides,(DC.) Versiane & R.Romero,Microlicia gentianoides (DC.) Versiane & R.Romero,Bot. J. Linn. Soc. 197: 53 (2021),Brazil,"Brazil Northeast, Brazil Southeast",unknown,unknown,77219813-1,http://www.plantsoftheworldonline.org/taxon/urn:lsid:ipni.org:names:77219813-1
Melastomataceae,Microlicia,glandulifolia,Microlicia_glandulifolia,Versiane & R.Romero,Microlicia glandulifolia Versiane & R.Romero,Bot. J. Linn. Soc. 197: 53 (2021),Brazil,Brazil Southeast,unknown,unknown,77219814-1,http://www.plantsoftheworldonline.org/taxon/urn:lsid:ipni.org:names:77219814-1
Melastomataceae,Microlicia,glaziovii,Microlicia_glaziovii,(Cogn.) Versiane & R.Romero,Microlicia glaziovii (Cogn.) Versiane & R.Romero,Bot. J. Linn. Soc. 197: 53 (2021),Brazil,Brazil Southeast,unknown,unknown,77219815-1,http://www.plantsoftheworldonline.org/taxon/urn:lsid:ipni.org:names:77219815-1
Melastomataceae,Microlicia,hexapetala,Microlicia_hexapetala,"(D.Nunes, D.O.Diniz, Koschn. & M.J.Silva) Versiane & R.Romero","Microlicia hexapetala (D.Nunes, D.O.Diniz, Koschn. & M.J.Silva) Versiane & R.Romero",Bot. J. Linn. Soc. 197: 53 (2021),Brazil,Brazil West-Central,unknown,unknown,77219816-1,http://www.plantsoftheworldonline.org/taxon/urn:lsid:ipni.org:names:77219816-1
Melastomataceae,Microlicia,hilairei,Microlicia_hilairei,Versiane & R.Romero,Microlicia hilairei Versiane & R.Romero,Bot. J. Linn. Soc. 197: 53 (2021),Brazil,Brazil Southeast,unknown,unknown,77219817-1,http://www.plantsoftheworldonline.org/taxon/urn:lsid:ipni.org:names:77219817-1
Melastomataceae,Microlicia,inermis,Microlicia_inermis,(Naudin) Versiane & R.Romero,Microlicia inermis (Naudin) Versiane & R.Romero,Bot. J. Linn. Soc. 197: 53 (2021),Brazil,Brazil Southeast,unknown,unknown,77219818-1,http://www.plantsoftheworldonline.org/taxon/urn:lsid:ipni.org:names:77219818-1
Melastomataceae,Microlicia,inversa,Microlicia_inversa,"(Fidanza, A.B.Martins & Almeda) Versiane & R.Romero","Microlicia inversa (Fidanza, A.B.Martins & Almeda) Versiane & R.Romero",Bot. J. Linn. Soc. 197: 53 (2021),Brazil,Brazil Southeast,unknown,unknown,77219819-1,http://www.plantsoftheworldonline.org/taxon/urn:lsid:ipni.org:names:77219819-1
Melastomataceae,Microlicia,itambana,Microlicia_itambana,(DC.) Versiane & R.Romero,Microlicia itambana (DC.) Versiane & R.Romero,Bot. J. Linn. Soc. 197: 53 (2021),Brazil,Brazil Southeast,unknown,unknown,77219820-1,http://www.plantsoftheworldonline.org/taxon/urn:lsid:ipni.org:names:77219820-1
Melastomataceae,Microlicia,laniflora,Microlicia_laniflora,(D.Don) Baill.,Microlicia laniflora (D.Don) Baill.,Adansonia 12: 95 (1877),Brazil,Brazil Southeast,unknown,unknown,573530-1,http://www.plantsoftheworldonline.org/taxon/urn:lsid:ipni.org:names:573530-1
Melastomataceae,Microlicia,longifolia,Microlicia_longifolia,"R.B.Pacifico, Almeda & Fidanza","Microlicia longifolia R.B.Pacifico, Almeda & Fidanza",Brittonia 73: 110 (2021),Brazil,Brazil Southeast,unknown,unknown,77219754-1,http://www.plantsoftheworldonline.org/taxon/urn:lsid:ipni.org:names:77219754-1
Melastomataceae,Microlicia,macrantha,Microlicia_macrantha,Versiane & R.Romero,Microlicia macrantha Versiane & R.Romero,Bot. J. Linn. Soc. 197: 53 (2021),Brazil,"Brazil Southeast, Brazil West-Central",unknown,unknown,77219821-1,http://www.plantsoftheworldonline.org/taxon/urn:lsid:ipni.org:names:77219821-1
Melastomataceae,Microlicia,macrocarpa,Microlicia_macrocarpa,(Naudin) Versiane & R.Romero,Microlicia macrocarpa (Naudin) Versiane & R.Romero,Bot. J. Linn. Soc. 197: 53 (2021),Brazil,Brazil Southeast,unknown,unknown,77219822-1,http://www.plantsoftheworldonline.org/taxon/urn:lsid:ipni.org:names:77219822-1
Melastomataceae,Microlicia,matogrossensis,Microlicia_matogrossensis,Versiane & R.Romero,Microlicia matogrossensis Versiane & R.Romero,Bot. J. Linn. Soc. 197: 53 (2021),Brazil,Brazil West-Central,unknown,unknown,77219823-1,http://www.plantsoftheworldonline.org/taxon/urn:lsid:ipni.org:names:77219823-1
Melastomataceae,Microlicia,mello-barretoi,Microlicia_mello-barretoi,(Markgr.) Versiane & R.Romero,Microlicia mello-barretoi (Markgr.) Versiane & R.Romero,Bot. J. Linn. Soc. 197: 53 (2021),Brazil,Brazil Southeast,unknown,unknown,77219824-1,http://www.plantsoftheworldonline.org/taxon/urn:lsid:ipni.org:names:77219824-1
Melastomataceae,Microlicia,mendoncaei,Microlicia_mendoncaei,Cogn.,Microlicia mendoncaei Cogn.,"C.F.P.von Martius &amp; auct. suc. (eds.), Fl. Bras. 14(4): 592 (1888)",Brazil,Brazil Southeast,unknown,unknown,160254-2,http://www.plantsoftheworldonline.org/taxon/urn:lsid:ipni.org:names:160254-2
Melastomataceae,Microlicia,minensis,Microlicia_minensis,Versiane & R.Romero,Microlicia minensis Versiane & R.Romero,Bot. J. Linn. Soc. 197: 53 (2021),Brazil,Brazil Southeast,unknown,unknown,77219825-1,http://www.plantsoftheworldonline.org/taxon/urn:lsid:ipni.org:names:77219825-1
Melastomataceae,Microlicia,minor,Microlicia_minor,Versiane & R.Romero,Microlicia minor Versiane & R.Romero,Bot. J. Linn. Soc. 197: 53 (2021),Brazil,Brazil Southeast,unknown,unknown,77219826-1,http://www.plantsoftheworldonline.org/taxon/urn:lsid:ipni.org:names:77219826-1
Melastomataceae,Microlicia,mucorifera,Microlicia_mucorifera,(DC.) Versiane & R.Romero,Microlicia mucorifera (DC.) Versiane & R.Romero,Bot. J. Linn. Soc. 197: 54 (2021),Brazil,Brazil Southeast,unknown,unknown,77219827-1,http://www.plantsoftheworldonline.org/taxon/urn:lsid:ipni.org:names:77219827-1
Melastomataceae,Microlicia,neogracilis,Microlicia_neogracilis,Versiane & R.Romero,Microlicia neogracilis Versiane & R.Romero,Bot. J. Linn. Soc. 197: 54 (2021),Brazil,Brazil West-Central,unknown,unknown,77219828-1,http://www.plantsoftheworldonline.org/taxon/urn:lsid:ipni.org:names:77219828-1
Melastomataceae,Microlicia,neopyrenaica,Microlicia_neopyrenaica,(Naudin) Versiane & R.Romero,Microlicia neopyrenaica (Naudin) Versiane & R.Romero,Bot. J. Linn. Soc. 197: 54 (2021),Brazil,Brazil West-Central,unknown,unknown,77219829-1,http://www.plantsoftheworldonline.org/taxon/urn:lsid:ipni.org:names:77219829-1
Melastomataceae,Microlicia,nervulosa,Microlicia_nervulosa,(Naudin) Versiane & R.Romero,Microlicia nervulosa (Naudin) Versiane & R.Romero,Bot. J. Linn. Soc. 197: 54 (2021),Brazil,Brazil Northeast,unknown,unknown,77219830-1,http://www.plantsoftheworldonline.org/taxon/urn:lsid:ipni.org:names:77219830-1
Melastomataceae,Microlicia,parviflora,Microlicia_parviflora,(D.Don) Versiane & R.Romero,Microlicia parviflora (D.Don) Versiane & R.Romero,Bot. J. Linn. Soc. 197: 54 (2021),Brazil,"Brazil Northeast, Brazil South, Brazil Southeast, Brazil West-Central",unknown,unknown,77219831-1,http://www.plantsoftheworldonline.org/taxon/urn:lsid:ipni.org:names:77219831-1
Melastomataceae,Microlicia,pentagona,Microlicia_pentagona,(Naudin) Versiane & R.Romero,Microlicia pentagona (Naudin) Versiane & R.Romero,Bot. J. Linn. Soc. 197: 54 (2021),Brazil,Brazil Southeast,unknown,unknown,77219832-1,http://www.plantsoftheworldonline.org/taxon/urn:lsid:ipni.org:names:77219832-1
Melastomataceae,Microlicia,phlogiformis,Microlicia_phlogiformis,(DC.) Versiane & R.Romero,Microlicia phlogiformis (DC.) Versiane & R.Romero,Bot. J. Linn. Soc. 197: 54 (2021),Brazil,"Brazil North, Brazil Northeast, Brazil South, Brazil Southeast, Brazil West-Central",United States,Hawaii,77219833-1,http://www.plantsoftheworldonline.org/taxon/urn:lsid:ipni.org:names:77219833-1
Melastomataceae,Microlicia,pilosa,Microlicia_pilosa,Versiane & R.Romero,Microlicia pilosa Versiane & R.Romero,Bot. J. Linn. Soc. 197: 54 (2021),Brazil,Brazil Southeast,unknown,unknown,77219834-1,http://www.plantsoftheworldonline.org/taxon/urn:lsid:ipni.org:names:77219834-1
Melastomataceae,Microlicia,pithyoides,Microlicia_pithyoides,(Cham.) Versiane & R.Romero,Microlicia pithyoides (Cham.) Versiane & R.Romero,Bot. J. Linn. Soc. 197: 54 (2021),Brazil,Brazil Southeast,unknown,unknown,77219835-1,http://www.plantsoftheworldonline.org/taxon/urn:lsid:ipni.org:names:77219835-1
Melastomataceae,Microlicia,plinervia,Microlicia_plinervia,Versiane & R.Romero,Microlicia plinervia Versiane & R.Romero,Bot. J. Linn. Soc. 197: 54 (2021),Brazil,Brazil Southeast,unknown,unknown,77219836-1,http://www.plantsoftheworldonline.org/taxon/urn:lsid:ipni.org:names:77219836-1
Melastomataceae,Microlicia,pohliana,Microlicia_pohliana,(O.Berg ex Triana) Versiane & R.Romero,Microlicia pohliana (O.Berg ex Triana) Versiane & R.Romero,Bot. J. Linn. Soc. 197: 54 (2021),Brazil,"Brazil Southeast, Brazil West-Central",unknown,unknown,77219838-1,http://www.plantsoftheworldonline.org/taxon/urn:lsid:ipni.org:names:77219838-1
Melastomataceae,Microlicia,pradosiana,Microlicia_pradosiana,(Netto) Versiane & R.Romero,Microlicia pradosiana (Netto) Versiane & R.Romero,Bot. J. Linn. Soc. 197: 54 (2021),Brazil,Brazil Southeast,unknown,unknown,77219839-1,http://www.plantsoftheworldonline.org/taxon/urn:lsid:ipni.org:names:77219839-1
Melastomataceae,Microlicia,pulcherrima,Microlicia_pulcherrima,(DC.) Versiane & R.Romero,Microlicia pulcherrima (DC.) Versiane & R.Romero,Bot. J. Linn. Soc. 197: 54 (2021),Brazil,Brazil Southeast,unknown,unknown,77219840-1,http://www.plantsoftheworldonline.org/taxon/urn:lsid:ipni.org:names:77219840-1
Melastomataceae,Microlicia,punctata,Microlicia_punctata,(DC.) Versiane & R.Romero,Microlicia punctata (DC.) Versiane & R.Romero,Bot. J. Linn. Soc. 197: 54 (2021),Brazil,Brazil Southeast,unknown,unknown,77219841-1,http://www.plantsoftheworldonline.org/taxon/urn:lsid:ipni.org:names:77219841-1
Melastomataceae,Microlicia,pusillifolia,Microlicia_pusillifolia,Versiane & R.Romero,Microlicia pusillifolia Versiane & R.Romero,Bot. J. Linn. Soc. 197: 54 (2021),Brazil,Brazil Southeast,unknown,unknown,77219843-1,http://www.plantsoftheworldonline.org/taxon/urn:lsid:ipni.org:names:77219843-1
Melastomataceae,Microlicia,quinquenervis,Microlicia_quinquenervis,(Wurdack) Versiane & R.Romero,Microlicia quinquenervis (Wurdack) Versiane & R.Romero,Bot. J. Linn. Soc. 197: 54 (2021),Brazil,"Brazil Southeast, Brazil West-Central",unknown,unknown,77219844-1,http://www.plantsoftheworldonline.org/taxon/urn:lsid:ipni.org:names:77219844-1
Melastomataceae,Microlicia,raymondii,Microlicia_raymondii,Versiane & R.Romero,Microlicia raymondii Versiane & R.Romero,Phytotaxa 559: 123 (2022),Brazil,Brazil Northeast,unknown,unknown,77304307-1,http://www.plantsoftheworldonline.org/taxon/urn:lsid:ipni.org:names:77304307-1
Melastomataceae,Microlicia,rigida,Microlicia_rigida,(Cogn.) Versiane & R.Romero,Microlicia rigida (Cogn.) Versiane & R.Romero,Bot. J. Linn. Soc. 197: 54 (2021),Brazil,Brazil Southeast,unknown,unknown,77219845-1,http://www.plantsoftheworldonline.org/taxon/urn:lsid:ipni.org:names:77219845-1
Melastomataceae,Microlicia,rosmarinoides,Microlicia_rosmarinoides,(DC.) Versiane & R.Romero,Microlicia rosmarinoides (DC.) Versiane & R.Romero,Bot. J. Linn. Soc. 197: 54 (2021),Brazil,Brazil Southeast,unknown,unknown,77219846-1,http://www.plantsoftheworldonline.org/taxon/urn:lsid:ipni.org:names:77219846-1
Melastomataceae,Microlicia,rundeliana,Microlicia_rundeliana,(Almeda & A.B.Martins) Versiane & R.Romero,Microlicia rundeliana (Almeda & A.B.Martins) Versiane & R.Romero,Bot. J. Linn. Soc. 197: 54 (2021),Brazil,Brazil Southeast,unknown,unknown,77219847-1,http://www.plantsoftheworldonline.org/taxon/urn:lsid:ipni.org:names:77219847-1
Melastomataceae,Microlicia,sampaioana,Microlicia_sampaioana,(Barreto) Versiane & R.Romero,Microlicia sampaioana (Barreto) Versiane & R.Romero,Bot. J. Linn. Soc. 197: 54 (2021),Brazil,Brazil Southeast,unknown,unknown,77219848-1,http://www.plantsoftheworldonline.org/taxon/urn:lsid:ipni.org:names:77219848-1
Melastomataceae,Microlicia,scaberula,Microlicia_scaberula,(Naudin) Versiane & R.Romero,Microlicia scaberula (Naudin) Versiane & R.Romero,Bot. J. Linn. Soc. 197: 54 (2021),Brazil,Brazil Southeast,unknown,unknown,77219850-1,http://www.plantsoftheworldonline.org/taxon/urn:lsid:ipni.org:names:77219850-1
Melastomataceae,Microlicia,senae,Microlicia_senae,(Schwacke) Versiane & R.Romero,Microlicia senae (Schwacke) Versiane & R.Romero,Bot. J. Linn. Soc. 197: 54 (2021),Brazil,Brazil Southeast,unknown,unknown,77219851-1,http://www.plantsoftheworldonline.org/taxon/urn:lsid:ipni.org:names:77219851-1
Melastomataceae,Microlicia,serratifolia,Microlicia_serratifolia,Versiane & R.Romero,Microlicia serratifolia Versiane & R.Romero,Bot. J. Linn. Soc. 197: 54 (2021),Brazil,Brazil Southeast,unknown,unknown,77219852-1,http://www.plantsoftheworldonline.org/taxon/urn:lsid:ipni.org:names:77219852-1
Melastomataceae,Microlicia,setifolia,Microlicia_setifolia,Versiane & R.Romero,Microlicia setifolia Versiane & R.Romero,Bot. J. Linn. Soc. 197: 54 (2021),Brazil,Brazil West-Central,unknown,unknown,77219853-1,http://www.plantsoftheworldonline.org/taxon/urn:lsid:ipni.org:names:77219853-1
Melastomataceae,Microlicia,speciosa,Microlicia_speciosa,Versiane & R.Romero,Microlicia speciosa Versiane & R.Romero,Bot. J. Linn. Soc. 197: 54 (2021),Brazil,Brazil Southeast,unknown,unknown,77219854-1,http://www.plantsoftheworldonline.org/taxon/urn:lsid:ipni.org:names:77219854-1
Melastomataceae,Microlicia,suberosa,Microlicia_suberosa,(Naudin) Versiane & R.Romero,Microlicia suberosa (Naudin) Versiane & R.Romero,Bot. J. Linn. Soc. 197: 54 (2021),Brazil,Brazil West-Central,unknown,unknown,77219855-1,http://www.plantsoftheworldonline.org/taxon/urn:lsid:ipni.org:names:77219855-1
Melastomataceae,Microlicia,sublaevis,Microlicia_sublaevis,Cogn.,Microlicia sublaevis Cogn.,Mém. Soc. Bot. France 3: 248 (1908),Brazil,Brazil Southeast,unknown,unknown,160300-2,http://www.plantsoftheworldonline.org/taxon/urn:lsid:ipni.org:names:160300-2
Melastomataceae,Microlicia,subulata,Microlicia_subulata,(Triana) Versiane & R.Romero,Microlicia subulata (Triana) Versiane & R.Romero,Bot. J. Linn. Soc. 197: 54 (2021),Brazil,Brazil Southeast,unknown,unknown,77219857-1,http://www.plantsoftheworldonline.org/taxon/urn:lsid:ipni.org:names:77219857-1
Melastomataceae,Microlicia,tetragona,Microlicia_tetragona,(DC.) Versiane & R.Romero,Microlicia tetragona (DC.) Versiane & R.Romero,Bot. J. Linn. Soc. 197: 54 (2021),Brazil,Brazil Southeast,unknown,unknown,77219858-1,http://www.plantsoftheworldonline.org/taxon/urn:lsid:ipni.org:names:77219858-1
Melastomataceae,Microlicia,thomazii,Microlicia_thomazii,(R.B.Pacifico & Fidanza) Versiane & R.Romero,Microlicia thomazii (R.B.Pacifico & Fidanza) Versiane & R.Romero,Bot. J. Linn. Soc. 197: 55 (2021),Brazil,Brazil Southeast,unknown,unknown,77219859-1,http://www.plantsoftheworldonline.org/taxon/urn:lsid:ipni.org:names:77219859-1
Melastomataceae,Microlicia,torrandii,Microlicia_torrandii,Brade,Microlicia torrandii Brade,"Arq. Bot. Estado São Paulo, n.s., 3: 252 (1962)",Brazil,Brazil Northeast,unknown,unknown,160303-2,http://www.plantsoftheworldonline.org/taxon/urn:lsid:ipni.org:names:160303-2
Melastomataceae,Microlicia,trembleyaeformis,Microlicia_trembleyaeformis,Naudin,Microlicia trembleyaeformis Naudin,"Ann. Sci. Nat., Bot., sér. 3, 3: 172 (1845)",Brazil,Brazil Southeast,unknown,unknown,573626-1,http://www.plantsoftheworldonline.org/taxon/urn:lsid:ipni.org:names:573626-1
Melastomataceae,Microlicia,tridentata,Microlicia_tridentata,(Naudin) Versiane & R.Romero,Microlicia tridentata (Naudin) Versiane & R.Romero,Bot. J. Linn. Soc. 197: 55 (2021),Brazil,Brazil Southeast,unknown,unknown,77219860-1,http://www.plantsoftheworldonline.org/taxon/urn:lsid:ipni.org:names:77219860-1
Melastomataceae,Microlicia,viscosa,Microlicia_viscosa,Cogn.,Microlicia viscosa Cogn.,Mém. Soc. Bot. France 3: 246 (1908),Brazil,Brazil Southeast,unknown,unknown,160314-2,http://www.plantsoftheworldonline.org/taxon/urn:lsid:ipni.org:names:160314-2
Melastomataceae,Microlicia,woodgyeriana,Microlicia_woodgyeriana,R.Romero & Paranhos,Microlicia woodgyeriana R.Romero & Paranhos,Kew Bull. 76: 444 (2021),Brazil,Brazil Southeast,unknown,unknown,77217896-1,http://www.plantsoftheworldonline.org/taxon/urn:lsid:ipni.org:names:77217896-1
Melastomataceae,Mouriri,morleyi,Mouriri_morleyi,R.Goldenb. & Meirelles,Mouriri morleyi R.Goldenb. & Meirelles,Nordic J. Bot. 31: 321 (2013),Brazil,Brazil Southeast,unknown,unknown,77130006-1,http://www.plantsoftheworldonline.org/taxon/urn:lsid:ipni.org:names:77130006-1
Melastomataceae,Mouriri,peruviana,Mouriri_peruviana,Morley,Mouriri peruviana Morley,Ann. Missouri Bot. Gard. 72: 548 (1985),"Bolivia, Brazil, Peru","Bolivia, Brazil North, Brazil West-Central, Peru",unknown,unknown,281065-2,http://www.plantsoftheworldonline.org/taxon/urn:lsid:ipni.org:names:281065-2
Melastomataceae,Mouriri,plasschaertii,Mouriri_plasschaertii,Pulle,Mouriri plasschaertii Pulle,Recueil Trav. Bot. Néerl. 6: 283 (1909),"Bolivia, Brazil, Colombia, Ecuador, French Guiana, Guyana, Peru, Suriname, Venezuela","Bolivia, Brazil North, Brazil West-Central, Colombia, Ecuador, French Guiana, Guyana, Peru, Suriname, Venezuela",unknown,unknown,164591-2,http://www.plantsoftheworldonline.org/taxon/urn:lsid:ipni.org:names:164591-2
Melastomataceae,Mouriri,retenipetala,Mouriri_retenipetala,Morley,Mouriri retenipetala Morley,Ann. Missouri Bot. Gard. 76: 434 (1989),"Brazil, Colombia, Peru","Brazil North, Colombia, Peru",unknown,unknown,281067-2,http://www.plantsoftheworldonline.org/taxon/urn:lsid:ipni.org:names:281067-2
Melastomataceae,Noterophila,inundata,Noterophila_inundata,(DC.) Mart.,Noterophila inundata (DC.) Mart.,Nov. Gen. Sp. Pl. Bras. 3: 111 (1831),Brazil,"Brazil North, Brazil Northeast, Brazil Southeast, Brazil West-Central",unknown,unknown,573923-1,http://www.plantsoftheworldonline.org/taxon/urn:lsid:ipni.org:names:573923-1
Melastomataceae,Noterophila,tetramera,Noterophila_tetramera,Naudin,Noterophila tetramera Naudin,"Ann. Sci. Nat., Bot., sér. 3, 12: 280 (1849)",Brazil,Brazil West-Central,unknown,unknown,573927-1,http://www.plantsoftheworldonline.org/taxon/urn:lsid:ipni.org:names:573927-1
Melastomataceae,Pleroma,aemula,Pleroma_aemula,"(Cogn.) P.J.F.Guim., A.L.F.Oliveira & R.Romero","Pleroma aemula (Cogn.) P.J.F.Guim., A.L.F.Oliveira & R.Romero",Brittonia 66: 356 (2014),Brazil,Brazil Southeast,unknown,unknown,77147879-1,http://www.plantsoftheworldonline.org/taxon/urn:lsid:ipni.org:names:77147879-1
Melastomataceae,Pleroma,brevicomosum,Pleroma_brevicomosum,F.S.Mey. & R.Goldenb.,Pleroma brevicomosum F.S.Mey. & R.Goldenb.,Edinburgh J. Bot. 79-624: 3 (2022),Brazil,Brazil Southeast,unknown,unknown,77299328-1,http://www.plantsoftheworldonline.org/taxon/urn:lsid:ipni.org:names:77299328-1
Melastomataceae,Pleroma,caatingae,Pleroma_caatingae,(J.G.Freitas) P.J.F.Guim. & Michelang.,Pleroma caatingae (J.G.Freitas) P.J.F.Guim. & Michelang.,Phytotaxa 480: 95 (2021),Brazil,Brazil Northeast,unknown,unknown,77215726-1,http://www.plantsoftheworldonline.org/taxon/urn:lsid:ipni.org:names:77215726-1
Melastomataceae,Pleroma,caetanoi,Pleroma_caetanoi,F.S.Mey. & R.Goldenb.,Pleroma caetanoi F.S.Mey. & R.Goldenb.,Edinburgh J. Bot. 79-624: 9 (2022),Brazil,Brazil Southeast,unknown,unknown,77299329-1,http://www.plantsoftheworldonline.org/taxon/urn:lsid:ipni.org:names:77299329-1
Melastomataceae,Pleroma,caissara,Pleroma_caissara,F.S.Mey.,Pleroma caissara F.S.Mey.,Kew Bull. 69(3)-9527: 2 (2014),Brazil,Brazil South,unknown,unknown,77141223-1,http://www.plantsoftheworldonline.org/taxon/urn:lsid:ipni.org:names:77141223-1
Melastomataceae,Pleroma,cleistoflora,Pleroma_cleistoflora,"(Ule) P.J.F.Guim., M.F.Oliveira da Silva & Michelang.","Pleroma cleistoflora (Ule) P.J.F.Guim., M.F.Oliveira da Silva & Michelang.",Phytotaxa 186: 225 (2014),Brazil,Brazil Southeast,unknown,unknown,77143919-1,http://www.plantsoftheworldonline.org/taxon/urn:lsid:ipni.org:names:77143919-1
Melastomataceae,Pleroma,eglanduliferum,Pleroma_eglanduliferum,Justino & P.J.F.Guim.,Pleroma eglanduliferum Justino & P.J.F.Guim.,Hoehnea 48-e762020: 2 (2021),Brazil,Brazil Southeast,unknown,unknown,77303534-1,http://www.plantsoftheworldonline.org/taxon/urn:lsid:ipni.org:names:77303534-1
Melastomataceae,Pleroma,ferricola,Pleroma_ferricola,"A.L.F.Oliveira, R.Romero & P.J.F.Guim.","Pleroma ferricola A.L.F.Oliveira, R.Romero & P.J.F.Guim.",Brittonia 66: 354 (2014),Brazil,Brazil Southeast,unknown,unknown,77147878-1,http://www.plantsoftheworldonline.org/taxon/urn:lsid:ipni.org:names:77147878-1
Melastomataceae,Pleroma,fothergillae,Pleroma_fothergillae,(DC.) Triana,Pleroma fothergillae (DC.) Triana,Trans. Linn. Soc. London 28: 42 (1871 publ. 1872),Brazil,Brazil Southeast,unknown,unknown,574801-1,http://www.plantsoftheworldonline.org/taxon/urn:lsid:ipni.org:names:574801-1
Melastomataceae,Pleroma,glandulosum,Pleroma_glandulosum,(Bonpl.) Triana,Pleroma glandulosum (Bonpl.) Triana,Trans. Linn. Soc. London 28: 48 (1871 publ. 1872),Brazil,"Brazil Southeast, Brazil West-Central",unknown,unknown,574808-1,http://www.plantsoftheworldonline.org/taxon/urn:lsid:ipni.org:names:574808-1
Melastomataceae,Pleroma,guartelaensis,Pleroma_guartelaensis,F.S.Mey. & R.Goldenb.,Pleroma guartelaensis F.S.Mey. & R.Goldenb.,Kew Bull. 69(3)-9527: 5 (2014),Brazil,Brazil South,unknown,unknown,77141224-1,http://www.plantsoftheworldonline.org/taxon/urn:lsid:ipni.org:names:77141224-1
Melastomataceae,Pleroma,imperatore,Pleroma_imperatore,(Wawra) P.J.F.Guim. & Michelang.,Pleroma imperatore (Wawra) P.J.F.Guim. & Michelang.,Phytotaxa 518: 75 (2021),Brazil,Brazil Northeast,unknown,unknown,77221278-1,http://www.plantsoftheworldonline.org/taxon/urn:lsid:ipni.org:names:77221278-1
Melastomataceae,Pleroma,joelsilvae,Pleroma_joelsilvae,F.S.Mey. & Brotto,Pleroma joelsilvae F.S.Mey. & Brotto,Phytotaxa 554: 258 (2022),Brazil,Brazil South,unknown,unknown,77301814-1,http://www.plantsoftheworldonline.org/taxon/urn:lsid:ipni.org:names:77301814-1
Melastomataceae,Pleroma,kollmanniana,Pleroma_kollmanniana,F.S.Mey. & R.Goldenb.,Pleroma kollmanniana F.S.Mey. & R.Goldenb.,Phytotaxa 282: 202 (2016),Brazil,Brazil Southeast,unknown,unknown,77159124-1,http://www.plantsoftheworldonline.org/taxon/urn:lsid:ipni.org:names:77159124-1
Melastomataceae,Pleroma,mello-barretoi,Pleroma_mello-barretoi,(Brade) P.J.F.Guim. & Michelang.,Pleroma mello-barretoi (Brade) P.J.F.Guim. & Michelang.,Taxon 68: 984 (2019),Brazil,Brazil Southeast,unknown,unknown,77206375-1,http://www.plantsoftheworldonline.org/taxon/urn:lsid:ipni.org:names:77206375-1
Melastomataceae,Pleroma,miconiifolium,Pleroma_miconiifolium,F.S.Mey. & R.Goldenb.,Pleroma miconiifolium F.S.Mey. & R.Goldenb.,Edinburgh J. Bot. 79-624: 15 (2022),Brazil,Brazil Southeast,unknown,unknown,77299330-1,http://www.plantsoftheworldonline.org/taxon/urn:lsid:ipni.org:names:77299330-1
Melastomataceae,Pleroma,obscurum,Pleroma_obscurum,Triana,Pleroma obscurum Triana,Trans. Linn. Soc. London 28: 44 (1871 publ. 1872),Brazil,Brazil Southeast,unknown,unknown,574843-1,http://www.plantsoftheworldonline.org/taxon/urn:lsid:ipni.org:names:574843-1
Melastomataceae,Pleroma,petrophylax,Pleroma_petrophylax,F.S.Mey. & R.Goldenb.,Pleroma petrophylax F.S.Mey. & R.Goldenb.,Edinburgh J. Bot. 79-624: 19 (2022),Brazil,Brazil Southeast,unknown,unknown,77299331-1,http://www.plantsoftheworldonline.org/taxon/urn:lsid:ipni.org:names:77299331-1
Melastomataceae,Pleroma,piranii,Pleroma_piranii,F.S.Mey. & Almeda,Pleroma piranii F.S.Mey. & Almeda,Phytotaxa 560: 32 (2022),Brazil,Brazil Southeast,unknown,unknown,77304588-1,http://www.plantsoftheworldonline.org/taxon/urn:lsid:ipni.org:names:77304588-1
Melastomataceae,Pleroma,subsessilis,Pleroma_subsessilis,F.S.Mey. & L.Kollmann,Pleroma subsessilis F.S.Mey. & L.Kollmann,Phytotaxa 282: 202 (2016),Brazil,Brazil Southeast,unknown,unknown,77159125-1,http://www.plantsoftheworldonline.org/taxon/urn:lsid:ipni.org:names:77159125-1
Melastomataceae,Pterolepis,buraeavi,Pterolepis_buraeavi,Cogn.,Pterolepis buraeavi Cogn.,"C.F.P.von Martius &amp; auct. suc. (eds.), Fl. Bras. 14(3): 268 (1885)","Brazil, Paraguay","Brazil North, Brazil West-Central, Paraguay",unknown,unknown,575020-1,http://www.plantsoftheworldonline.org/taxon/urn:lsid:ipni.org:names:575020-1
Melastomataceae,Pterolepis,picorondonca,Pterolepis_picorondonca,S.S.Renner,Pterolepis picorondonca S.S.Renner,Nordic J. Bot. 14: 82 (1994),Brazil,Brazil North,unknown,unknown,976144-1,http://www.plantsoftheworldonline.org/taxon/urn:lsid:ipni.org:names:976144-1
