family,genus,species,taxon_name,authors,scientific_name,status,accepted_name,reference,hybrid,distribution,native_to_botanical_countries,introduced_to_country,introduced_to_botanical_countries,kew_id,url,source,publicationYear,citation_type
Acanthaceae,Aphelandra,lasiandra,Aphelandra_lasiandra,(Mildbr.) McDade & E.A.Tripp,Aphelandra lasiandra (Mildbr.) McDade & E.A.Tripp,Accepted,NA,Taxon 71: 143 (2022 publ. 2021),FALSE,"Brazil, Peru","Brazil North, Peru",unknown,unknown,77297495-1,http://www.plantsoftheworldonline.org/taxon/urn:lsid:ipni.org:names:77297495-1,POWO,2021,comb_nova
Acanthaceae,Dianthera,arvensis,Dianthera_arvensis,Vell.,Dianthera arvensis Vell.,Accepted,NA,"Fl. Flumin. 1: 12, t. 30 (1829)",FALSE,Brazil,Brazil Southeast,unknown,unknown,47185-1,http://www.plantsoftheworldonline.org/taxon/urn:lsid:ipni.org:names:47185-1,POWO,1829,taxon_novo
Acanthaceae,Dianthera,brasiliensis,Dianthera_brasiliensis,Vell.,Dianthera brasiliensis Vell.,Accepted,NA,"Fl. Flumin. 1: 11, t. 26 (1829)",FALSE,Brazil,Brazil Southeast,unknown,unknown,47189-1,http://www.plantsoftheworldonline.org/taxon/urn:lsid:ipni.org:names:47189-1,POWO,1829,taxon_novo
Acanthaceae,Dianthera,laeta,Dianthera_laeta,(Nees) Hiern,Dianthera laeta (Nees) Hiern,Accepted,NA,Vidensk. Meddel. Naturhist. Foren. Kjøbenhavn 1877-1878: 83 (1878),FALSE,Brazil,Brazil Southeast,unknown,unknown,47249-1,http://www.plantsoftheworldonline.org/taxon/urn:lsid:ipni.org:names:47249-1,POWO,1878,comb_nova
Acanthaceae,Dianthera,laevilinguis,Dianthera_laevilinguis,(Nees) Lindau,Dianthera laevilinguis (Nees) Lindau,Accepted,NA,Beibl. Bot. Jahrb. Syst. 48: 20 (1894),FALSE,"Argentina, Bolivia, Brazil, Colombia, French Guiana, Guyana, Mexico, Paraguay, Peru, Suriname, Trinidad-Tobago, Uruguay, Venezuela","Argentina Northeast, Bolivia, Brazil North, Brazil Northeast, Brazil South, Brazil Southeast, Brazil West-Central, Colombia, French Guiana, Guyana, Mexico Gulf, Mexico Northeast, Mexico Southeast, Paraguay, Peru, Suriname, Trinidad-Tobago, Uruguay, Venezuela",unknown,unknown,47251-1,http://www.plantsoftheworldonline.org/taxon/urn:lsid:ipni.org:names:47251-1,POWO,1894,comb_nova
Acanthaceae,Dichazothece,cylindracea,Dichazothece_cylindracea,Lindau,Dichazothece cylindracea Lindau,Accepted,NA,Beibl. Bot. Jahrb. Syst. 60: 47 (1898),FALSE,Brazil,Brazil Southeast,unknown,unknown,79435-2,http://www.plantsoftheworldonline.org/taxon/urn:lsid:ipni.org:names:79435-2,POWO,1898,taxon_novo
Acanthaceae,Dyschoriste,hirsuta,Dyschoriste_hirsuta,(Oerst. ex Hiern) Kuntze,Dyschoriste hirsuta (Oerst. ex Hiern) Kuntze,Accepted,NA,Revis. Gen. Pl. 2: 486 (1891),FALSE,Brazil,Brazil Southeast,unknown,unknown,77221786-1,http://www.plantsoftheworldonline.org/taxon/urn:lsid:ipni.org:names:77221786-1,POWO,1891,comb_nova
Acanthaceae,Dyschoriste,tweedieana,Dyschoriste_tweedieana,(Nees) Kuntze,Dyschoriste tweedieana (Nees) Kuntze,Accepted,NA,Revis. Gen. Pl. 2: 486 (1891),FALSE,Brazil,Brazil South,unknown,unknown,86415-2,http://www.plantsoftheworldonline.org/taxon/urn:lsid:ipni.org:names:86415-2,POWO,1891,comb_nova
Acanthaceae,Harpochilus,corrugatus,Harpochilus_corrugatus,Zappi & F.A.Silva,Harpochilus corrugatus Zappi & F.A.Silva,Accepted,NA,Phytotaxa 545: 152 (2022),FALSE,Brazil,Brazil Northeast,unknown,unknown,77297581-1,http://www.plantsoftheworldonline.org/taxon/urn:lsid:ipni.org:names:77297581-1,POWO,2022,taxon_novo
Acanthaceae,Justicia,cordifolia,Justicia_cordifolia,(Rizzini) Funez & Braz,Justicia cordifolia (Rizzini) Funez & Braz,Accepted,NA,Phytotaxa 494: 167 (2021),FALSE,Brazil,Brazil South,unknown,unknown,77218278-1,http://www.plantsoftheworldonline.org/taxon/urn:lsid:ipni.org:names:77218278-1,POWO,2021,comb_nova
Acanthaceae,Justicia,cuspidulata,Justicia_cuspidulata,(Nees) Wassh.,Justicia cuspidulata (Nees) Wassh.,Accepted,NA,Monogr. Syst. Bot. Missouri Bot. Gard. 45: 1253 (1993),FALSE,"Bolivia, Brazil, Paraguay, Peru","Bolivia, Brazil West-Central, Paraguay, Peru",unknown,unknown,974488-1,http://www.plantsoftheworldonline.org/taxon/urn:lsid:ipni.org:names:974488-1,POWO,1993,comb_nova
Acanthaceae,Justicia,espiritosantensis,Justicia_espiritosantensis,Aoyama & Indriunas,Justicia espiritosantensis Aoyama & Indriunas,Accepted,NA,Phytotaxa 543: 189 (2022),FALSE,Brazil,Brazil Southeast,unknown,unknown,77297151-1,http://www.plantsoftheworldonline.org/taxon/urn:lsid:ipni.org:names:77297151-1,POWO,2022,taxon_novo
Acanthaceae,Justicia,lilloi,Justicia_lilloi,(J.L.Lotti) C.Ezcurra,Justicia lilloi (J.L.Lotti) C.Ezcurra,Accepted,NA,Fl. Prov. Jujuy 9: 349 (1993),FALSE,"Argentina, Bolivia, Brazil, Paraguay","Argentina Northwest, Bolivia, Brazil West-Central, Paraguay",unknown,unknown,988687-1,http://www.plantsoftheworldonline.org/taxon/urn:lsid:ipni.org:names:988687-1,POWO,1993,comb_nova
Acanthaceae,Justicia,montealegrensis,Justicia_montealegrensis,F.A.Silva & Kameyama,Justicia montealegrensis F.A.Silva & Kameyama,Accepted,NA,Syst. Bot. 46: 433 (2021),FALSE,Brazil,Brazil North,unknown,unknown,77254314-1,http://www.plantsoftheworldonline.org/taxon/urn:lsid:ipni.org:names:77254314-1,POWO,2021,taxon_novo
Acanthaceae,Justicia,multiglandulosa,Justicia_multiglandulosa,F.A.Silva & Kameyama,Justicia multiglandulosa F.A.Silva & Kameyama,Accepted,NA,Syst. Bot. 46: 434 (2021),FALSE,Brazil,Brazil North,unknown,unknown,77254315-1,http://www.plantsoftheworldonline.org/taxon/urn:lsid:ipni.org:names:77254315-1,POWO,2021,taxon_novo
Acanthaceae,Justicia,paraensis,Justicia_paraensis,"F.A.Silva, A.Gil & Kameyama","Justicia paraensis F.A.Silva, A.Gil & Kameyama",Accepted,NA,Syst. Bot. 46: 439 (2021),FALSE,Brazil,Brazil North,unknown,unknown,77254316-1,http://www.plantsoftheworldonline.org/taxon/urn:lsid:ipni.org:names:77254316-1,POWO,2021,taxon_novo
Acanthaceae,Justicia,pusilla,Justicia_pusilla,M.J.Silva,Justicia pusilla M.J.Silva,Accepted,NA,Phytotaxa 525: 38 (2021),FALSE,Brazil,Brazil West-Central,unknown,unknown,77222550-1,http://www.plantsoftheworldonline.org/taxon/urn:lsid:ipni.org:names:77222550-1,POWO,2021,taxon_novo
Acanthaceae,Justicia,viridifavescens,Justicia_viridifavescens,Lindau,Justicia viridifavescens Lindau,Accepted,NA,"Bull. Herb. Boissier, sér. 2, 4: 413 (1904)",FALSE,Brazil,Brazil North,unknown,unknown,133162-2,http://www.plantsoftheworldonline.org/taxon/urn:lsid:ipni.org:names:133162-2,POWO,1904,taxon_novo
Acanthaceae,Justicia,volkeri,Justicia_volkeri,U.B.Deshmukh & Gnanasek.,Justicia volkeri U.B.Deshmukh & Gnanasek.,Accepted,NA,Phytotaxa 490: 220 (2021),FALSE,Brazil,Brazil North,unknown,unknown,77215780-1,http://www.plantsoftheworldonline.org/taxon/urn:lsid:ipni.org:names:77215780-1,POWO,2021,taxon_novo
Acanthaceae,Liberatia,diandra,Liberatia_diandra,(Nees) Rizzini,Liberatia diandra (Nees) Rizzini,Accepted,NA,"Bol. Mus. Nac. Rio de Janeiro, Bot. 8: 22 (1947)",FALSE,Brazil,"Brazil South, Brazil Southeast",unknown,unknown,139680-2,http://www.plantsoftheworldonline.org/taxon/urn:lsid:ipni.org:names:139680-2,POWO,1947,comb_nova
Acanthaceae,Mendoncia,gigas,Mendoncia_gigas,Lindau,Mendoncia gigas Lindau,Accepted,NA,Notizbl. Königl. Bot. Gart. Berlin 6: 192 (1914),FALSE,"Bolivia, Brazil, Peru","Bolivia, Brazil North, Peru",unknown,unknown,157162-2,http://www.plantsoftheworldonline.org/taxon/urn:lsid:ipni.org:names:157162-2,POWO,1914,taxon_novo
Acanthaceae,Morsacanthus,nemoralis,Morsacanthus_nemoralis,Rizzini,Morsacanthus nemoralis Rizzini,Accepted,NA,Revista Brasil. Biol. 12: 261 (1952),FALSE,Brazil,Brazil South,unknown,unknown,164453-2,http://www.plantsoftheworldonline.org/taxon/urn:lsid:ipni.org:names:164453-2,POWO,1952,taxon_novo
Acanthaceae,Ruellia,baikiei,Ruellia_baikiei,(Hook.) Benth. & Hook.f. ex Salomon,Ruellia baikiei (Hook.) Benth. & Hook.f. ex Salomon,Accepted,NA,Handb. Höheren Pflanzencultur: 218 (1880),FALSE,Brazil,Brazil Northeast,unknown,unknown,60473808-2,http://www.plantsoftheworldonline.org/taxon/urn:lsid:ipni.org:names:60473808-2,POWO,1880,comb_nova
Acanthaceae,Ruellia,lindaviana,Ruellia_lindaviana,Taub.,Ruellia lindaviana Taub.,Accepted,NA,Bot. Jahrb. Syst. 21: 452 (1896),FALSE,Brazil,Brazil West-Central,unknown,unknown,224177-2,http://www.plantsoftheworldonline.org/taxon/urn:lsid:ipni.org:names:224177-2,POWO,1896,taxon_novo
Acanthaceae,Ruellia,villanovensis,Ruellia_villanovensis,Colla,Ruellia villanovensis Colla,Accepted,NA,Herb. Pedem. 4: 507 (1835),FALSE,Brazil,Brazil Northeast,unknown,unknown,54714-1,http://www.plantsoftheworldonline.org/taxon/urn:lsid:ipni.org:names:54714-1,POWO,1835,taxon_novo
Acanthaceae,Ruellia,wasshauseniana,Ruellia_wasshauseniana,E.A.Tripp,Ruellia wasshauseniana E.A.Tripp,Accepted,NA,Int. J. Pl. Sci. 174: 122 (2013),FALSE,"Brazil, Suriname","Brazil North, Suriname",unknown,unknown,77139683-1,http://www.plantsoftheworldonline.org/taxon/urn:lsid:ipni.org:names:77139683-1,POWO,2013,taxon_novo
Acanthaceae,Schaueria,maximiliani,Schaueria_maximiliani,Nees,Schaueria maximiliani Nees,Accepted,NA,"C.F.P.von Martius & auct. suc. (eds.), Fl. Bras. 9: 106 (1847)",FALSE,Brazil,Brazil Northeast,unknown,unknown,54960-1,http://www.plantsoftheworldonline.org/taxon/urn:lsid:ipni.org:names:54960-1,POWO,1847,taxon_novo
Acanthaceae,Sebastiano-schaueria,oblongata,Sebastiano-schaueria_oblongata,Nees,Sebastiano-schaueria oblongata Nees,Accepted,NA,"C.F.P.von Martius & auct. suc. (eds.), Fl. Bras. 9: 159 (1847)",FALSE,Brazil,Brazil Southeast,unknown,unknown,55009-1,http://www.plantsoftheworldonline.org/taxon/urn:lsid:ipni.org:names:55009-1,POWO,1847,taxon_novo
Acanthaceae,Thyrsacanthus,angustissimus,Thyrsacanthus_angustissimus,(A.L.A.Côrtes & Rapini) Alcantara & M.Alves,Thyrsacanthus angustissimus (A.L.A.Côrtes & Rapini) Alcantara & M.Alves,Accepted,NA,Syst. Bot. 47: 182 (2022),FALSE,Brazil,Brazil Northeast,unknown,unknown,77301589-1,http://www.plantsoftheworldonline.org/taxon/urn:lsid:ipni.org:names:77301589-1,POWO,2022,comb_nova
Acanthaceae,Aphelandra,macedoiana,Aphelandra_macedoiana,L.Linden & Rodigas,Aphelandra macedoiana L.Linden & Rodigas,Unknown,Aphelandra macedoiana L.Linden & Rodigas,"Ill. Hort. 33: 11, pl. 583. 1886",FALSE,Brazil (Southern America),NA,NA,NA,16244-2,www.ipni.org/n/16244-2,IPNI,1886,taxon_novo
Acanthaceae,Aphelandra,pubescens,Aphelandra_pubescens,Glaz.,Aphelandra pubescens Glaz.,Unknown,Aphelandra pubescens Glaz.,Bull. Soc. Bot. France 58(Mém. 3f): 535. 1911,FALSE,Brazil (Southern America),NA,NA,NA,16284-2,www.ipni.org/n/16284-2,IPNI,1911,taxon_novo
Acanthaceae,Arrhostoxylon,repens,Arrhostoxylon_repens,Nees,Arrhostoxylon repens Nees,Unknown,Arrhostoxylon repens Nees,Fl. Bras. (Martius) 9: 60. 1847 [1 Jun 1847],FALSE,"Sao Paulo (Brazil, Southern America)",NA,NA,NA,20416-2,www.ipni.org/n/20416-2,IPNI,1847,taxon_novo
Acanthaceae,Beloperone,ceciliae,Beloperone_ceciliae,Machado,Beloperone ceciliae Machado,Unknown,Beloperone ceciliae Machado,"Arch. Jard. Bot. Rio de Janeiro 9:[110], fig. 1950",FALSE,"Mato Grosso (Brazil, Southern America)",NA,NA,NA,31149-2,www.ipni.org/n/31149-2,IPNI,1950,taxon_novo
Acanthaceae,Beloperone,organensis,Beloperone_organensis,Glaz.,Beloperone organensis Glaz.,Unknown,Beloperone organensis Glaz.,Bull. Soc. Bot. France 58(Mém. 3f): 537. 1911,FALSE,Brazil (Southern America),NA,NA,NA,31188-2,www.ipni.org/n/31188-2,IPNI,1911,taxon_novo
Acanthaceae,Cyrtanthera,picuensis,Cyrtanthera_picuensis,Glaz.,Cyrtanthera picuensis Glaz.,Unknown,Cyrtanthera picuensis Glaz.,Bull. Soc. Bot. France 58(Mém. 3f): 538. 1911,FALSE,Brazil (Southern America),NA,NA,NA,75426-2,www.ipni.org/n/75426-2,IPNI,1911,taxon_novo
Acanthaceae,Dicliptera,fluminensis,Dicliptera_fluminensis,Glaz.,Dicliptera fluminensis Glaz.,Unknown,Dicliptera fluminensis Glaz.,Bull. Soc. Bot. France 58(Mém. 3f): 539. 1911,FALSE,Brazil (Southern America),NA,NA,NA,79713-2,www.ipni.org/n/79713-2,IPNI,1911,taxon_novo
Acanthaceae,Duvernoia,americana,Duvernoia_americana,Lindau,Duvernoia americana Lindau,Unknown,Duvernoia americana Lindau,"Bull. Herb. Boissier ser. 2, 4: 405. 1904",FALSE,Brazil (Southern America),NA,NA,NA,86199-2,www.ipni.org/n/86199-2,IPNI,1904,taxon_novo
Acanthaceae,Duvernoia,glabrata,Duvernoia_glabrata,Lindau,Duvernoia glabrata Lindau,Unknown,Duvernoia glabrata Lindau,Notizbl. Bot. Gart. Berlin-Dahlem 8: 246. 1922,FALSE,Brazil (Southern America),NA,NA,NA,86200-2,www.ipni.org/n/86200-2,IPNI,1922,taxon_novo
Acanthaceae,Ebermaiera,macahensis,Ebermaiera_macahensis,Glaz.,Ebermaiera macahensis Glaz.,Unknown,Ebermaiera macahensis Glaz.,Bull. Soc. Bot. France 58(Mém. 3f): 531. 1911,FALSE,Brazil (Southern America),NA,NA,NA,86559-2,www.ipni.org/n/86559-2,IPNI,1911,taxon_novo
Acanthaceae,Gerardia,brasiliensis,Gerardia_brasiliensis,Spreng.,Gerardia brasiliensis Spreng.,Unknown,Gerardia brasiliensis Spreng.,"Syst. Veg., ed. 16 [Sprengel] 2: 806. 1825 [Jan-May 1825]",FALSE,Brazil (Southern America),NA,NA,NA,109354-2,www.ipni.org/n/109354-2,IPNI,1825,taxon_novo
Acanthaceae,Gerardia,digitata,Gerardia_digitata,Spreng.,Gerardia digitata Spreng.,Unknown,Gerardia digitata Spreng.,"Syst. Veg., ed. 16 [Sprengel] 2: 808. 1825 [Jan-May 1825]",FALSE,Brazil (Southern America),NA,NA,NA,109368-2,www.ipni.org/n/109368-2,IPNI,1825,taxon_novo
Acanthaceae,Graptophyllum,medioauratum,Graptophyllum_medioauratum,Linden ex K.Koch,Graptophyllum medioauratum Linden ex K.Koch,Unknown,Graptophyllum medioauratum Linden ex K.Koch,Wochenschr. Vereines Beförd. Gartenbaues Konigl. Preuss. Staaten 14(20): 159. 1871 [20 May 1871] (as medio-auratum),FALSE,Brazil (Southern America),NA,NA,NA,60454912-2,www.ipni.org/n/60454912-2,IPNI,1871,taxon_novo
Acanthaceae,Jacobinia,breviloba,Jacobinia_breviloba,Lindau,Jacobinia breviloba Lindau,Unknown,Jacobinia breviloba Lindau,Bull. Herb. Boissier 3: 486. 1895,FALSE,Brazil (Southern America),NA,NA,NA,130991-2,www.ipni.org/n/130991-2,IPNI,1895,taxon_novo
Acanthaceae,Jacobinia,lancifolia,Jacobinia_lancifolia,Glaz.,Jacobinia lancifolia Glaz.,Unknown,Jacobinia lancifolia Glaz.,Bull. Soc. Bot. France 58(Mém. 3f): 537. 1911,FALSE,Brazil (Southern America),NA,NA,NA,131006-2,www.ipni.org/n/131006-2,IPNI,1911,taxon_novo
Acanthaceae,Jacobinia,nervosa,Jacobinia_nervosa,Lindau,Jacobinia nervosa Lindau,Unknown,Jacobinia nervosa Lindau,Bull. Soc. Bot. France 58(Mém. 3f): 537. 1911,FALSE,Brazil (Southern America),NA,NA,NA,131016-2,www.ipni.org/n/131016-2,IPNI,1911,taxon_novo
Acanthaceae,Jacobinia,sarmentosa,Jacobinia_sarmentosa,Glaz.,Jacobinia sarmentosa Glaz.,Unknown,Jacobinia sarmentosa Glaz.,Bull. Soc. Bot. France 58(Mém. 3f): 538. 1911,FALSE,Brazil (Southern America),NA,NA,NA,131029-2,www.ipni.org/n/131029-2,IPNI,1911,taxon_novo
Acanthaceae,Justicia,blackii,Justicia_blackii,Leonard,Justicia blackii Leonard,Unknown,Justicia blackii Leonard,"Contr. U.S. Natl. Herb. 31: 508, fig. 189. 1958",FALSE,"Amazonas (Brazil, Southern America)",NA,NA,NA,132802-2,www.ipni.org/n/132802-2,IPNI,1958,taxon_novo
Acanthaceae,Justicia,capitata,Justicia_capitata,Glaz.,Justicia capitata Glaz.,Unknown,Justicia capitata Glaz.,Bull. Soc. Bot. France 58(Mém. 3f): 536. 1911,FALSE,Brazil (Southern America),NA,NA,NA,132824-2,www.ipni.org/n/132824-2,IPNI,1911,taxon_novo
Acanthaceae,Justicia,neurochlamys,Justicia_neurochlamys,Leonard,Justicia neurochlamys Leonard,Unknown,Justicia neurochlamys Leonard,"Contr. U.S. Natl. Herb. 31: 517, fig. 192. 1958",FALSE,"Amazonas (Brazil, Southern America)",NA,NA,NA,133002-2,www.ipni.org/n/133002-2,IPNI,1958,taxon_novo
Acanthaceae,Justicia,schwackeana,Justicia_schwackeana,Lindau,Justicia schwackeana Lindau,Unknown,Justicia schwackeana Lindau,Bull. Herb. Boissier 3: 482. 1895,FALSE,Brazil (Southern America),NA,NA,NA,133102-2,www.ipni.org/n/133102-2,IPNI,1895,taxon_novo
Acanthaceae,Justicia,wittigiana,Justicia_wittigiana,Glaz.,Justicia wittigiana Glaz.,Unknown,Justicia wittigiana Glaz.,Bull. Soc. Bot. France 58(Mém. 3f): 536. 1911,FALSE,Brazil (Southern America),NA,NA,NA,133166-2,www.ipni.org/n/133166-2,IPNI,1911,taxon_novo
Acanthaceae,Lophostachys,reptans,Lophostachys_reptans,Lindau,Lophostachys reptans Lindau,Unknown,Lophostachys reptans Lindau,Notizbl. Königl. Bot. Gart. Berlin 6: 195. 1914,FALSE,Brazil (Southern America),NA,NA,NA,143637-2,www.ipni.org/n/143637-2,IPNI,1914,taxon_novo
Acanthaceae,Mendoncia,trichota,Mendoncia_trichota,Leonard,Mendoncia trichota Leonard,Unknown,Mendoncia trichota Leonard,Contr. U.S. Natl. Herb. 31: 674. 1958,FALSE,"Amazonas (Brazil, Southern America)",NA,NA,NA,157206-2,www.ipni.org/n/157206-2,IPNI,1958,taxon_novo
Acanthaceae,Odontonema,latifolium,Odontonema_latifolium,Rizzini,Odontonema latifolium Rizzini,Unknown,Odontonema latifolium Rizzini,Arch. Jard. Bot. Rio de Janeiro 9: 59. 1950,FALSE,"Rio de Janeiro (Brazil, Southern America)",NA,NA,NA,172460-2,www.ipni.org/n/172460-2,IPNI,1950,taxon_novo
Acanthaceae,Ruellia,bracteiflora,Ruellia_bracteiflora,Glaz.,Ruellia bracteiflora Glaz.,Unknown,Ruellia bracteiflora Glaz.,Bull. Soc. Bot. France 58(Mém. 3f): 532. 1911,FALSE,Brazil (Southern America),NA,NA,NA,224053-2,www.ipni.org/n/224053-2,IPNI,1911,taxon_novo
Acanthaceae,Ruellia,conferta,Ruellia_conferta,Lindau,Ruellia conferta Lindau,Unknown,Ruellia conferta Lindau,Notizbl. Königl. Bot. Gart. Berlin 6: 194. 1914,FALSE,Brazil (Southern America),NA,NA,NA,224091-2,www.ipni.org/n/224091-2,IPNI,1914,taxon_novo
Acanthaceae,Ruellia,glanduloso-notata,Ruellia_glanduloso-notata,Lindau,Ruellia glanduloso-notata Lindau,Unknown,Ruellia glanduloso-notata Lindau,"Bull. Herb. Boissier ser. 2, 5: 367. 1905",FALSE,Brazil (Southern America),NA,NA,NA,224131-2,www.ipni.org/n/224131-2,IPNI,1905,taxon_novo
Acanthaceae,Ruellia,lofgrenii,Ruellia_lofgrenii,Lindau,Ruellia lofgrenii Lindau,Unknown,Ruellia lofgrenii Lindau,Bull. Herb. Boissier 5: 654. 1897,FALSE,Brazil (Southern America),NA,NA,NA,224178-2,www.ipni.org/n/224178-2,IPNI,1897,taxon_novo
Acanthaceae,Ruellia,phyllocalyx,Ruellia_phyllocalyx,Lindau,Ruellia phyllocalyx Lindau,Unknown,Ruellia phyllocalyx Lindau,"Bull. Herb. Boissier ser. 2, 4: 320. 1904",FALSE,Peru &amp; Brazil,NA,NA,NA,224247-2,www.ipni.org/n/224247-2,IPNI,1904,taxon_novo
Acanthaceae,Ruellia,simplicicaulis,Ruellia_simplicicaulis,Glaz.,Ruellia simplicicaulis Glaz.,Unknown,Ruellia simplicicaulis Glaz.,Bull. Soc. Bot. France 58(Mém. 3f): 533. 1911,FALSE,Brazil (Southern America),NA,NA,NA,224285-2,www.ipni.org/n/224285-2,IPNI,1911,taxon_novo
Acanthaceae,Tremacanthus,roberti,Tremacanthus_roberti,S.Moore,Tremacanthus roberti S.Moore,Unknown,Tremacanthus roberti S.Moore,J. Bot. 42: 33. 1904,FALSE,Brazil (Southern America),NA,NA,NA,256546-2,www.ipni.org/n/256546-2,IPNI,1904,taxon_novo
