family,genus,species,taxon_name,authors,scientific_name,status,accepted_name,reference,hybrid,distribution,native_to_botanical_countries,introduced_to_country,introduced_to_botanical_countries,kew_id,url,source,publicationYear,citation_type
Asteraceae,Achyrophorus,bipontinae,Achyrophorus_bipontinae,Sch.Bip.,Achyrophorus bipontinae Sch.Bip.,Unknown,Achyrophorus bipontinae Sch.Bip.,Commentat. Bot. (Sch. Bip.) 21 (21-22). 1859 [9 Aug 1959],FALSE,"Minas Gerais (Brazil, Southern America)",NA,NA,NA,317599-2,www.ipni.org/n/317599-2,IPNI,1859,taxon_novo
Asteraceae,Achyrophorus,gardneri,Achyrophorus_gardneri,Sch.Bip.,Achyrophorus gardneri Sch.Bip.,Unknown,Achyrophorus gardneri Sch.Bip.,Commentat. Bot. (Sch. Bip.) 34. 1859 [9 Aug 1959],FALSE,Brazil (Southern America),NA,NA,NA,317600-2,www.ipni.org/n/317600-2,IPNI,1859,taxon_novo
Asteraceae,Achyrophorus,microcephalus,Achyrophorus_microcephalus,Sch.Bip.,Achyrophorus microcephalus Sch.Bip.,Unknown,Achyrophorus microcephalus Sch.Bip.,Jahresber. Pollichia 16-17: 59. 1859 [9 Aug 1859] Commentat. Bot. (Sch. Bip.) 27-28. 1859.,FALSE,"Rio Pardo, Brazil (Southern America)",NA,NA,NA,2601-2,www.ipni.org/n/2601-2,IPNI,1859,taxon_novo
Asteraceae,Achyrophorus,selloi,Achyrophorus_selloi,Sch.Bip.,Achyrophorus selloi Sch.Bip.,Unknown,Achyrophorus selloi Sch.Bip.,Commentat. Bot. (Sch. Bip.) 29 (29-30). 1859 [9 Aug 1859],FALSE,"Rio Pardo, Brazil (Southern America)",NA,NA,NA,2609-2,www.ipni.org/n/2609-2,IPNI,1859,taxon_novo
Asteraceae,Achyrophorus,tenuisectus,Achyrophorus_tenuisectus,Sch.Bip.,Achyrophorus tenuisectus Sch.Bip.,Unknown,Achyrophorus tenuisectus Sch.Bip.,Commentat. Bot. (Sch. Bip.) 26 (26-27). 1859 [9 Aug 1859],FALSE,"Santa Catarina (Brazil, Southern America)",NA,NA,NA,317601-2,www.ipni.org/n/317601-2,IPNI,1859,taxon_novo
Asteraceae,Achyrophorus,trichocephalus,Achyrophorus_trichocephalus,Sch.Bip.,Achyrophorus trichocephalus Sch.Bip.,Unknown,Achyrophorus trichocephalus Sch.Bip.,Commentat. Bot. (Sch. Bip.) 26. 1859 [9 Aug 1859],FALSE,"Santa Catarina (Brazil, Southern America)",NA,NA,NA,2623-2,www.ipni.org/n/2623-2,IPNI,1859,taxon_novo
Asteraceae,Actinella,anthemidoides,Actinella_anthemidoides,(Juss.) Malme,Actinella anthemidoides (Juss.) Malme,Unknown,Actinella anthemidoides (Juss.) Malme,Ark. Bot. 24A(6): 73. 1931,FALSE,"Rio Grande do Sul (Brazil, Southern America)",NA,NA,NA,3975-2,www.ipni.org/n/3975-2,IPNI,1931,taxon_novo
Asteraceae,Actinoseris,hatschbachii,Actinoseris_hatschbachii,Zardini,Actinoseris hatschbachii Zardini,Unknown,Actinoseris hatschbachii Zardini,Bol. Mus. Bot. Munic. 23: 1 (-2; fig.). 1975,FALSE,"Minas Gerais (Brazil, Southern America)",NA,NA,NA,4037-2,www.ipni.org/n/4037-2,IPNI,1975,taxon_novo
Asteraceae,Ageratum,serratum,Ageratum_serratum,Glaz.,Ageratum serratum Glaz.,Unknown,Ageratum serratum Glaz.,Bull. Soc. Bot. France 56(Mém. 3d): 382. 1909,FALSE,Brazil (Southern America),NA,NA,NA,7168-2,www.ipni.org/n/7168-2,IPNI,1909,taxon_novo
Asteraceae,Alcantara,isabellae,Alcantara_isabellae,Glaz.,Alcantara isabellae Glaz.,Unknown,Alcantara isabellae Glaz.,Bull. Soc. Bot. France 56(Mém. 3d): 367. 1909,FALSE,Brazil (Southern America),NA,NA,NA,8045-2,www.ipni.org/n/8045-2,IPNI,1909,taxon_novo
Asteraceae,Alcantara,petroana,Alcantara_petroana,Glaz. ex G.M.Barroso,Alcantara petroana Glaz. ex G.M.Barroso,Unknown,Alcantara petroana Glaz. ex G.M.Barroso,"Loefgrenia 36: [1], fig. 1. 1969",FALSE,"Goiás (Brazil, Southern America)",NA,NA,NA,8046-2,www.ipni.org/n/8046-2,IPNI,1969,taxon_novo
Asteraceae,Alcantara,petroana,Alcantara_petroana,Glaz.,Alcantara petroana Glaz.,Unknown,Alcantara petroana Glaz.,Bull. Soc. Bot. France 56(Mém. 3d): 367. 1909,FALSE,Brazil (Southern America),NA,NA,NA,8047-2,www.ipni.org/n/8047-2,IPNI,1909,taxon_novo
Asteraceae,Alomia,cinerea,Alomia_cinerea,(Gardner) Benth. ex Baker,Alomia cinerea (Gardner) Benth. ex Baker,Unknown,Alomia cinerea (Gardner) Benth. ex Baker,Fl. Bras. (Martius) 6(2): 191. 1876 [1 Feb 1876],FALSE,Brazil (Southern America),NA,NA,NA,9487-2,www.ipni.org/n/9487-2,IPNI,1876,taxon_novo
Asteraceae,Alomia,dubia,Alomia_dubia,B.L.Rob.,Alomia dubia B.L.Rob.,Unknown,Alomia dubia B.L.Rob.,Proc. Amer. Acad. Arts 42: 33. 1906,FALSE,Brazil (Southern America),NA,NA,NA,9490-2,www.ipni.org/n/9490-2,IPNI,1906,taxon_novo
Asteraceae,Alomia,regnellii,Alomia_regnellii,Malme,Alomia regnellii Malme,Unknown,Alomia regnellii Malme,"Kongl. Svenska Vetensk.-Akad. Handl. 32(5): 32, pl. 5, fig. 5. 1899",FALSE,Brazil (Southern America),NA,NA,NA,9504-2,www.ipni.org/n/9504-2,IPNI,1899,taxon_novo
Asteraceae,Andromachia,maronii,Andromachia_maronii,André,Andromachia maronii André,Unknown,Andromachia maronii André,Rev. Hort. [Paris]. 21: 496. 1887,FALSE,Brazil (Southern America),NA,NA,NA,12645-2,www.ipni.org/n/12645-2,IPNI,1887,taxon_novo
Asteraceae,Angelphytum,hatschbachii,Angelphytum_hatschbachii,H.Rob.,Angelphytum hatschbachii H.Rob.,Unknown,Angelphytum hatschbachii H.Rob.,Proc. Biol. Soc. Washington 97: 967. 1984,FALSE,"Mato Grosso (Brazil, Southern America)",NA,NA,NA,300877-2,www.ipni.org/n/300877-2,IPNI,1984,taxon_novo
Asteraceae,Angelphytum,matogrossense,Angelphytum_matogrossense,G.M.Barroso,Angelphytum matogrossense G.M.Barroso,Unknown,Angelphytum matogrossense G.M.Barroso,"Bol. Soc. Argent. Bot. 19: 9, fig. 1980",FALSE,Brazil (Southern America),NA,NA,NA,13689-2,www.ipni.org/n/13689-2,IPNI,1980,taxon_novo
Asteraceae,Anomostephium,ellipticum,Anomostephium_ellipticum,DC.,Anomostephium ellipticum DC.,Unknown,Anomostephium ellipticum DC.,Prodr. [A. P. de Candolle] 5: 560. 1836 [1-10 Oct 1836],FALSE,Brazil (Southern America),NA,NA,NA,302091-2,www.ipni.org/n/302091-2,IPNI,1836,taxon_novo
Asteraceae,Anomostephium,ovalifolium,Anomostephium_ovalifolium,DC.,Anomostephium ovalifolium DC.,Unknown,Anomostephium ovalifolium DC.,Prodr. [A. P. de Candolle] 5: 560. 1836 [1-10 Oct 1836],FALSE,Brazil (Southern America),NA,NA,NA,302390-2,www.ipni.org/n/302390-2,IPNI,1836,taxon_novo
Asteraceae,Antennaria,heteracantha,Antennaria_heteracantha,Speg.,Antennaria heteracantha Speg.,Unknown,Antennaria heteracantha Speg.,Bol. Acad. Nac. Ci. 11: 621. 1889,FALSE,Brazil (Southern America),NA,NA,NA,14706-2,www.ipni.org/n/14706-2,IPNI,1889,taxon_novo
Asteraceae,Aristomenia,fruticosa,Aristomenia_fruticosa,Vell.,Aristomenia fruticosa Vell.,Unknown,Aristomenia fruticosa Vell.,Fl. Flumin. 346. 1829 [1825 publ. 7 Sep-28 Nov 1829],FALSE,Brazil (Southern America),NA,NA,NA,316842-2,www.ipni.org/n/316842-2,IPNI,1829,taxon_novo
Asteraceae,Arrojadoa,praxeloides,Arrojadoa_praxeloides,Mattf.,Arrojadoa praxeloides Mattf.,Unknown,Arrojadoa praxeloides Mattf.,Notizbl. Bot. Gart. Berlin-Dahlem 8: 435. 1923,FALSE,Brazil (Southern America),NA,NA,NA,20436-2,www.ipni.org/n/20436-2,IPNI,1923,taxon_novo
Asteraceae,Aspilia,andradelimae,Aspilia_andradelimae,J.U.Santos,Aspilia andradelimae J.U.Santos,Unknown,Aspilia andradelimae J.U.Santos,"Bol. Mus. Paraense Emilio Goeldi, N.S., Bot. 2(1): 5 (-7; fig. 1, est. II). 1985 [23 Dec 1985]",FALSE,"Serra das Flores, Ceará (Brazil, Southern America)",NA,NA,NA,323459-2,www.ipni.org/n/323459-2,IPNI,1985,taxon_novo
Asteraceae,Aspilia,asperrima,Aspilia_asperrima,Baker,Aspilia asperrima Baker,Unknown,Aspilia asperrima Baker,Fl. Bras. (Martius) 6(3): 200. 1884 [1 May 1884],FALSE,"Goiás (Brazil, Southern America)",NA,NA,NA,302652-2,www.ipni.org/n/302652-2,IPNI,1884,taxon_novo
Asteraceae,Aspilia,burchellii,Aspilia_burchellii,Baker,Aspilia burchellii Baker,Unknown,Aspilia burchellii Baker,Fl. Bras. (Martius) 6(3): 194. 1884 [1 May 1884],FALSE,Brazil (Southern America),NA,NA,NA,304067-2,www.ipni.org/n/304067-2,IPNI,1884,taxon_novo
Asteraceae,Aspilia,egleri,Aspilia_egleri,J.U.Santos,Aspilia egleri J.U.Santos,Unknown,Aspilia egleri J.U.Santos,"Revista Brasil. Bot. 19: 99, fig. 1996",FALSE,"Diamantina, Minas Gerais (Brazil, Southern America)",NA,NA,NA,301164-2,www.ipni.org/n/301164-2,IPNI,1996,taxon_novo
Asteraceae,Aspilia,malinvaudii,Aspilia_malinvaudii,Glaz.,Aspilia malinvaudii Glaz.,Unknown,Aspilia malinvaudii Glaz.,Bull. Soc. Bot. France 57(Mém. 3e): 412. 1910,FALSE,Brazil (Southern America),NA,NA,NA,22129-2,www.ipni.org/n/22129-2,IPNI,1910,taxon_novo
Asteraceae,Aspilia,paranensis,Aspilia_paranensis,Malme,Aspilia paranensis Malme,Unknown,Aspilia paranensis Malme,Kungl. Svenska Vetenskapsakad. Handl. 12(2): 88. 1933,FALSE,"Turma 23, hab. in campo, Paraná (Brazil, Southern America)",NA,NA,NA,22136-2,www.ipni.org/n/22136-2,IPNI,1933,taxon_novo
Asteraceae,Aspilia,pseudocalea,Aspilia_pseudocalea,G.H.L. da Silva & A.M.Teles,Aspilia pseudocalea G.H.L. da Silva & A.M.Teles,Unknown,Aspilia pseudocalea G.H.L. da Silva & A.M.Teles,Phytotaxa 314(1): 117. 2017 [21 Jul 2017] [epublished],FALSE,"Goiás (Brazil West-Central, Brazil, Southern America)",NA,NA,NA,77176300-1,www.ipni.org/n/77176300-1,IPNI,2017,taxon_novo
Asteraceae,Aspilia,pusilla,Aspilia_pusilla,Baker,Aspilia pusilla Baker,Unknown,Aspilia pusilla Baker,Fl. Bras. (Martius) 6(3): 193. 1884 [1 May 1884],FALSE,Brazil (Southern America),NA,NA,NA,300573-2,www.ipni.org/n/300573-2,IPNI,1884,taxon_novo
Asteraceae,Aspilia,serrulata,Aspilia_serrulata,Baker,Aspilia serrulata Baker,Unknown,Aspilia serrulata Baker,Fl. Bras. (Martius) 6(3): 204. 1884 [1 May 1884],FALSE,"Minas Gerais (Brazil, Southern America)",NA,NA,NA,306153-2,www.ipni.org/n/306153-2,IPNI,1884,taxon_novo
Asteraceae,Aspilia,simpsoniae,Aspilia_simpsoniae,H.Rob.,Aspilia simpsoniae H.Rob.,Unknown,Aspilia simpsoniae H.Rob.,"Phytologia 56: 271 (-272), fig. 1984",FALSE,Brazil (Southern America),NA,NA,NA,272767-2,www.ipni.org/n/272767-2,IPNI,1984,taxon_novo
Asteraceae,Aspilia,tomentosa,Aspilia_tomentosa,Baker,Aspilia tomentosa Baker,Unknown,Aspilia tomentosa Baker,Fl. Bras. (Martius) 6(3): 199. 1884 [1 May 1884],FALSE,"Minas Gerais (Brazil, Southern America)",NA,NA,NA,306911-2,www.ipni.org/n/306911-2,IPNI,1884,taxon_novo
Asteraceae,Aster,calocephalus,Aster_calocephalus,Malme,Aster calocephalus Malme,Unknown,Aster calocephalus Malme,"Kongl. Svenska Vetensk.-Akad. Handl. 32(5): 47, pl. 4, fig. 13. 1899",FALSE,Brazil (Southern America),NA,NA,NA,23163-2,www.ipni.org/n/23163-2,IPNI,1899,taxon_novo
Asteraceae,Aster,camporum,Aster_camporum,Gardner,Aster camporum Gardner,Unknown,Aster camporum Gardner,London J. Bot. 7: 79. 1848,FALSE,"Estado Goias, Brazil (Southern America)",NA,NA,NA,305029-2,www.ipni.org/n/305029-2,IPNI,1848,taxon_novo
Asteraceae,Aster,decumbens,Aster_decumbens,Baker,Aster decumbens Baker,Unknown,Aster decumbens Baker,"Fl. Bras. (Martius) 6(3): 24, t. 8, fig. 2. 1882 [1 Jul 1882]",FALSE,Brazil (Southern America),NA,NA,NA,23295-2,www.ipni.org/n/23295-2,IPNI,1882,taxon_novo
Asteraceae,Aster,psammophilus,Aster_psammophilus,Klatt,Aster psammophilus Klatt,Unknown,Aster psammophilus Klatt,Arbeit. Bot. Mus. Hamburg 4. 1890 Jahrb. Hamb. Wiss. Anstalt 9: 126.  1892,FALSE,"Bei Laguna, Santa Catarina (Brazil, Southern America)",NA,NA,NA,23976-2,www.ipni.org/n/23976-2,IPNI,1890,taxon_novo
Asteraceae,Aster,trianthus,Aster_trianthus,Vell.,Aster trianthus Vell.,Unknown,Aster trianthus Vell.,Fl. Flumin. Icon. 8: t. 120. 1831 [1827 publ. 29 Oct 1831],FALSE,"Paraná (Brazil, Southern America)",NA,NA,NA,182479-1,www.ipni.org/n/182479-1,IPNI,1831,taxon_novo
Asteraceae,Aster,warmingii,Aster_warmingii,Baker,Aster warmingii Baker,Unknown,Aster warmingii Baker,Fl. Bras. (Martius) 6(3): 23. 1882 [1 Jul 1882],FALSE,"in campis ad Lagoa Santa, Minas Gerais (Brazil, Southern America)",NA,NA,NA,302310-2,www.ipni.org/n/302310-2,IPNI,1882,taxon_novo
Asteraceae,Austroeupatorium,cordatoacuminatum,Austroeupatorium_cordatoacuminatum,H.Rob.,Austroeupatorium cordatoacuminatum H.Rob.,Unknown,Austroeupatorium cordatoacuminatum H.Rob.,Phytologia 88(2): 136 (-138; fig. 1). 2006 [Sep 2006],FALSE,"Espirito Santo (Brazil, Southern America)",NA,NA,NA,60445122-2,www.ipni.org/n/60445122-2,IPNI,2006,taxon_novo
Asteraceae,Baccharis,chachapoyasensis,Baccharis_chachapoyasensis,Cuatrec.,Baccharis chachapoyasensis Cuatrec.,Unknown,Baccharis chachapoyasensis Cuatrec.,Proc. Biol. Soc. Washington 77: 138. 1964,FALSE,"Amazonas (Brazil, Southern America)",NA,NA,NA,27867-2,www.ipni.org/n/27867-2,IPNI,1964,taxon_novo
Asteraceae,Baccharis,dutaillyana,Baccharis_dutaillyana,Glaz.,Baccharis dutaillyana Glaz.,Unknown,Baccharis dutaillyana Glaz.,Bull. Soc. Bot. France 57(Mém. 3e): 402. 1910,FALSE,Brazil (Southern America),NA,NA,NA,27906-2,www.ipni.org/n/27906-2,IPNI,1910,taxon_novo
Asteraceae,Baccharis,fluminensis,Baccharis_fluminensis,Glaz.,Baccharis fluminensis Glaz.,Unknown,Baccharis fluminensis Glaz.,Bull. Soc. Bot. France 57(Mém. 3e): 400. 1910,FALSE,Brazil (Southern America),NA,NA,NA,27918-2,www.ipni.org/n/27918-2,IPNI,1910,taxon_novo
Asteraceae,Baccharis,perplexa,Baccharis_perplexa,Malag. & J.Vidal,Baccharis perplexa Malag. & J.Vidal,Unknown,Baccharis perplexa Malag. & J.Vidal,Contr. Inst. Geobiol. La Salle Canoas no. 8: 38. 1957,FALSE,"Paraná (Brazil, Southern America)",NA,NA,NA,28077-2,www.ipni.org/n/28077-2,IPNI,1957,taxon_novo
Asteraceae,Baccharis,polycephala,Baccharis_polycephala,Sch.Bip.,Baccharis polycephala Sch.Bip.,Unknown,Baccharis polycephala Sch.Bip.,Linnaea 30: 181. 1859,FALSE,Brazil (Southern America),NA,NA,NA,314721-2,www.ipni.org/n/314721-2,IPNI,1859,taxon_novo
Asteraceae,Baccharis,subincisa,Baccharis_subincisa,Heering & Dusén,Baccharis subincisa Heering & Dusén,Unknown,Baccharis subincisa Heering & Dusén,"Ark. Bot. 9, no. 15: 25, pl. 6. 1910",FALSE,Brazil (Southern America),NA,NA,NA,28181-2,www.ipni.org/n/28181-2,IPNI,1910,taxon_novo
Asteraceae,Baccharis,tenuiptera,Baccharis_tenuiptera,Deble,Baccharis tenuiptera Deble,Unknown,Baccharis tenuiptera Deble,Balduinia 16: 30 (-33; fig. 1). 2009 [Apr ? 2009],FALSE,"Rio Grande do Sul (Brazil, Southern America)",NA,NA,NA,60452887-2,www.ipni.org/n/60452887-2,IPNI,2009,taxon_novo
Asteraceae,Baccharis,xylophylla,Baccharis_xylophylla,Baker,Baccharis xylophylla Baker,Unknown,Baccharis xylophylla Baker,Bull. Soc. Bot. France 57(Mém. 3e): 398. 1910,FALSE,Brazil (Southern America),NA,NA,NA,28258-2,www.ipni.org/n/28258-2,IPNI,1910,taxon_novo
Asteraceae,Barnadesia,chachapoyasensis,Barnadesia_chachapoyasensis,I.C.Chung,Barnadesia chachapoyasensis I.C.Chung,Unknown,Barnadesia chachapoyasensis I.C.Chung,Revis. Barnadesia 64. 1965,FALSE,"Chachapoyas, Amazonas (Brazil, Southern America)",NA,NA,NA,29586-2,www.ipni.org/n/29586-2,IPNI,1965,taxon_novo
Asteraceae,Barnadesia,weberbaueri,Barnadesia_weberbaueri,Muschl.,Barnadesia weberbaueri Muschl.,Unknown,Barnadesia weberbaueri Muschl.,"Bot. Jahrb. Syst. 50(2-3, Beibl. 111): 97. 1913 [19 Aug 1913]",FALSE,"Amazonas (Brazil, Southern America)",NA,NA,NA,29614-2,www.ipni.org/n/29614-2,IPNI,1913,taxon_novo
Asteraceae,Blennosperma,intermedia,Blennosperma_intermedia,W.R.Anderson,Blennosperma intermedia W.R.Anderson,Unknown,Blennosperma intermedia W.R.Anderson,"Mem. New York Bot. Gard. 32: 58 (-59), fig. 1981",FALSE,Brazil (Southern America),NA,NA,NA,33760-2,www.ipni.org/n/33760-2,IPNI,1981,taxon_novo
Asteraceae,Brickellia,gentianoides,Brickellia_gentianoides,B.L.Rob.,Brickellia gentianoides B.L.Rob.,Unknown,Brickellia gentianoides B.L.Rob.,Contr. Gray Herb. 68: 42. 1923,FALSE,Brazil (Southern America),NA,NA,NA,36421-2,www.ipni.org/n/36421-2,IPNI,1923,taxon_novo
Asteraceae,Cacalia,dichroa,Cacalia_dichroa,Bong.,Cacalia dichroa Bong.,Unknown,Cacalia dichroa Bong.,"Mém. Acad. Imp. Sci. Saint-Pétersbourg, Sér. 6, Sci. Math., Seconde Pt. Sci. Nat. 5(2, Bot.): 40 (t. 7). 1839 [Oct 1839] ; this is vol. 3 of the Sci. Nat. series; reprinted as Descr. Pl. Nov. with same pagination.",FALSE,"Minas Gerais (Brazil, Southern America)",NA,NA,NA,306834-2,www.ipni.org/n/306834-2,IPNI,1839,taxon_novo
Asteraceae,Cacalia,sessilis,Cacalia_sessilis,Vell.,Cacalia sessilis Vell.,Unknown,Cacalia sessilis Vell.,Fl. Flumin. 341. 1829 [1825 publ. 7 Sep-28 Nov 1829] ; see also Fl. Flumin. Icon. 8: t. 73. 1831 [1827 publ. 29 Oct 1831].,FALSE,Brazil (Southern America),NA,NA,NA,187239-1,www.ipni.org/n/187239-1,IPNI,1829,taxon_novo
Asteraceae,Calea,bipontinii,Calea_bipontinii,Krasch.,Calea bipontinii Krasch.,Unknown,Calea bipontinii Krasch.,Bot. Mater. Gerb. Glavn. Bot. Sada R.S.F.S.R. 4: 50. 1923,FALSE,"Mato Grosso (Brazil, Southern America)",NA,NA,NA,289601-2,www.ipni.org/n/289601-2,IPNI,1923,taxon_novo
Asteraceae,Calea,bishopii,Calea_bishopii,H.Rob.,Calea bishopii H.Rob.,Unknown,Calea bishopii H.Rob.,"Phytologia 49: 10, fig. 1981",FALSE,Brazil (Southern America),NA,NA,NA,41845-2,www.ipni.org/n/41845-2,IPNI,1981,taxon_novo
Asteraceae,Calea,camporum,Calea_camporum,Krasch.,Calea camporum Krasch.,Unknown,Calea camporum Krasch.,Bot. Mater. Gerb. Glavn. Bot. Sada R.S.F.S.R. 4: 51. 1923,FALSE,"Mato Grosso (Brazil, Southern America)",NA,NA,NA,41852-2,www.ipni.org/n/41852-2,IPNI,1923,taxon_novo
Asteraceae,Calea,glabrata,Calea_glabrata,Sch.Bip. ex Krasch.,Calea glabrata Sch.Bip. ex Krasch.,Unknown,Calea glabrata Sch.Bip. ex Krasch.,Bot. Mater. Gerb. Glavn. Bot. Sada R.S.F.S.R. 4: 52. 1923,FALSE,"Mato Grosso (Brazil, Southern America)",NA,NA,NA,41887-2,www.ipni.org/n/41887-2,IPNI,1923,taxon_novo
Asteraceae,Calea,petropolitana,Calea_petropolitana,Glaz.,Calea petropolitana Glaz.,Unknown,Calea petropolitana Glaz.,Bull. Soc. Bot. France 57(Mém. 3e): 415. 1910 [21 Feb 1910] ; alt. title: Mém. Soc. Bot. France 3e: 415. 21 Feb 1910,FALSE,Brazil (Southern America),NA,NA,NA,41957-2,www.ipni.org/n/41957-2,IPNI,1910,taxon_novo
Asteraceae,Carphobolus,cinereus,Carphobolus_cinereus,Sch.Bip.,Carphobolus cinereus Sch.Bip.,Unknown,Carphobolus cinereus Sch.Bip.,Jahresber. Pollichia xx-xi: 419. 1863,FALSE,"Minas Gerais (Brazil Southeast, Brazil, Southern America)",NA,NA,NA,189395-1,www.ipni.org/n/189395-1,IPNI,1863,taxon_novo
Asteraceae,Carphobolus,neurophyllus,Carphobolus_neurophyllus,Sch.Bip.,Carphobolus neurophyllus Sch.Bip.,Unknown,Carphobolus neurophyllus Sch.Bip.,Jahresber. Pollichia 20-21: 414. 1863,FALSE,"Rio de Janeiro (Brazil Southeast, Brazil, Southern America)",NA,NA,NA,189404-1,www.ipni.org/n/189404-1,IPNI,1863,taxon_novo
Asteraceae,Carphobolus,regnellii,Carphobolus_regnellii,Sch.Bip.,Carphobolus regnellii Sch.Bip.,Unknown,Carphobolus regnellii Sch.Bip.,Jahresber. Pollichia 20-21: 417. 1863 [15 Nov-31 Dec 1863],FALSE,"Minas Gerais (Brazil Southeast, Brazil, Southern America)",NA,NA,NA,189413-1,www.ipni.org/n/189413-1,IPNI,1863,taxon_novo
Asteraceae,Carphobolus,semiserrulatus,Carphobolus_semiserrulatus,Sch.Bip.,Carphobolus semiserrulatus Sch.Bip.,Unknown,Carphobolus semiserrulatus Sch.Bip.,Jahresber. Pollichia 20-21: 416. 1863,FALSE,Brazil (Southern America),NA,NA,NA,189417-1,www.ipni.org/n/189417-1,IPNI,1863,taxon_novo
Asteraceae,Castra,nobilis,Castra_nobilis,Vell.,Castra nobilis Vell.,Unknown,Castra nobilis Vell.,Fl. Flumin. 343. 1829 [1825 publ. 7 Sep-28 Nov 1829],FALSE,Brazil (Southern America),NA,NA,NA,313462-2,www.ipni.org/n/313462-2,IPNI,1829,taxon_novo
Asteraceae,Castra,regia,Castra_regia,Vell.,Castra regia Vell.,Unknown,Castra regia Vell.,Fl. Flumin. Icon. 8: t. 79. 1831 [1827 publ. 29 Oct 1831],FALSE,"maritimis fruticetis, Brazil (Southern America)",NA,NA,NA,313464-2,www.ipni.org/n/313464-2,IPNI,1831,taxon_novo
Asteraceae,Chionolaena,glaziovii,Chionolaena_glaziovii,Baker,Chionolaena glaziovii Baker,Unknown,Chionolaena glaziovii Baker,Fl. Bras. (Martius) 6(3): 130. 1882 [1 Jul 1882],FALSE,"Minas Gerais (Brazil, Southern America)",NA,NA,NA,305585-2,www.ipni.org/n/305585-2,IPNI,1882,taxon_novo
Asteraceae,Chionolaena,glomerata,Chionolaena_glomerata,Baker,Chionolaena glomerata Baker,Unknown,Chionolaena glomerata Baker,Fl. Bras. (Martius) 6(3): 130. 1882 [1 Jul 1882],FALSE,"Rio de Janeiro (Brazil, Southern America)",NA,NA,NA,305584-2,www.ipni.org/n/305584-2,IPNI,1882,taxon_novo
Asteraceae,Chionolaena,innovans,Chionolaena_innovans,Wawra,Chionolaena innovans Wawra,Unknown,Chionolaena innovans Wawra,Itin. Princ. S. Coburgi 2: 30. 1888,FALSE,Brazil (Southern America),NA,NA,NA,56654-2,www.ipni.org/n/56654-2,IPNI,1888,taxon_novo
Asteraceae,Chrysocoma,aphylla,Chrysocoma_aphylla,Vell.,Chrysocoma aphylla Vell.,Unknown,Chrysocoma aphylla Vell.,Fl. Flumin. 324. 1829 [1825 publ. 7 Sep-28 Nov 1829] ; see also Fl. Flumin. Icon. 8: t. 1. 1831 [1827 publ. 29 Oct 1831].,FALSE,Brazil (Southern America),NA,NA,NA,193883-1,www.ipni.org/n/193883-1,IPNI,1829,taxon_novo
Asteraceae,Chrysocoma,crassa,Chrysocoma_crassa,Vell.,Chrysocoma crassa Vell.,Unknown,Chrysocoma crassa Vell.,Fl. Flumin. 305. 1829 [1825 publ. 7 Sep-28 Nov 1829],FALSE,"Vila Velha, in campo rupestri, 875 m, Paraná (Brazil, Southern America)",NA,NA,NA,274579-2,www.ipni.org/n/274579-2,IPNI,1829,taxon_novo
Asteraceae,Chrysocoma,nuda,Chrysocoma_nuda,Vell.,Chrysocoma nuda Vell.,Unknown,Chrysocoma nuda Vell.,Fl. Flumin. 335. 1829 [1825 publ. 7 Sep-28 Nov 1829] ; see also Fl. Flumin. Icon. 8: t. 50. 1831 [1827 publ. 29 Oct 1831].,FALSE,Brazil (Southern America),NA,NA,NA,193960-1,www.ipni.org/n/193960-1,IPNI,1829,taxon_novo
Asteraceae,Chrysocoma,quadrangularis,Chrysocoma_quadrangularis,Vell.,Chrysocoma quadrangularis Vell.,Unknown,Chrysocoma quadrangularis Vell.,Fl. Flumin. 329. 1829 [1825 publ. 7 Sep-28 Nov 1829],FALSE,Brazil (Southern America),NA,NA,NA,315587-2,www.ipni.org/n/315587-2,IPNI,1829,taxon_novo
Asteraceae,Chrysocoma,verticillata,Chrysocoma_verticillata,Vell.,Chrysocoma verticillata Vell.,Unknown,Chrysocoma verticillata Vell.,Fl. Flumin. 330. 1829 [1825 publ. 7 Sep-28 Nov 1829] ; see also Fl. Flumin. Icon. 8: t. 26. 1831. [1827 publ. 29 Oct 1831],FALSE,"Rio de Janeiro (Brazil Southeast, Brazil, Southern America)",NA,NA,NA,194039-1,www.ipni.org/n/194039-1,IPNI,1829,taxon_novo
Asteraceae,Chuquiraga,lanosa,Chuquiraga_lanosa,Glaz.,Chuquiraga lanosa Glaz.,Unknown,Chuquiraga lanosa Glaz.,Bull. Soc. Bot. France 57(Mém. 3e): 420. 1910,FALSE,Brazil (Southern America),NA,NA,NA,58301-2,www.ipni.org/n/58301-2,IPNI,1910,taxon_novo
Asteraceae,Chuquiraga,unguis-cati,Chuquiraga_unguis-cati,Ces.,Chuquiraga unguis-cati Ces.,Unknown,Chuquiraga unguis-cati Ces.,Atti Accad. Sci. Fis. 5: 11. 1873,FALSE,"Bahia (Brazil, Southern America)",NA,NA,NA,58333-2,www.ipni.org/n/58333-2,IPNI,1873,taxon_novo
Asteraceae,Cineraria,brasiliensis,Cineraria_brasiliensis,Spreng.,Cineraria brasiliensis Spreng.,Unknown,Cineraria brasiliensis Spreng.,Neue Entdeck. Pflanzenk. 2: 142. 1821,FALSE,Brazil (Southern America),NA,NA,NA,315588-2,www.ipni.org/n/315588-2,IPNI,1821,taxon_novo
Asteraceae,Cololobus,ruschianus,Cololobus_ruschianus,"M.Monge, Fraga & A.P.Fontana","Cololobus ruschianus M.Monge, Fraga & A.P.Fontana",Unknown,"Cololobus ruschianus M.Monge, Fraga & A.P.Fontana",Syst. Bot. 46(4): 1115. 2021 [21 Dec 2021] [epublished],FALSE,"Espírito Santo (Brazil Southeast, Brazil, Southern America)",NA,NA,NA,77260800-1,www.ipni.org/n/77260800-1,IPNI,2021,taxon_novo
Asteraceae,Conoclinium,betoniciforme,Conoclinium_betoniciforme,DC.,Conoclinium betoniciforme DC.,Unknown,Conoclinium betoniciforme DC.,Prodr. [A. P. de Candolle] 5: 135. 1836 [1-10 Oct 1836],FALSE,"Argent., Bolivia, Brazil, Uruguay",NA,NA,NA,64239-2,www.ipni.org/n/64239-2,IPNI,1836,taxon_novo
Asteraceae,Conyza,capillipes,Conyza_capillipes,S.Moore,Conyza capillipes S.Moore,Unknown,Conyza capillipes S.Moore,"Trans. Linn. Soc. London, Bot. ser. 2, 4: 387. 1895",FALSE,Brazil (Southern America),NA,NA,NA,64819-2,www.ipni.org/n/64819-2,IPNI,1895,taxon_novo
Asteraceae,Conyza,capitata,Conyza_capitata,Spreng.,Conyza capitata Spreng.,Unknown,Conyza capitata Spreng.,"Syst. Veg., ed. 16 [Sprengel] 3: 507. 1826 [Jan-Mar 1826]",FALSE,Brazil (Southern America),NA,NA,NA,274868-2,www.ipni.org/n/274868-2,IPNI,1826,taxon_novo
Asteraceae,Cronquistianthus,bishopii,Cronquistianthus_bishopii,R.M.King & H.Rob.,Cronquistianthus bishopii R.M.King & H.Rob.,Unknown,Cronquistianthus bishopii R.M.King & H.Rob.,"Phytologia 54: 40, fig. 1983",FALSE,"Amazonas (Brazil, Southern America)",NA,NA,NA,275318-2,www.ipni.org/n/275318-2,IPNI,1983,taxon_novo
Asteraceae,Cronquistianthus,chachapoyensis,Cronquistianthus_chachapoyensis,R.M.King & H.Rob.,Cronquistianthus chachapoyensis R.M.King & H.Rob.,Unknown,Cronquistianthus chachapoyensis R.M.King & H.Rob.,"Phytologia 51: 180, fig. 1982",FALSE,"Amazonas (Brazil, Southern America)",NA,NA,NA,275320-2,www.ipni.org/n/275320-2,IPNI,1982,taxon_novo
Asteraceae,Dahlia,rudis,Dahlia_rudis,P.D.Sørensen,Dahlia rudis P.D.Sørensen,Unknown,Dahlia rudis P.D.Sørensen,Rhodora 71: 369. 1969,FALSE,"Distrito Federal (Brazil, Southern America)",NA,NA,NA,75858-2,www.ipni.org/n/75858-2,IPNI,1969,taxon_novo
Asteraceae,Decachaeta,conferta,Decachaeta_conferta,Gardner,Decachaeta conferta Gardner,Unknown,Decachaeta conferta Gardner,London J. Bot. 5: 463. 1846,FALSE,Brazil (Southern America),NA,NA,NA,77060-2,www.ipni.org/n/77060-2,IPNI,1846,taxon_novo
Asteraceae,Decachaeta,longifolia,Decachaeta_longifolia,Gardner,Decachaeta longifolia Gardner,Unknown,Decachaeta longifolia Gardner,London J. Bot. 5: 462. 1846,FALSE,Brazil (Southern America),NA,NA,NA,77062-2,www.ipni.org/n/77062-2,IPNI,1846,taxon_novo
Asteraceae,Delairea,aparadensis,Delairea_aparadensis,Funez & Hassemer,Delairea aparadensis Funez & Hassemer,Unknown,Delairea aparadensis Funez & Hassemer,Phytotaxa 494(1): 123. 2021 [31 Mar 2021] [epublished],FALSE,"Santa Catarina (Brazil South, Brazil, Southern America)",NA,NA,NA,77218271-1,www.ipni.org/n/77218271-1,IPNI,2021,taxon_novo
Asteraceae,Diplopappus,corymbosus,Diplopappus_corymbosus,Hook. & Arn.,Diplopappus corymbosus Hook. & Arn.,Unknown,Diplopappus corymbosus Hook. & Arn.,Companion Bot. Mag. 2: 48. 1836,FALSE,"Rio Grande do Sul (Brazil, Southern America)",NA,NA,NA,304014-2,www.ipni.org/n/304014-2,IPNI,1836,taxon_novo
Asteraceae,Diplopappus,villosus,Diplopappus_villosus,Hook. & Arn.,Diplopappus villosus Hook. & Arn.,Unknown,Diplopappus villosus Hook. & Arn.,Companion Bot. Mag. 2: 48. 1836,FALSE,"Rio Grande do Sul (Brazil, Southern America)",NA,NA,NA,201654-1,www.ipni.org/n/201654-1,IPNI,1836,taxon_novo
Asteraceae,Diplostephium,callaense,Diplostephium_callaense,Cuatrec.,Diplostephium callaense Cuatrec.,Unknown,Diplostephium callaense Cuatrec.,Proc. Biol. Soc. Washington 77: 130. 1964,FALSE,"Amazonas (Brazil, Southern America)",NA,NA,NA,81771-2,www.ipni.org/n/81771-2,IPNI,1964,taxon_novo
Asteraceae,Diplostephium,konotrichum,Diplostephium_konotrichum,Cuatrec.,Diplostephium konotrichum Cuatrec.,Unknown,Diplostephium konotrichum Cuatrec.,Proc. Biol. Soc. Washington 77: 131. 1964,FALSE,"Amazonas (Brazil, Southern America)",NA,NA,NA,81827-2,www.ipni.org/n/81827-2,IPNI,1964,taxon_novo
Asteraceae,Diplostephium,wurdackii,Diplostephium_wurdackii,Cuatrec.,Diplostephium wurdackii Cuatrec.,Unknown,Diplostephium wurdackii Cuatrec.,Proc. Biol. Soc. Washington 77: 135. 1964,FALSE,"Amazonas (Brazil, Southern America)",NA,NA,NA,81890-2,www.ipni.org/n/81890-2,IPNI,1964,taxon_novo
Asteraceae,Eitenia,praxeloides,Eitenia_praxeloides,R.M.King & H.Rob.,Eitenia praxeloides R.M.King & H.Rob.,Unknown,Eitenia praxeloides R.M.King & H.Rob.,"Phytologia 28: 282, figs. 1974",FALSE,"Goiás (Brazil, Southern America)",NA,NA,NA,88934-2,www.ipni.org/n/88934-2,IPNI,1974,taxon_novo
Asteraceae,Elephantopus,arenosus,Elephantopus_arenosus,Krasch.,Elephantopus arenosus Krasch.,Unknown,Elephantopus arenosus Krasch.,Bot. Mater. Gerb. Glavn. Bot. Sada R.S.F.S.R. 3: 161. 1922,FALSE,Brazil (Southern America),NA,NA,NA,89904-2,www.ipni.org/n/89904-2,IPNI,1922,taxon_novo
Asteraceae,Elephantopus,piauiensis,Elephantopus_piauiensis,R.Barros & Semir,Elephantopus piauiensis R.Barros & Semir,Unknown,Elephantopus piauiensis R.Barros & Semir,Ernstia 13(3-4): 96 (95-99; fig. 1). 2003 [Dec 2003],FALSE,"Piaui (Brazil, Southern America)",NA,NA,NA,60440711-2,www.ipni.org/n/60440711-2,IPNI,2003,taxon_novo
Asteraceae,Elephantopus,pilosus,Elephantopus_pilosus,Philipson,Elephantopus pilosus Philipson,Unknown,Elephantopus pilosus Philipson,J. Bot. 77: 314. 1939,FALSE,"Brazil, Dutch, French &amp; British Guiana, Trinidad &amp; Antigua",NA,NA,NA,89920-2,www.ipni.org/n/89920-2,IPNI,1939,taxon_novo
Asteraceae,Eremanthus,labordei,Eremanthus_labordei,Glaz.,Eremanthus labordei Glaz.,Unknown,Eremanthus labordei Glaz.,Bull. Soc. Bot. France 56(Mém. 3d): 380. 1909,FALSE,Brazil (Southern America),NA,NA,NA,93348-2,www.ipni.org/n/93348-2,IPNI,1909,taxon_novo
Asteraceae,Eremanthus,schwackei,Eremanthus_schwackei,Glaz.,Eremanthus schwackei Glaz.,Unknown,Eremanthus schwackei Glaz.,Bull. Soc. Bot. France 56(Mém. 3d): 380. 1909,FALSE,Brazil (Southern America),NA,NA,NA,93356-2,www.ipni.org/n/93356-2,IPNI,1909,taxon_novo
Asteraceae,Eremanthus,tomentosus,Eremanthus_tomentosus,Loeuille & Bringel,Eremanthus tomentosus Loeuille & Bringel,Unknown,Eremanthus tomentosus Loeuille & Bringel,Phytotaxa 531(3): 250. 2022 [21 Jan 2022] [epublished],FALSE,"Minas Gerais (Brazil Southeast, Brazil, Southern America);Brasília Distrito Federal (Brazil West-Central, Brazil, Southern America);Goiás (Brazil West-Central, Brazil, Southern America);",NA,NA,NA,77249088-1,www.ipni.org/n/77249088-1,IPNI,2022,taxon_novo
Asteraceae,Eupatorium,adamantium,Eupatorium_adamantium,Gardner,Eupatorium adamantium Gardner,Unknown,Eupatorium adamantium Gardner,London J. Bot. 5: 477. 1846,FALSE,Brazil (Southern America),NA,NA,NA,99424-2,www.ipni.org/n/99424-2,IPNI,1846,taxon_novo
Asteraceae,Eupatorium,adenanthum,Eupatorium_adenanthum,DC.,Eupatorium adenanthum DC.,Unknown,Eupatorium adenanthum DC.,Prodr. [A. P. de Candolle] 5: 164. 1836 [1-10 Oct 1836],FALSE,Brazil (Southern America),NA,NA,NA,99427-2,www.ipni.org/n/99427-2,IPNI,1836,taxon_novo
Asteraceae,Eupatorium,alternifolium,Eupatorium_alternifolium,Sch.Bip. ex Baker,Eupatorium alternifolium Sch.Bip. ex Baker,Unknown,Eupatorium alternifolium Sch.Bip. ex Baker,Fl. Bras. (Martius) 6(2): 333. 1876 [1 Feb 1876],FALSE,"Argentina, Brazil, Parag",NA,NA,NA,99458-2,www.ipni.org/n/99458-2,IPNI,1876,taxon_novo
Asteraceae,Eupatorium,amphidyctium,Eupatorium_amphidyctium,DC.,Eupatorium amphidyctium DC.,Unknown,Eupatorium amphidyctium DC.,Prodr. [A. P. de Candolle] 5: 163. 1836 [1-10 Oct 1836],FALSE,Brazil (Southern America),NA,NA,NA,99476-2,www.ipni.org/n/99476-2,IPNI,1836,taxon_novo
Asteraceae,Eupatorium,anethifolium,Eupatorium_anethifolium,DC.,Eupatorium anethifolium DC.,Unknown,Eupatorium anethifolium DC.,Prodr. [A. P. de Candolle] 5: 182. 1836 [1-10 Oct 1836],FALSE,Brazil (Southern America),NA,NA,NA,99489-2,www.ipni.org/n/99489-2,IPNI,1836,taxon_novo
Asteraceae,Eupatorium,angulicaule,Eupatorium_angulicaule,Baker,Eupatorium angulicaule Baker,Unknown,Eupatorium angulicaule Baker,Fl. Bras. (Martius) 6(2): 287. 1876 [1 Feb 1876],FALSE,"Minas Gerais (Brazil, Southern America)",NA,NA,NA,99493-2,www.ipni.org/n/99493-2,IPNI,1876,taxon_novo
Asteraceae,Eupatorium,angulosum,Eupatorium_angulosum,Glaz.,Eupatorium angulosum Glaz.,Unknown,Eupatorium angulosum Glaz.,Bull. Soc. Bot. France 56(Mém. 3d): 390. 1909,FALSE,Brazil (Southern America),NA,NA,NA,99495-2,www.ipni.org/n/99495-2,IPNI,1909,taxon_novo
Asteraceae,Eupatorium,armanii,Eupatorium_armanii,Balb.,Eupatorium armanii Balb.,Unknown,Eupatorium armanii Balb.,Hort. Taur. Stirp. 1: 27 (t. 6). 1810,FALSE,Brazil (Southern America),NA,NA,NA,327955-2,www.ipni.org/n/327955-2,IPNI,1810,taxon_novo
Asteraceae,Eupatorium,basifolium,Eupatorium_basifolium,Malme,Eupatorium basifolium Malme,Unknown,Eupatorium basifolium Malme,Ark. Bot. 24A(8): 30. 1932,FALSE,"Mato Grosso (Brazil, Southern America)",NA,NA,NA,99577-2,www.ipni.org/n/99577-2,IPNI,1932,taxon_novo
Asteraceae,Eupatorium,brevipetiolatum,Eupatorium_brevipetiolatum,Sch.Bip. ex Baker,Eupatorium brevipetiolatum Sch.Bip. ex Baker,Unknown,Eupatorium brevipetiolatum Sch.Bip. ex Baker,"Fl. Bras. (Martius) 6(2): 335, sub E. multicrenulatum. 1876 [1 Feb 1876]",FALSE,Brazil (Southern America),NA,NA,NA,1096787-2,www.ipni.org/n/1096787-2,IPNI,1876,taxon_novo
Asteraceae,Eupatorium,brickelloides,Eupatorium_brickelloides,Klatt,Eupatorium brickelloides Klatt,Unknown,Eupatorium brickelloides Klatt,Arbeit. Bot. Mus. Hamburg 2. 1890 Jahrb. Hamburg. Wiss. Anstalt 9: 124. 1892,FALSE,"Bei Tubaro, Santa Catarina (Brazil, Southern America)",NA,NA,NA,99620-2,www.ipni.org/n/99620-2,IPNI,1890,taxon_novo
Asteraceae,Eupatorium,bupleurifolium,Eupatorium_bupleurifolium,DC.,Eupatorium bupleurifolium DC.,Unknown,Eupatorium bupleurifolium DC.,Prodr. [A. P. de Candolle] 5: 149. 1836 [1-10 Oct 1836],FALSE,Brazil (Southern America),NA,NA,NA,99637-2,www.ipni.org/n/99637-2,IPNI,1836,taxon_novo
Asteraceae,Eupatorium,carnosifolium,Eupatorium_carnosifolium,B.L.Rob.,Eupatorium carnosifolium B.L.Rob.,Unknown,Eupatorium carnosifolium B.L.Rob.,Contr. Gray Herb. 80: 15. 1928,FALSE,Brazil (Southern America),NA,NA,NA,99686-2,www.ipni.org/n/99686-2,IPNI,1928,taxon_novo
Asteraceae,Eupatorium,chlorolepis,Eupatorium_chlorolepis,Baker,Eupatorium chlorolepis Baker,Unknown,Eupatorium chlorolepis Baker,Fl. Bras. (Martius) 6(2): 357. 1876 [1 Feb 1876],FALSE,"Minas Gerais (Brazil, Southern America)",NA,NA,NA,99714-2,www.ipni.org/n/99714-2,IPNI,1876,taxon_novo
Asteraceae,Eupatorium,clibadioides,Eupatorium_clibadioides,Baker,Eupatorium clibadioides Baker,Unknown,Eupatorium clibadioides Baker,Bull. Misc. Inform. Kew 1895(100-101): 105. [Apr-May 1895],FALSE,Brazil (Southern America),NA,NA,NA,99733-2,www.ipni.org/n/99733-2,IPNI,1895,taxon_novo
Asteraceae,Eupatorium,coriaceum,Eupatorium_coriaceum,Scheele,Eupatorium coriaceum Scheele,Unknown,Eupatorium coriaceum Scheele,Linnaea 18: 457. 1845,FALSE,Brazil (Southern America),NA,NA,NA,99796-2,www.ipni.org/n/99796-2,IPNI,1845,taxon_novo
Asteraceae,Eupatorium,crenulatum,Eupatorium_crenulatum,Gardner,Eupatorium crenulatum Gardner,Unknown,Eupatorium crenulatum Gardner,London J. Bot. 5: 474. 1846,FALSE,Brazil (Southern America),NA,NA,NA,308242-2,www.ipni.org/n/308242-2,IPNI,1846,taxon_novo
Asteraceae,Eupatorium,cujabense,Eupatorium_cujabense,S.Moore,Eupatorium cujabense S.Moore,Unknown,Eupatorium cujabense S.Moore,"Trans. Linn. Soc. London, Bot. ser. 2, 4: 385. 1895",FALSE,Brazil (Southern America),NA,NA,NA,99831-2,www.ipni.org/n/99831-2,IPNI,1895,taxon_novo
Asteraceae,Eupatorium,dimorpholepis,Eupatorium_dimorpholepis,Baker,Eupatorium dimorpholepis Baker,Unknown,Eupatorium dimorpholepis Baker,Fl. Bras. (Martius) 6(2): 331. 1876 [1 Feb 1876],FALSE,Brazil (Southern America),NA,NA,NA,99877-2,www.ipni.org/n/99877-2,IPNI,1876,taxon_novo
Asteraceae,Eupatorium,discolor,Eupatorium_discolor,Spreng.,Eupatorium discolor Spreng.,Unknown,Eupatorium discolor Spreng.,"Syst. Veg., ed. 16 [Sprengel] 3: 412. 1826 [Jan-Mar 1826]",FALSE,Brazil (Southern America),NA,NA,NA,99879-2,www.ipni.org/n/99879-2,IPNI,1826,taxon_novo
Asteraceae,Eupatorium,discolor,Eupatorium_discolor,DC.,Eupatorium discolor DC.,Unknown,Eupatorium discolor DC.,Prodr. [A. P. de Candolle] 5: 161. 1836 [1-10 Oct 1836],FALSE,Brazil (Southern America),NA,NA,NA,99880-2,www.ipni.org/n/99880-2,IPNI,1836,taxon_novo
Asteraceae,Eupatorium,dispalatum,Eupatorium_dispalatum,Gardner,Eupatorium dispalatum Gardner,Unknown,Eupatorium dispalatum Gardner,London J. Bot. 4: 117. 1845,FALSE,Brazil (Southern America),NA,NA,NA,99881-2,www.ipni.org/n/99881-2,IPNI,1845,taxon_novo
Asteraceae,Eupatorium,dusenii,Eupatorium_dusenii,Malme,Eupatorium dusenii Malme,Unknown,Eupatorium dusenii Malme,"Kungl. Svenska Vetenskapsakad. Handl. 12(2): 38, t. 1. 1933",FALSE,"Paraná (Brazil, Southern America)",NA,NA,NA,99904-2,www.ipni.org/n/99904-2,IPNI,1933,taxon_novo
Asteraceae,Eupatorium,ericoides,Eupatorium_ericoides,DC.,Eupatorium ericoides DC.,Unknown,Eupatorium ericoides DC.,Prodr. [A. P. de Candolle] 5: 150. 1836 [1-10 Oct 1836],FALSE,Brazil (Southern America),NA,NA,NA,99923-2,www.ipni.org/n/99923-2,IPNI,1836,taxon_novo
Asteraceae,Eupatorium,firmum,Eupatorium_firmum,Glaz.,Eupatorium firmum Glaz.,Unknown,Eupatorium firmum Glaz.,Bull. Soc. Bot. France 56(Mém. 3d): 385. 1909,FALSE,Brazil (Southern America),NA,NA,NA,99965-2,www.ipni.org/n/99965-2,IPNI,1909,taxon_novo
Asteraceae,Eupatorium,fulvum,Eupatorium_fulvum,Hook. & Arn.,Eupatorium fulvum Hook. & Arn.,Unknown,Eupatorium fulvum Hook. & Arn.,Compan. Bot. Mag. 1: 241. 1835,FALSE,"Rio Grande do Sul (Brazil, Southern America)",NA,NA,NA,326460-2,www.ipni.org/n/326460-2,IPNI,1835,taxon_novo
Asteraceae,Eupatorium,ganophyllum,Eupatorium_ganophyllum,Mattf.,Eupatorium ganophyllum Mattf.,Unknown,Eupatorium ganophyllum Mattf.,Notizbl. Bot. Gart. Berlin-Dahlem 9(85): 379. 1925 [15 Jun 1925],FALSE,"Bahia (Brazil, Southern America)",NA,NA,NA,99996-2,www.ipni.org/n/99996-2,IPNI,1925,taxon_novo
Asteraceae,Eupatorium,gaudichaudianum,Eupatorium_gaudichaudianum,DC.,Eupatorium gaudichaudianum DC.,Unknown,Eupatorium gaudichaudianum DC.,Prodr. [A. P. de Candolle] 5: 148. 1836 [1-10 Oct 1836] (as 'Gaudichaudianum'),FALSE,Brazil (Southern America),NA,NA,NA,99999-2,www.ipni.org/n/99999-2,IPNI,1836,taxon_novo
Asteraceae,Eupatorium,glandulosissimum,Eupatorium_glandulosissimum,Malme,Eupatorium glandulosissimum Malme,Unknown,Eupatorium glandulosissimum Malme,Kongl. Svenska Vetensk.-Akad. Handl. 32(5): 40. 1899,FALSE,Brazil (Southern America),NA,NA,NA,100015-2,www.ipni.org/n/100015-2,IPNI,1899,taxon_novo
Asteraceae,Eupatorium,goyazense,Eupatorium_goyazense,Glaz.,Eupatorium goyazense Glaz.,Unknown,Eupatorium goyazense Glaz.,Bull. Soc. Bot. France 56(Mém. 3d): 386. 1909,FALSE,Brazil (Southern America),NA,NA,NA,100027-2,www.ipni.org/n/100027-2,IPNI,1909,taxon_novo
Asteraceae,Eupatorium,griseopubescens,Eupatorium_griseopubescens,Dusén ex Malme,Eupatorium griseopubescens Dusén ex Malme,Unknown,Eupatorium griseopubescens Dusén ex Malme,"Kungl. Svenska Vetenskapsakad. Handl. 12(2): 49, f. 9. 1933",FALSE,"Paraná (Brazil, Southern America)",NA,NA,NA,100042-2,www.ipni.org/n/100042-2,IPNI,1933,taxon_novo
Asteraceae,Eupatorium,hagelundii,Eupatorium_hagelundii,Matzenb.,Eupatorium hagelundii Matzenb.,Unknown,Eupatorium hagelundii Matzenb.,"Iheringia, Bot. 68(1): 159. 2013 [30 Jun 2013]",FALSE,"Rio Grande do Sul (Brazil South, Brazil, Southern America)",NA,NA,NA,77133327-1,www.ipni.org/n/77133327-1,IPNI,2013,taxon_novo
Asteraceae,Eupatorium,halimifolium,Eupatorium_halimifolium,DC.,Eupatorium halimifolium DC.,Unknown,Eupatorium halimifolium DC.,Prodr. [A. P. de Candolle] 5: 150. 1836 [1-10 Oct 1836],FALSE,Brazil (Southern America),NA,NA,NA,100057-2,www.ipni.org/n/100057-2,IPNI,1836,taxon_novo
Asteraceae,Eupatorium,hemisphaericum,Eupatorium_hemisphaericum,DC.,Eupatorium hemisphaericum DC.,Unknown,Eupatorium hemisphaericum DC.,Prodr. [A. P. de Candolle] 5: 160. 1836 [1-10 Oct 1836],FALSE,Brazil (Southern America),NA,NA,NA,100080-2,www.ipni.org/n/100080-2,IPNI,1836,taxon_novo
Asteraceae,Eupatorium,hilarii,Eupatorium_hilarii,B.L.Rob.,Eupatorium hilarii B.L.Rob.,Unknown,Eupatorium hilarii B.L.Rob.,Contr. Gray Herb. 68: 19. 1923,FALSE,Brazil (Southern America),NA,NA,NA,100097-2,www.ipni.org/n/100097-2,IPNI,1923,taxon_novo
Asteraceae,Eupatorium,hirsutissimum,Eupatorium_hirsutissimum,Baker,Eupatorium hirsutissimum Baker,Unknown,Eupatorium hirsutissimum Baker,Fl. Bras. (Martius) 6(2): 311. 1876 [1 Feb 1876],FALSE,Brazil (Southern America),NA,NA,NA,277022-2,www.ipni.org/n/277022-2,IPNI,1876,taxon_novo
Asteraceae,Eupatorium,intermedium,Eupatorium_intermedium,DC.,Eupatorium intermedium DC.,Unknown,Eupatorium intermedium DC.,Prodr. [A. P. de Candolle] 5: 148. 1836 [1-10 Oct 1836],FALSE,Brazil (Southern America),NA,NA,NA,100166-2,www.ipni.org/n/100166-2,IPNI,1836,taxon_novo
Asteraceae,Eupatorium,itacolumiense,Eupatorium_itacolumiense,Sch.Bip. ex Baker,Eupatorium itacolumiense Sch.Bip. ex Baker,Unknown,Eupatorium itacolumiense Sch.Bip. ex Baker,Fl. Bras. (Martius) 6(2): 310. 1876 [1 Feb 1876],FALSE,"Minas Gerais (Brazil, Southern America)",NA,NA,NA,100187-2,www.ipni.org/n/100187-2,IPNI,1876,taxon_novo
Asteraceae,Eupatorium,itatiayense,Eupatorium_itatiayense,Hieron.,Eupatorium itatiayense Hieron.,Unknown,Eupatorium itatiayense Hieron.,Bot. Jahrb. Syst. 22(4-5): 764. 1897 [23 Feb 1897],FALSE,Brazil (Southern America),NA,NA,NA,100188-2,www.ipni.org/n/100188-2,IPNI,1897,taxon_novo
Asteraceae,Eupatorium,lasiolepis,Eupatorium_lasiolepis,B.L.Rob.,Eupatorium lasiolepis B.L.Rob.,Unknown,Eupatorium lasiolepis B.L.Rob.,Contr. Gray Herb. 96: 21. 1931,FALSE,"Rio Grande do Sul (Brazil, Southern America)",NA,NA,NA,100275-2,www.ipni.org/n/100275-2,IPNI,1931,taxon_novo
Asteraceae,Eupatorium,laxicephalum,Eupatorium_laxicephalum,Cabrera,Eupatorium laxicephalum Cabrera,Unknown,Eupatorium laxicephalum Cabrera,"Sellowia 15: 196, fig. 5. 1963",FALSE,"Santa Catarina (Brazil, Southern America)",NA,NA,NA,100285-2,www.ipni.org/n/100285-2,IPNI,1963,taxon_novo
Asteraceae,Eupatorium,leptolepis,Eupatorium_leptolepis,Baker,Eupatorium leptolepis Baker,Unknown,Eupatorium leptolepis Baker,Fl. Bras. (Martius) 6(2): 359. 1876 [1 Feb 1876],FALSE,"Rio Grande do Sul (Brazil, Southern America)",NA,NA,NA,100297-2,www.ipni.org/n/100297-2,IPNI,1876,taxon_novo
Asteraceae,Eupatorium,ligulifolium,Eupatorium_ligulifolium,Hook. & Arn.,Eupatorium ligulifolium Hook. & Arn.,Unknown,Eupatorium ligulifolium Hook. & Arn.,Compan. Bot. Mag. 1: 242. 1836,FALSE,Brazil (Southern America),NA,NA,NA,100314-2,www.ipni.org/n/100314-2,IPNI,1836,taxon_novo
Asteraceae,Eupatorium,lineare,Eupatorium_lineare,Malme,Eupatorium lineare Malme,Unknown,Eupatorium lineare Malme,Ark. Bot. 24A (8): 23. 1932,FALSE,"Mato Grosso (Brazil, Southern America)",NA,NA,NA,100322-2,www.ipni.org/n/100322-2,IPNI,1932,taxon_novo
Asteraceae,Eupatorium,littorale,Eupatorium_littorale,Cabrera,Eupatorium littorale Cabrera,Unknown,Eupatorium littorale Cabrera,"Bol. Soc. Argent. Bot. 7: 189, fig. 2. 1959",FALSE,"Santa Catarina (Brazil, Southern America)",NA,NA,NA,100326-2,www.ipni.org/n/100326-2,IPNI,1959,taxon_novo
Asteraceae,Eupatorium,malachophyllum,Eupatorium_malachophyllum,Klatt,Eupatorium malachophyllum Klatt,Unknown,Eupatorium malachophyllum Klatt,Jahrb. Hamburg. Wiss. Anst. 9: 125. 1892 Arbeit. Bot. Mus. Hamb. 3.  1890,FALSE,Brazil (Southern America),NA,NA,NA,100379-2,www.ipni.org/n/100379-2,IPNI,1892,taxon_novo
Asteraceae,Eupatorium,megaphyllum,Eupatorium_megaphyllum,Baker,Eupatorium megaphyllum Baker,Unknown,Eupatorium megaphyllum Baker,Fl. Bras. (Martius) 6(2): 322. 1876 [1 Feb 1876],FALSE,Brazil (Southern America),NA,NA,NA,100404-2,www.ipni.org/n/100404-2,IPNI,1876,taxon_novo
Asteraceae,Eupatorium,mexiae,Eupatorium_mexiae,B.L.Rob.,Eupatorium mexiae B.L.Rob.,Unknown,Eupatorium mexiae B.L.Rob.,Contr. Gray Herb. 104: 20. 1934,FALSE,"Minas Gerais (Brazil, Southern America)",NA,NA,NA,100415-2,www.ipni.org/n/100415-2,IPNI,1934,taxon_novo
Asteraceae,Eupatorium,meyeri,Eupatorium_meyeri,Pilg.,Eupatorium meyeri Pilg.,Unknown,Eupatorium meyeri Pilg.,Bot. Jahrb. Syst. 30(2): 202. 1901 [2 Jul 1901],FALSE,"Mato Grosso (Brazil, Southern America)",NA,NA,NA,100416-2,www.ipni.org/n/100416-2,IPNI,1901,taxon_novo
Asteraceae,Eupatorium,missionum,Eupatorium_missionum,Malme,Eupatorium missionum Malme,Unknown,Eupatorium missionum Malme,Ark. Bot. 24A(Hafte 3)6: 35. 1931 [18 Nov 1931],FALSE,Brazil (Southern America),NA,NA,NA,297863-2,www.ipni.org/n/297863-2,IPNI,1931,taxon_novo
Asteraceae,Eupatorium,mollicomum,Eupatorium_mollicomum,B.L.Rob.,Eupatorium mollicomum B.L.Rob.,Unknown,Eupatorium mollicomum B.L.Rob.,Contr. Gray Herb. 68: 26. 1923,FALSE,Brazil (Southern America),NA,NA,NA,100440-2,www.ipni.org/n/100440-2,IPNI,1923,taxon_novo
Asteraceae,Eupatorium,mollissimum,Eupatorium_mollissimum,Baker,Eupatorium mollissimum Baker,Unknown,Eupatorium mollissimum Baker,Fl. Bras. (Martius) 6(2): 331. 1876 [1 Feb 1876],FALSE,Brazil (Southern America),NA,NA,NA,100441-2,www.ipni.org/n/100441-2,IPNI,1876,taxon_novo
Asteraceae,Eupatorium,moritibense,Eupatorium_moritibense,B.L.Rob.,Eupatorium moritibense B.L.Rob.,Unknown,Eupatorium moritibense B.L.Rob.,Contr. Gray Herb. 104: 23. 1934,FALSE,"Bahia (Brazil, Southern America)",NA,NA,NA,100452-2,www.ipni.org/n/100452-2,IPNI,1934,taxon_novo
Asteraceae,Eupatorium,multicrenulatum,Eupatorium_multicrenulatum,Baker,Eupatorium multicrenulatum Baker,Unknown,Eupatorium multicrenulatum Baker,Fl. Bras. (Martius) 6(2): 335. 1876 [1 Feb 1876],FALSE,Brazil (Southern America),NA,NA,NA,100458-2,www.ipni.org/n/100458-2,IPNI,1876,taxon_novo
Asteraceae,Eupatorium,multifidum,Eupatorium_multifidum,DC.,Eupatorium multifidum DC.,Unknown,Eupatorium multifidum DC.,Prodr. [A. P. de Candolle] 5: 182. 1836 [1-10 Oct 1836],FALSE,Brazil (Southern America),NA,NA,NA,100459-2,www.ipni.org/n/100459-2,IPNI,1836,taxon_novo
Asteraceae,Eupatorium,multifolium,Eupatorium_multifolium,B.L.Rob.,Eupatorium multifolium B.L.Rob.,Unknown,Eupatorium multifolium B.L.Rob.,Contr. Gray Herb. 68: 27. 1923,FALSE,Brazil (Southern America),NA,NA,NA,100462-2,www.ipni.org/n/100462-2,IPNI,1923,taxon_novo
Asteraceae,Eupatorium,myrtilloides,Eupatorium_myrtilloides,DC.,Eupatorium myrtilloides DC.,Unknown,Eupatorium myrtilloides DC.,Prodr. [A. P. de Candolle] 5: 165. 1836 [1-10 Oct 1836],FALSE,"Minas Gerais (Brazil, Southern America)",NA,NA,NA,100473-2,www.ipni.org/n/100473-2,IPNI,1836,taxon_novo
Asteraceae,Eupatorium,neglectum,Eupatorium_neglectum,B.L.Rob.,Eupatorium neglectum B.L.Rob.,Unknown,Eupatorium neglectum B.L.Rob.,Contr. Gray Herb. 68: 28. 1923,FALSE,Brazil (Southern America),NA,NA,NA,100475-2,www.ipni.org/n/100475-2,IPNI,1923,taxon_novo
Asteraceae,Eupatorium,nitidum,Eupatorium_nitidum,DC.,Eupatorium nitidum DC.,Unknown,Eupatorium nitidum DC.,Prodr. [A. P. de Candolle] 5: 180 (-181). 1836 [1-10 Oct 1836],FALSE,Brazil (Southern America),NA,NA,NA,100489-2,www.ipni.org/n/100489-2,IPNI,1836,taxon_novo
Asteraceae,Eupatorium,nummularia,Eupatorium_nummularia,Hook. & Arn.,Eupatorium nummularia Hook. & Arn.,Unknown,Eupatorium nummularia Hook. & Arn.,Compan. Bot. Mag. 1: 241. 1836,FALSE,Brazil (Southern America),NA,NA,NA,100498-2,www.ipni.org/n/100498-2,IPNI,1836,taxon_novo
Asteraceae,Eupatorium,odontodactylum,Eupatorium_odontodactylum,B.L.Rob.,Eupatorium odontodactylum B.L.Rob.,Unknown,Eupatorium odontodactylum B.L.Rob.,Contr. Gray Herb. 75: 10. 1925,FALSE,Brazil (Southern America),NA,NA,NA,296192-2,www.ipni.org/n/296192-2,IPNI,1925,taxon_novo
Asteraceae,Eupatorium,pandurifolium,Eupatorium_pandurifolium,Baker,Eupatorium pandurifolium Baker,Unknown,Eupatorium pandurifolium Baker,Fl. Bras. (Martius) 6(2): 310. 1876 [1 Feb 1876],FALSE,"Minas Gerais (Brazil, Southern America)",NA,NA,NA,100580-2,www.ipni.org/n/100580-2,IPNI,1876,taxon_novo
Asteraceae,Eupatorium,paulense,Eupatorium_paulense,Loefgr.,Eupatorium paulense Loefgr.,Unknown,Eupatorium paulense Loefgr.,Bol. Commiss. Geogr. Estado Sao Paulo 12: 242. 1897,FALSE,Brazil (Southern America),NA,NA,NA,100609-2,www.ipni.org/n/100609-2,IPNI,1897,taxon_novo
Asteraceae,Eupatorium,pernambucense,Eupatorium_pernambucense,B.L.Rob.,Eupatorium pernambucense B.L.Rob.,Unknown,Eupatorium pernambucense B.L.Rob.,Contr. Gray Herb. 90: 31. 1930 [1 Aug 1930],FALSE,Brazil (Southern America),NA,NA,NA,296191-2,www.ipni.org/n/296191-2,IPNI,1930,nom. nov.
Asteraceae,Eupatorium,petrophilum,Eupatorium_petrophilum,B.L.Rob.,Eupatorium petrophilum B.L.Rob.,Unknown,Eupatorium petrophilum B.L.Rob.,Contr. Gray Herb. 77: 27. 1926,FALSE,Brazil (Southern America),NA,NA,NA,100642-2,www.ipni.org/n/100642-2,IPNI,1926,taxon_novo
Asteraceae,Eupatorium,pictum,Eupatorium_pictum,Gardner,Eupatorium pictum Gardner,Unknown,Eupatorium pictum Gardner,London J. Bot. 6: 443. 1847,FALSE,Brazil (Southern America),NA,NA,NA,100657-2,www.ipni.org/n/100657-2,IPNI,1847,taxon_novo
Asteraceae,Eupatorium,picturatum,Eupatorium_picturatum,Malme,Eupatorium picturatum Malme,Unknown,Eupatorium picturatum Malme,"Kongl. Svenska Vetensk.-Akad. Handl. 32(5): 41, tab. 4, fig. 11. 1899",FALSE,Brazil (Southern America),NA,NA,NA,100658-2,www.ipni.org/n/100658-2,IPNI,1899,taxon_novo
Asteraceae,Eupatorium,polyanthes,Eupatorium_polyanthes,Spreng.,Eupatorium polyanthes Spreng.,Unknown,Eupatorium polyanthes Spreng.,"Syst. Veg., ed. 16 [Sprengel] 3: 414. 1826 [Jan-Mar 1826]",FALSE,Brazil (Southern America),NA,NA,NA,100686-2,www.ipni.org/n/100686-2,IPNI,1826,taxon_novo
Asteraceae,Eupatorium,praefictum,Eupatorium_praefictum,B.L.Rob.,Eupatorium praefictum B.L.Rob.,Unknown,Eupatorium praefictum B.L.Rob.,Contr. Gray Herb. 68: 30. 1923,FALSE,Brazil (Southern America),NA,NA,NA,100706-2,www.ipni.org/n/100706-2,IPNI,1923,taxon_novo
Asteraceae,Eupatorium,pseudopraxelis,Eupatorium_pseudopraxelis,Hieron.,Eupatorium pseudopraxelis Hieron.,Unknown,Eupatorium pseudopraxelis Hieron.,Verh. Bot. Vereins Prov. Brandenburg 48: 200. 1907,FALSE,Brazil (Southern America),NA,NA,NA,100733-2,www.ipni.org/n/100733-2,IPNI,1907,taxon_novo
Asteraceae,Eupatorium,pyrifolium,Eupatorium_pyrifolium,DC.,Eupatorium pyrifolium DC.,Unknown,Eupatorium pyrifolium DC.,Prodr. [A. P. de Candolle] 5: 153. 1836 [1-10 Oct 1836],FALSE,Brazil (Southern America),NA,NA,NA,100784-2,www.ipni.org/n/100784-2,IPNI,1836,taxon_novo
Asteraceae,Eupatorium,reitzii,Eupatorium_reitzii,Cabrera,Eupatorium reitzii Cabrera,Unknown,Eupatorium reitzii Cabrera,Sellowia 15: 191. 1963,FALSE,Brazil (Southern America),NA,NA,NA,100803-2,www.ipni.org/n/100803-2,IPNI,1963,taxon_novo
Asteraceae,Eupatorium,robustum,Eupatorium_robustum,Glaz.,Eupatorium robustum Glaz.,Unknown,Eupatorium robustum Glaz.,Bull. Soc. Bot. France 56(Mém. 3d): 384. 1909,FALSE,Brazil (Southern America),NA,NA,NA,100840-2,www.ipni.org/n/100840-2,IPNI,1909,taxon_novo
Asteraceae,Eupatorium,rosengurttii,Eupatorium_rosengurttii,Cabrera,Eupatorium rosengurttii Cabrera,Unknown,Eupatorium rosengurttii Cabrera,Fl. Ilustr. Catarin. Comp: Eupatorieae 645. 1989,FALSE,"Santa Catarina (Brazil, Southern America)",NA,NA,NA,305539-2,www.ipni.org/n/305539-2,IPNI,1989,taxon_novo
Asteraceae,Eupatorium,rosengurttii,Eupatorium_rosengurttii,Cabrera,Eupatorium rosengurttii Cabrera,Unknown,Eupatorium rosengurttii Cabrera,"Fl. Ilustr. Catarin. 1(Compos., 4): 645 (1989).",FALSE,Brazil South (Santa Catarina).,NA,NA,NA,968079-1,www.ipni.org/n/968079-1,IPNI,1989,taxon_novo
Asteraceae,Eupatorium,roseum,Eupatorium_roseum,Gardner in Hook.,Eupatorium roseum Gardner in Hook.,Unknown,Eupatorium roseum Gardner in Hook.,London J. Bot. 4: 116. 1845,FALSE,Brazil (Southern America),NA,NA,NA,100847-2,www.ipni.org/n/100847-2,IPNI,1845,taxon_novo
Asteraceae,Eupatorium,rosmarinifolium,Eupatorium_rosmarinifolium,Sessé & Moc.,Eupatorium rosmarinifolium Sessé & Moc.,Unknown,Eupatorium rosmarinifolium Sessé & Moc.,Naturaleza (Mexico City) (ser. 2) 1: App. 113. 1889,FALSE,Brazil (Southern America),NA,NA,NA,100849-2,www.ipni.org/n/100849-2,IPNI,1889,taxon_novo
Asteraceae,Eupatorium,sampaionis,Eupatorium_sampaionis,Herter,Eupatorium sampaionis Herter,Unknown,Eupatorium sampaionis Herter,"Arq. Mus. Nac. Rio de Janeiro 18: 15, 33. 1916",FALSE,Brazil (Southern America),NA,NA,NA,100895-2,www.ipni.org/n/100895-2,IPNI,1916,taxon_novo
Asteraceae,Eupatorium,sanctopaulense,Eupatorium_sanctopaulense,B.L.Rob.,Eupatorium sanctopaulense B.L.Rob.,Unknown,Eupatorium sanctopaulense B.L.Rob.,Contr. Gray Herb. 68: 32. 1923,FALSE,"Sao Paulo (Brazil, Southern America)",NA,NA,NA,100896-2,www.ipni.org/n/100896-2,IPNI,1923,taxon_novo
Asteraceae,Eupatorium,senecionideum,Eupatorium_senecionideum,Baker,Eupatorium senecionideum Baker,Unknown,Eupatorium senecionideum Baker,Fl. Bras. (Martius) 6(2): 318. 1876 [1 Feb 1876],FALSE,Brazil (Southern America),NA,NA,NA,100936-2,www.ipni.org/n/100936-2,IPNI,1876,taxon_novo
Asteraceae,Eupatorium,serrulatum,Eupatorium_serrulatum,DC.,Eupatorium serrulatum DC.,Unknown,Eupatorium serrulatum DC.,Prodr. [A. P. de Candolle] 5: 147. 1836 [1-10 Oct 1836],FALSE,Brazil (Southern America),NA,NA,NA,100944-2,www.ipni.org/n/100944-2,IPNI,1836,taxon_novo
Asteraceae,Eupatorium,sitiense,Eupatorium_sitiense,Hieron.,Eupatorium sitiense Hieron.,Unknown,Eupatorium sitiense Hieron.,Bot. Jahrb. Syst. 22(4-5): 751. 1897 [23 Feb 1897],FALSE,Brazil (Southern America),NA,NA,NA,100967-2,www.ipni.org/n/100967-2,IPNI,1897,taxon_novo
Asteraceae,Eupatorium,sladenianum,Eupatorium_sladenianum,S.Moore,Eupatorium sladenianum S.Moore,Unknown,Eupatorium sladenianum S.Moore,J. Bot. 42: 36. 1904,FALSE,Brazil (Southern America),NA,NA,NA,100969-2,www.ipni.org/n/100969-2,IPNI,1904,taxon_novo
Asteraceae,Eupatorium,spathulatum,Eupatorium_spathulatum,Hook. & Arn.,Eupatorium spathulatum Hook. & Arn.,Unknown,Eupatorium spathulatum Hook. & Arn.,Compan. Bot. Mag. 1: 242. 1836,FALSE,Brazil (Southern America),NA,NA,NA,100989-2,www.ipni.org/n/100989-2,IPNI,1836,taxon_novo
Asteraceae,Eupatorium,sphaerocephalum,Eupatorium_sphaerocephalum,Sch.Bip. ex Baker,Eupatorium sphaerocephalum Sch.Bip. ex Baker,Unknown,Eupatorium sphaerocephalum Sch.Bip. ex Baker,Fl. Bras. (Martius) 6(2): 317 (-318). 1876 [1 Feb 1876],FALSE,Brazil (Southern America),NA,NA,NA,100988-2,www.ipni.org/n/100988-2,IPNI,1876,taxon_novo
Asteraceae,Eupatorium,steviifolium,Eupatorium_steviifolium,DC.,Eupatorium steviifolium DC.,Unknown,Eupatorium steviifolium DC.,Prodr. [A. P. de Candolle] 5: 158. 1836 [1-10 Oct 1836],FALSE,"Sao Paulo (Brazil, Southern America)",NA,NA,NA,101014-2,www.ipni.org/n/101014-2,IPNI,1836,taxon_novo
Asteraceae,Eupatorium,subinclusum,Eupatorium_subinclusum,Klatt,Eupatorium subinclusum Klatt,Unknown,Eupatorium subinclusum Klatt,Leopoldina 20: 75. 1884,FALSE,Brazil (Southern America),NA,NA,NA,101047-2,www.ipni.org/n/101047-2,IPNI,1884,taxon_novo
Asteraceae,Eupatorium,subintegerrimum,Eupatorium_subintegerrimum,Malme,Eupatorium subintegerrimum Malme,Unknown,Eupatorium subintegerrimum Malme,Ark. Bot. 24A(Hafte 3)6: 30. 1931 [18 Nov 1931],FALSE,Brazil (Southern America),NA,NA,NA,101048-2,www.ipni.org/n/101048-2,IPNI,1931,taxon_novo
Asteraceae,Eupatorium,taunayanum,Eupatorium_taunayanum,Glaz. ex B.L.Rob.,Eupatorium taunayanum Glaz. ex B.L.Rob.,Unknown,Eupatorium taunayanum Glaz. ex B.L.Rob.,Contr. Gray Herb. 73: 8. 1924,FALSE,Brazil (Southern America),NA,NA,NA,101073-2,www.ipni.org/n/101073-2,IPNI,1924,taxon_novo
Asteraceae,Eupatorium,thysanolepis,Eupatorium_thysanolepis,B.L.Rob.,Eupatorium thysanolepis B.L.Rob.,Unknown,Eupatorium thysanolepis B.L.Rob.,Contr. Gray Herb. 75: 13. 1925,FALSE,Brazil (Southern America),NA,NA,NA,101107-2,www.ipni.org/n/101107-2,IPNI,1925,taxon_novo
Asteraceae,Eupatorium,tranninense,Eupatorium_tranninense,Glaz.,Eupatorium tranninense Glaz.,Unknown,Eupatorium tranninense Glaz.,Bull. Soc. Bot. France 56(Mém. 3d): 385. 1909,FALSE,Brazil (Southern America),NA,NA,NA,101126-2,www.ipni.org/n/101126-2,IPNI,1909,taxon_novo
Asteraceae,Eupatorium,tricephalotes,Eupatorium_tricephalotes,Baker,Eupatorium tricephalotes Baker,Unknown,Eupatorium tricephalotes Baker,Fl. Bras. (Martius) 6(2): 322 (-323). 1876 [1 Feb 1876],FALSE,Brazil (Southern America),NA,NA,NA,101130-2,www.ipni.org/n/101130-2,IPNI,1876,taxon_novo
Asteraceae,Eupatorium,trichobasis,Eupatorium_trichobasis,Baker,Eupatorium trichobasis Baker,Unknown,Eupatorium trichobasis Baker,Fl. Bras. (Martius) 6(2): 364. 1876 [1 Feb 1876],FALSE,Brazil (Southern America),NA,NA,NA,101131-2,www.ipni.org/n/101131-2,IPNI,1876,taxon_novo
Asteraceae,Eupatorium,tubaraoënse,Eupatorium_tubaraoënse,Hieron.,Eupatorium tubaraoënse Hieron.,Unknown,Eupatorium tubaraoënse Hieron.,Bot. Jahrb. Syst. 22(4-5): 784. 1897 [23 Feb 1897],FALSE,Brazil (Southern America),NA,NA,NA,101153-2,www.ipni.org/n/101153-2,IPNI,1897,taxon_novo
Asteraceae,Eupatorium,variolatum,Eupatorium_variolatum,B.L.Rob.,Eupatorium variolatum B.L.Rob.,Unknown,Eupatorium variolatum B.L.Rob.,Contr. Gray Herb. 73: 20. 1924,FALSE,Brazil (Southern America),NA,NA,NA,101196-2,www.ipni.org/n/101196-2,IPNI,1924,taxon_novo
Asteraceae,Eupatorium,velutinum,Eupatorium_velutinum,Gardner in Hook.,Eupatorium velutinum Gardner in Hook.,Unknown,Eupatorium velutinum Gardner in Hook.,London J. Bot. 5: 473. 1846,FALSE,"Minas Gerais (Brazil, Southern America)",NA,NA,NA,101204-2,www.ipni.org/n/101204-2,IPNI,1846,taxon_novo
Asteraceae,Eupatorium,xylorrhizum,Eupatorium_xylorrhizum,Sch.Bip. ex Baker,Eupatorium xylorrhizum Sch.Bip. ex Baker,Unknown,Eupatorium xylorrhizum Sch.Bip. ex Baker,Fl. Bras. (Martius) 6(2): 292. 1876 [1 Feb 1876],FALSE,Brazil (Southern America),NA,NA,NA,101253-2,www.ipni.org/n/101253-2,IPNI,1876,taxon_novo
Asteraceae,Gamochaeta,camaquaensis,Gamochaeta_camaquaensis,Deble,Gamochaeta camaquaensis Deble,Unknown,Gamochaeta camaquaensis Deble,Balduinia 6:14 (-15; fig. 1). 2006 [Feb 2006],FALSE,"Rio Grande do Sul (Brazil, Southern America)",NA,NA,NA,60446807-2,www.ipni.org/n/60446807-2,IPNI,2006,taxon_novo
Asteraceae,Gnaphalium,gaudichaudianum,Gnaphalium_gaudichaudianum,DC.,Gnaphalium gaudichaudianum DC.,Unknown,Gnaphalium gaudichaudianum DC.,Prodr. [A. P. de Candolle] 6: 226. 1838 [1837 publ. early Jan 1838],FALSE,"Rio de Janeiro (Brazil, Southern America)",NA,NA,NA,111159-2,www.ipni.org/n/111159-2,IPNI,1838,taxon_novo
Asteraceae,Gnaphalium,grazielae,Gnaphalium_grazielae,Rizzini,Gnaphalium grazielae Rizzini,Unknown,Gnaphalium grazielae Rizzini,"Revista Brasil. Biol. 7(2): 278, figs. 8-12. 1947 [Jun 1947]",FALSE,"Rio de Janeiro (Brazil Southeast, Brazil, Southern America)",NA,NA,NA,111168-2,www.ipni.org/n/111168-2,IPNI,1947,taxon_novo
Asteraceae,Gnaphalium,hiemale,Gnaphalium_hiemale,Rizzini,Gnaphalium hiemale Rizzini,Unknown,Gnaphalium hiemale Rizzini,"Revista Brasil. Biol. 7(2): 278, fig. 5-7. 1947",FALSE,"S. Paulo &amp; Minas Gerais, Brazil (Southern America)",NA,NA,NA,111174-2,www.ipni.org/n/111174-2,IPNI,1947,taxon_novo
Asteraceae,Gnaphalium,suaveolens,Gnaphalium_suaveolens,Vell.,Gnaphalium suaveolens Vell.,Unknown,Gnaphalium suaveolens Vell.,Fl. Flumin. Icon. 8: t. 100. 1831 [1827 publ. 29 Oct 1831],FALSE,Brazil (Southern America),NA,NA,NA,315677-2,www.ipni.org/n/315677-2,IPNI,1831,taxon_novo
Asteraceae,Gochnatia,barrosii,Gochnatia_barrosii,Cabrera,Gochnatia barrosii Cabrera,Unknown,Gochnatia barrosii Cabrera,"Notas Mus. La Plata, Bot. 15(74): 46 (fig. 4). 1950",FALSE,"Minas Gerais (Brazil, Southern America)",NA,NA,NA,111395-2,www.ipni.org/n/111395-2,IPNI,1950,taxon_novo
Asteraceae,Greenmania,ulei,Greenmania_ulei,Hieron.,Greenmania ulei Hieron.,Unknown,Greenmania ulei Hieron.,Verh. Bot. Vereins Prov. Brandenburg 48: 203. 1907,FALSE,Brazil or Peru,NA,NA,NA,113392-2,www.ipni.org/n/113392-2,IPNI,1907,taxon_novo
Asteraceae,Greenmania,ulei,Greenmania_ulei,Hiern,Greenmania ulei Hiern,Unknown,Greenmania ulei Hiern,Bot. Jahrb. Syst. 40(2): 166. 1907 [2 Aug 1907],FALSE,Brazil (Southern America),NA,NA,NA,113393-2,www.ipni.org/n/113393-2,IPNI,1907,taxon_novo
Asteraceae,Gymnolomia,connatum,Gymnolomia_connatum,Spreng.,Gymnolomia connatum Spreng.,Unknown,Gymnolomia connatum Spreng.,"Syst. Veg., ed. 16 [Sprengel] 3: 610. 1826 [Jan-Mar 1826]",FALSE,Brazil (Southern America),NA,NA,NA,115714-2,www.ipni.org/n/115714-2,IPNI,1826,taxon_novo
Asteraceae,Gynoxys,callacallana,Gynoxys_callacallana,Cuatrec.,Gynoxys callacallana Cuatrec.,Unknown,Gynoxys callacallana Cuatrec.,Ciencia (Mexico) 23: 146. 1964,FALSE,"Amazonas (Brazil, Southern America)",NA,NA,NA,115919-2,www.ipni.org/n/115919-2,IPNI,1964,taxon_novo
Asteraceae,Gynoxys,costihirsuta,Gynoxys_costihirsuta,Cuatrec.,Gynoxys costihirsuta Cuatrec.,Unknown,Gynoxys costihirsuta Cuatrec.,Ciencia (Mexico) 23: 146. 1964,FALSE,"Amazonas (Brazil, Southern America)",NA,NA,NA,115933-2,www.ipni.org/n/115933-2,IPNI,1964,taxon_novo
Asteraceae,Gynoxys,hypoleucophylla,Gynoxys_hypoleucophylla,Cuatrec.,Gynoxys hypoleucophylla Cuatrec.,Unknown,Gynoxys hypoleucophylla Cuatrec.,Ciencia (Mexico) 23: 148. 1964,FALSE,"Amazonas (Brazil, Southern America)",NA,NA,NA,115960-2,www.ipni.org/n/115960-2,IPNI,1964,taxon_novo
Asteraceae,Gynoxys,malcabalensis,Gynoxys_malcabalensis,Cuatrec.,Gynoxys malcabalensis Cuatrec.,Unknown,Gynoxys malcabalensis Cuatrec.,Ciencia (Mexico) 23: 149. 1964,FALSE,"Amazonas (Brazil, Southern America)",NA,NA,NA,115974-2,www.ipni.org/n/115974-2,IPNI,1964,taxon_novo
Asteraceae,Gynoxys,soukupii,Gynoxys_soukupii,Cuatrec.,Gynoxys soukupii Cuatrec.,Unknown,Gynoxys soukupii Cuatrec.,Bull. Soc. Bot. France 101: 245. 1954,FALSE,"Amazonas (Brazil, Southern America)",NA,NA,NA,116010-2,www.ipni.org/n/116010-2,IPNI,1954,taxon_novo
Asteraceae,Gynoxys,tomentosissima,Gynoxys_tomentosissima,Cuatrec.,Gynoxys tomentosissima Cuatrec.,Unknown,Gynoxys tomentosissima Cuatrec.,Ciencia (Mexico) 23: 149. 1964,FALSE,"Amazonas (Brazil, Southern America)",NA,NA,NA,116018-2,www.ipni.org/n/116018-2,IPNI,1964,taxon_novo
Asteraceae,Gyptis,inornata,Gyptis_inornata,R.M.King & H.Rob.,Gyptis inornata R.M.King & H.Rob.,Unknown,Gyptis inornata R.M.King & H.Rob.,Phytologia 21: 24. 1971,FALSE,"Paraná (Brazil, Southern America)",NA,NA,NA,116041-2,www.ipni.org/n/116041-2,IPNI,1971,taxon_novo
Asteraceae,Haplopappus,acuminatus,Haplopappus_acuminatus,DC.,Haplopappus acuminatus DC.,Unknown,Haplopappus acuminatus DC.,Prodr. [A. P. de Candolle] 5: 348. 1836 [1-10 Oct 1836],FALSE,Brazil (Southern America),NA,NA,NA,16484-2,www.ipni.org/n/16484-2,IPNI,1836,taxon_novo
Asteraceae,Hebeclinium,hecatanthum,Hebeclinium_hecatanthum,DC.,Hebeclinium hecatanthum DC.,Unknown,Hebeclinium hecatanthum DC.,Prodr. [A. P. de Candolle] 5: 136. 1836 [1-10 Oct 1836],FALSE,Brazil (Southern America),NA,NA,NA,118189-2,www.ipni.org/n/118189-2,IPNI,1836,taxon_novo
Asteraceae,Helianthus,tuberosus,Helianthus_tuberosus,L.,Helianthus tuberosus L.,Unknown,Helianthus tuberosus L.,Sp. Pl. 2: 905. 1753 [1 May 1753],FALSE,Brazil (Southern America),NA,NA,NA,329252-2,www.ipni.org/n/329252-2,IPNI,1753,taxon_novo
Asteraceae,Heterocondylus,macrocephalus,Heterocondylus_macrocephalus,H.Rob.,Heterocondylus macrocephalus H.Rob.,Unknown,Heterocondylus macrocephalus H.Rob.,Phytologia 88(2): 145 (-148; fig. 5). 2006 [Sep 2006],FALSE,"Minas Gerais (Brazil, Southern America)",NA,NA,NA,60445126-2,www.ipni.org/n/60445126-2,IPNI,2006,taxon_novo
Asteraceae,Heterocondylus,penninervius,Heterocondylus_penninervius,I.T.F.V.Lopes & J.N.Nakaj.,Heterocondylus penninervius I.T.F.V.Lopes & J.N.Nakaj.,Unknown,Heterocondylus penninervius I.T.F.V.Lopes & J.N.Nakaj.,Phytotaxa 524(1): 54. 2021 [28 Oct 2021] [epublished],FALSE,"Minas Gerais (Brazil Southeast, Brazil, Southern America)",NA,NA,NA,77221527-1,www.ipni.org/n/77221527-1,IPNI,2021,taxon_novo
Asteraceae,Hieracium,adenocomum,Hieracium_adenocomum,Sleumer,Hieracium adenocomum Sleumer,Unknown,Hieracium adenocomum Sleumer,Repert. Spec. Nov. Regni Veg. 41: 117. 1936,FALSE,"Amazonas (Brazil, Southern America)",NA,NA,NA,122151-2,www.ipni.org/n/122151-2,IPNI,1936,taxon_novo
Asteraceae,Hieracium,brasiliense,Hieracium_brasiliense,Malme,Hieracium brasiliense Malme,Unknown,Hieracium brasiliense Malme,"Ark. Bot. 23A(15): 9 (t. 2, fig. 4). 1931",FALSE,"Minas Gerais (Brazil, Southern America)",NA,NA,NA,122187-2,www.ipni.org/n/122187-2,IPNI,1931,taxon_novo
Asteraceae,Hieracium,flaccidum,Hieracium_flaccidum,Fr.,Hieracium flaccidum Fr.,Unknown,Hieracium flaccidum Fr.,Öfvers. Kongl. Vetensk.-Akad. Förh. 13(6-7): 145. 1856,FALSE,"Minas Gerais (Brazil, Southern America)",NA,NA,NA,324991-2,www.ipni.org/n/324991-2,IPNI,1856,taxon_novo
Asteraceae,Hieracium,leucotrichum,Hieracium_leucotrichum,Fr.,Hieracium leucotrichum Fr.,Unknown,Hieracium leucotrichum Fr.,Öfvers. Kongl. Vetensk.-Akad. Förh. 13(6-7): 144. 1856,FALSE,"Minas Gerais (Brazil, Southern America)",NA,NA,NA,324990-2,www.ipni.org/n/324990-2,IPNI,1856,taxon_novo
Asteraceae,Hieracium,mosenii,Hieracium_mosenii,Malme,Hieracium mosenii Malme,Unknown,Hieracium mosenii Malme,"Ark. Bot. 23A, no. 15: 5, tab. 1, fig. 2. 1931",FALSE,"Minas Gerais (Brazil, Southern America)",NA,NA,NA,122368-2,www.ipni.org/n/122368-2,IPNI,1931,taxon_novo
Asteraceae,Hieracium,pleistocephalum,Hieracium_pleistocephalum,Baker,Hieracium pleistocephalum Baker,Unknown,Hieracium pleistocephalum Baker,Fl. Bras. (Martius) 6(3): 338. 1884 [1 May 1884],FALSE,"Minas Gerais (Brazil, Southern America)",NA,NA,NA,324997-2,www.ipni.org/n/324997-2,IPNI,1884,taxon_novo
Asteraceae,Hieracium,polygonatum,Hieracium_polygonatum,Zahn,Hieracium polygonatum Zahn,Unknown,Hieracium polygonatum Zahn,Pflanzenr. (Engler) IV. 280: 1086. 1922,FALSE,Brazil (Southern America),NA,NA,NA,122415-2,www.ipni.org/n/122415-2,IPNI,1922,taxon_novo
Asteraceae,Hieracium,semiglabratum,Hieracium_semiglabratum,Comm. ex Fr.,Hieracium semiglabratum Comm. ex Fr.,Unknown,Hieracium semiglabratum Comm. ex Fr.,Nova Acta Regiae Soc. Sci. Upsal. 14: 136. 1850 [1849] Symb. Hist. Hierac. 136. 1849,FALSE,Brazil (Southern America),NA,NA,NA,324995-2,www.ipni.org/n/324995-2,IPNI,1850,taxon_novo
Asteraceae,Hieracium,semiglabratum,Hieracium_semiglabratum,Comm. ex Froel.,Hieracium semiglabratum Comm. ex Froel.,Unknown,Hieracium semiglabratum Comm. ex Froel.,Prodr. [A. P. de Candolle] 7(1): 213. 1838 [late Apr 1838],FALSE,Brazil (Southern America),NA,NA,NA,324999-2,www.ipni.org/n/324999-2,IPNI,1838,taxon_novo
Asteraceae,Hieracium,urvellei,Hieracium_urvellei,Sch.Bip.,Hieracium urvellei Sch.Bip.,Unknown,Hieracium urvellei Sch.Bip.,Bonplandia 9: 174 (325). 1861,FALSE,"Santa Catarina (Brazil, Southern America)",NA,NA,NA,324998-2,www.ipni.org/n/324998-2,IPNI,1861,taxon_novo
Asteraceae,Hymenopappus,anthemoides,Hymenopappus_anthemoides,Juss.,Hymenopappus anthemoides Juss.,Unknown,Hymenopappus anthemoides Juss.,Ann. Mus. Natl. Hist. Nat. 2: 426. 1803,FALSE,"Brazil, Uruguay, Argentina",NA,NA,NA,125624-2,www.ipni.org/n/125624-2,IPNI,1803,taxon_novo
Asteraceae,Hypochaeris,brasiliensis,Hypochaeris_brasiliensis,Larrañaga,Hypochaeris brasiliensis Larrañaga,Unknown,Hypochaeris brasiliensis Larrañaga,Escritos Damaso Antonio Larranaga 1: 413. 1922 as Hipochoeris; Pub. Inst. Hist. Geog. Uruguay,FALSE,Brazil (Southern America),NA,NA,NA,126420-2,www.ipni.org/n/126420-2,IPNI,1922,taxon_novo
Asteraceae,Hysterionica,chamomilloides,Hysterionica_chamomilloides,Deble,Hysterionica chamomilloides Deble,Unknown,Hysterionica chamomilloides Deble,Phytotaxa 482(1): 37. 2021 [27 Jan 2021] [epublished],FALSE,"Rio Grande do Sul (Brazil South, Brazil, Southern America);Uruguay (Southern South America, Southern America);",NA,NA,NA,77215761-1,www.ipni.org/n/77215761-1,IPNI,2021,taxon_novo
Asteraceae,Hysterionica,setuligera,Hysterionica_setuligera,Gand.,Hysterionica setuligera Gand.,Unknown,Hysterionica setuligera Gand.,Bull. Soc. Bot. France 60: 23. 1913,FALSE,Brazil (Southern America),NA,NA,NA,127248-2,www.ipni.org/n/127248-2,IPNI,1913,taxon_novo
Asteraceae,Ichthyothere,angustifolia,Ichthyothere_angustifolia,Glaz.,Ichthyothere angustifolia Glaz.,Unknown,Ichthyothere angustifolia Glaz.,Bull. Soc. Bot. France 57(Mém. 3e): 408. 1910,FALSE,Brazil (Southern America),NA,NA,NA,127590-2,www.ipni.org/n/127590-2,IPNI,1910,taxon_novo
Asteraceae,Ichthyothere,dubia,Ichthyothere_dubia,Glaz.,Ichthyothere dubia Glaz.,Unknown,Ichthyothere dubia Glaz.,Bull. Soc. Bot. France 57(Mém. 3e): 409. 1910,FALSE,Brazil (Southern America),NA,NA,NA,127594-2,www.ipni.org/n/127594-2,IPNI,1910,taxon_novo
Asteraceae,Ichthyothere,matogrossensis,Ichthyothere_matogrossensis,R.C.A.Pereira & Semir,Ichthyothere matogrossensis R.C.A.Pereira & Semir,Unknown,Ichthyothere matogrossensis R.C.A.Pereira & Semir,Bradea 8(28): 155 (2000).,FALSE,Brazil West-central (Mato Grosso do Sul).,NA,NA,NA,1016132-1,www.ipni.org/n/1016132-1,IPNI,2000,taxon_novo
Asteraceae,Ichthyothere,sasakiae,Ichthyothere_sasakiae,Frisby & D.J.N.Hind,Ichthyothere sasakiae Frisby & D.J.N.Hind,Unknown,Ichthyothere sasakiae Frisby & D.J.N.Hind,Kew Bull. 69(2)-9504: 2. 2014 [6 May 2014] [epublished],FALSE,"Mato Grosso (Brazil West-Central, Brazil, Southern America)",NA,NA,NA,77137436-1,www.ipni.org/n/77137436-1,IPNI,2014,taxon_novo
Asteraceae,Ichthyothere,ulei,Ichthyothere_ulei,Taub.,Ichthyothere ulei Taub.,Unknown,Ichthyothere ulei Taub.,Bot. Jahrb. Syst. 21(4): 455. 1895 [1895] ;  a preprint,FALSE,Brazil (Southern America),NA,NA,NA,127606-2,www.ipni.org/n/127606-2,IPNI,1895,taxon_novo
Asteraceae,Ingenhusia,radiata,Ingenhusia_radiata,Vell.,Ingenhusia radiata Vell.,Unknown,Ingenhusia radiata Vell.,Fl. Flumin. 351. 1829 [1825 publ. 7 Sep-28 Nov 1829],FALSE,"Ingenhusia, Brazil (Southern America)",NA,NA,NA,128837-2,www.ipni.org/n/128837-2,IPNI,1829,taxon_novo
Asteraceae,Isocarpha,eupatorioides,Isocarpha_eupatorioides,Gardner,Isocarpha eupatorioides Gardner,Unknown,Isocarpha eupatorioides Gardner,London J. Bot. 5: 456. 1846,FALSE,Brazil (Southern America),NA,NA,NA,130407-2,www.ipni.org/n/130407-2,IPNI,1846,taxon_novo
Asteraceae,Jungia,affinis,Jungia_affinis,Gardner,Jungia affinis Gardner,Unknown,Jungia affinis Gardner,London J. Bot. 6: 460. 1847,FALSE,"woods between Arrayas and San Domingos, Goiás (Brazil, Southern America)",NA,NA,NA,309324-2,www.ipni.org/n/309324-2,IPNI,1847,taxon_novo
Asteraceae,Kanimia,microphylla,Kanimia_microphylla,B.L.Rob.,Kanimia microphylla B.L.Rob.,Unknown,Kanimia microphylla B.L.Rob.,Contr. Gray Herb. 65: 54. 1922,FALSE,Brazil (Southern America),NA,NA,NA,133257-2,www.ipni.org/n/133257-2,IPNI,1922,taxon_novo
