family,genus,species,taxon_name,authors,scientific_name,status,accepted_name,reference,hybrid,distribution,native_to_botanical_countries,introduced_to_country,introduced_to_botanical_countries,kew_id,url,source,publicationYear,citation_type
Fabaceae,Adesmia,bicolora,Adesmia_bicolora,(Poir.) DC.,Adesmia bicolora (Poir.) DC.,Accepted,NA,Ann. Sci. Nat. (Paris) 4: 95 (1825),FALSE,"Argentina, Brazil, Chile, Uruguay","Argentina Northeast, Argentina Northwest, Argentina South, Brazil South, Chile Central, Uruguay",unknown,unknown,1099537-2,http://www.plantsoftheworldonline.org/taxon/urn:lsid:ipni.org:names:1099537-2,POWO,1825,comb_nova
Fabaceae,Adesmia,bonariensis,Adesmia_bonariensis,Burkart,Adesmia bonariensis Burkart,Accepted,NA,Lilloa 15: 14 (1949),FALSE,"Argentina, Brazil, Uruguay","Argentina Northeast, Brazil South, Uruguay",unknown,unknown,4491-2,http://www.plantsoftheworldonline.org/taxon/urn:lsid:ipni.org:names:4491-2,POWO,1949,taxon_novo
Fabaceae,Adesmia,miottoae,Adesmia_miottoae,"Cobra, Iganci & Fort.-Perez","Adesmia miottoae Cobra, Iganci & Fort.-Perez",Accepted,NA,Phytotaxa 521: 49 (2021),FALSE,Brazil,Brazil South,unknown,unknown,77221370-1,http://www.plantsoftheworldonline.org/taxon/urn:lsid:ipni.org:names:77221370-1,POWO,2021,taxon_novo
Fabaceae,Adesmia,subtropicalis,Adesmia_subtropicalis,Cobra,Adesmia subtropicalis Cobra,Accepted,NA,Phytotaxa 521: 220 (2021),FALSE,Brazil,Brazil South,unknown,unknown,77221410-1,http://www.plantsoftheworldonline.org/taxon/urn:lsid:ipni.org:names:77221410-1,POWO,2021,taxon_novo
Fabaceae,Andira,spectabilis,Andira_spectabilis,Saldanha,Andira spectabilis Saldanha,Accepted,NA,Config. Descr. Orgãos Fund. 23: 118 (1865),FALSE,Brazil,Brazil Southeast,unknown,unknown,474080-1,http://www.plantsoftheworldonline.org/taxon/urn:lsid:ipni.org:names:474080-1,POWO,1865,taxon_novo
Fabaceae,Bauhinia,estrellensis,Bauhinia_estrellensis,Hassl.,Bauhinia estrellensis Hassl.,Accepted,NA,Repert. Spec. Nov. Regni Veg. 9: 147 (1911),FALSE,"Brazil, Paraguay","Brazil West-Central, Paraguay",unknown,unknown,30049-2,http://www.plantsoftheworldonline.org/taxon/urn:lsid:ipni.org:names:30049-2,POWO,1911,taxon_novo
Fabaceae,Bauhinia,floribunda,Bauhinia_floribunda,Desv.,Bauhinia floribunda Desv.,Accepted,NA,Ann. Sci. Nat. (Paris) 9: 430 (1826),FALSE,"Brazil, French Guiana","Brazil North, French Guiana",unknown,unknown,481314-1,http://www.plantsoftheworldonline.org/taxon/urn:lsid:ipni.org:names:481314-1,POWO,1826,taxon_novo
Fabaceae,Brownea,coccinea,Brownea_coccinea,Jacq.,Brownea coccinea Jacq.,Accepted,NA,Enum. Syst. Pl.: 26 (1760),FALSE,"Brazil, Colombia, Ecuador, Guyana, Trinidad-Tobago, Venezuela, Windward Is.","Brazil North, Colombia, Ecuador, Guyana, Trinidad-Tobago, Venezuela, Windward Is.","Bangladesh, Indonesia, Leeward Is., Malaysia, Sri Lanka, Tanzania, Uganda, Zaire","Bangladesh, Jawa, Leeward Is., Malaya, Sri Lanka, Tanzania, Uganda, Zaire",482413-1,http://www.plantsoftheworldonline.org/taxon/urn:lsid:ipni.org:names:482413-1,POWO,1760,taxon_novo
Fabaceae,Calliandra,angustifolia,Calliandra_angustifolia,Spruce ex Benth.,Calliandra angustifolia Spruce ex Benth.,Accepted,NA,Trans. Linn. Soc. London 30: 539 (1875),FALSE,"Bolivia, Brazil, Colombia, Ecuador, Peru","Bolivia, Brazil North, Colombia, Ecuador, Peru",unknown,unknown,42066-2,http://www.plantsoftheworldonline.org/taxon/urn:lsid:ipni.org:names:42066-2,POWO,1875,taxon_novo
Fabaceae,Calliandra,brevicaulis,Calliandra_brevicaulis,Micheli,Calliandra brevicaulis Micheli,Accepted,NA,Mém. Soc. Phys. Genève 28(7): 61 (1883),FALSE,"Argentina, Brazil, Paraguay","Argentina Northeast, Brazil West-Central, Paraguay",unknown,unknown,42087-2,http://www.plantsoftheworldonline.org/taxon/urn:lsid:ipni.org:names:42087-2,POWO,1883,taxon_novo
Fabaceae,Calliandra,bromelioides,Calliandra_bromelioides,E.R.Souza & L.P.Queiroz,Calliandra bromelioides E.R.Souza & L.P.Queiroz,Accepted,NA,Phytotaxa 164: 105 (2014),FALSE,Brazil,Brazil Northeast,unknown,unknown,77140316-1,http://www.plantsoftheworldonline.org/taxon/urn:lsid:ipni.org:names:77140316-1,POWO,2014,taxon_novo
Fabaceae,Calliandra,coriacea,Calliandra_coriacea,(Humb. & Bonpl. ex Willd.) Benth.,Calliandra coriacea (Humb. & Bonpl. ex Willd.) Benth.,Accepted,NA,London J. Bot. 3: 95 (1844),FALSE,"Belize, Brazil, Colombia, Costa Rica, Guyana, Honduras, Panama, Suriname, Venezuela","Belize, Brazil North, Colombia, Costa Rica, Guyana, Honduras, Panama, Suriname, Venezuela",unknown,unknown,483094-1,http://www.plantsoftheworldonline.org/taxon/urn:lsid:ipni.org:names:483094-1,POWO,1844,comb_nova
Fabaceae,Calliandra,glaziovii,Calliandra_glaziovii,Taub.,Calliandra glaziovii Taub.,Accepted,NA,Flora 75: 71 (1892),FALSE,Brazil,Brazil Southeast,unknown,unknown,42168-2,http://www.plantsoftheworldonline.org/taxon/urn:lsid:ipni.org:names:42168-2,POWO,1892,taxon_novo
Fabaceae,Calliandra,lewisii,Calliandra_lewisii,E.R.Souza & L.P.Queiroz,Calliandra lewisii E.R.Souza & L.P.Queiroz,Accepted,NA,Phytotaxa 164: 108 (2014),FALSE,Brazil,Brazil Northeast,unknown,unknown,77140317-1,http://www.plantsoftheworldonline.org/taxon/urn:lsid:ipni.org:names:77140317-1,POWO,2014,taxon_novo
Fabaceae,Calliandra,oroboensis,Calliandra_oroboensis,E.R.Souza & L.P.Queiroz,Calliandra oroboensis E.R.Souza & L.P.Queiroz,Accepted,NA,Phytotaxa 164: 110 (2014),FALSE,Brazil,Brazil Northeast,unknown,unknown,77140318-1,http://www.plantsoftheworldonline.org/taxon/urn:lsid:ipni.org:names:77140318-1,POWO,2014,taxon_novo
Fabaceae,Camptosema,goiasana,Camptosema_goiasana,R.S.Cowan,Camptosema goiasana R.S.Cowan,Accepted,NA,Bol. Soc. Venez. Ci. Nat. 22: 285 (1961),FALSE,"Bolivia, Brazil","Bolivia, Brazil West-Central",unknown,unknown,44124-2,http://www.plantsoftheworldonline.org/taxon/urn:lsid:ipni.org:names:44124-2,POWO,1961,taxon_novo
Fabaceae,Chamaecrista,acicularis,Chamaecrista_acicularis,"M.Cota, Rando & L.P.Queiroz","Chamaecrista acicularis M.Cota, Rando & L.P.Queiroz",Accepted,NA,Syst. Bot. 46: 964 (2021),FALSE,Brazil,Brazil Southeast,unknown,unknown,77260679-1,http://www.plantsoftheworldonline.org/taxon/urn:lsid:ipni.org:names:77260679-1,POWO,2021,taxon_novo
Fabaceae,Chamaecrista,bella,Chamaecrista_bella,"Conc., L.P.Queiroz & G.P.Lewis","Chamaecrista bella Conc., L.P.Queiroz & G.P.Lewis",Accepted,NA,"Sitientibus, Ciênc. Biol. 1: 110 (2001 publ. 2004)",FALSE,Brazil,Brazil Northeast,unknown,unknown,77221696-1,http://www.plantsoftheworldonline.org/taxon/urn:lsid:ipni.org:names:77221696-1,POWO,2004,taxon_novo
Fabaceae,Chamaecrista,cercidifolia,Chamaecrista_cercidifolia,(H.S.Irwin & Barneby) T.P.Mendes & M.J.Silva,Chamaecrista cercidifolia (H.S.Irwin & Barneby) T.P.Mendes & M.J.Silva,Accepted,NA,Phytotaxa 446: 178 (2020),FALSE,Brazil,Brazil Southeast,unknown,unknown,77210383-1,http://www.plantsoftheworldonline.org/taxon/urn:lsid:ipni.org:names:77210383-1,POWO,2020,comb_nova
Fabaceae,Chamaecrista,geraldii,Chamaecrista_geraldii,(H.S.Irwin & Barneby) H.S.Irwin & Barneby,Chamaecrista geraldii (H.S.Irwin & Barneby) H.S.Irwin & Barneby,Accepted,NA,Mem. New York Bot. Gard. 35: 657 (1982),FALSE,Brazil,Brazil Southeast,unknown,unknown,54514-2,http://www.plantsoftheworldonline.org/taxon/urn:lsid:ipni.org:names:54514-2,POWO,1982,comb_nova
Fabaceae,Chamaecrista,nana,Chamaecrista_nana,"Conc., L.P.Queiroz & G.P.Lewis","Chamaecrista nana Conc., L.P.Queiroz & G.P.Lewis",Accepted,NA,"Sitientibus, Ciênc. Biol. 1: 110 (2001 publ. 2004)",FALSE,Brazil,Brazil Northeast,unknown,unknown,77221723-1,http://www.plantsoftheworldonline.org/taxon/urn:lsid:ipni.org:names:77221723-1,POWO,2004,taxon_novo
Fabaceae,Chamaecrista,orenocensis,Chamaecrista_orenocensis,(Spruce ex Benth.) H.S.Irwin & Barneby,Chamaecrista orenocensis (Spruce ex Benth.) H.S.Irwin & Barneby,Accepted,NA,Mem. New York Bot. Gard. 35: 651 (1982),FALSE,"Brazil, Colombia, Venezuela","Brazil North, Colombia, Venezuela",unknown,unknown,910335-1,http://www.plantsoftheworldonline.org/taxon/urn:lsid:ipni.org:names:910335-1,POWO,1982,comb_nova
Fabaceae,Chamaecrista,philippii,Chamaecrista_philippii,(H.S.Irwin & Barneby) H.S.Irwin & Barneby,Chamaecrista philippii (H.S.Irwin & Barneby) H.S.Irwin & Barneby,Accepted,NA,Brittonia 31: 155 (1979),FALSE,Brazil,Brazil Northeast,unknown,unknown,485880-1,http://www.plantsoftheworldonline.org/taxon/urn:lsid:ipni.org:names:485880-1,POWO,1979,comb_nova
Fabaceae,Chamaecrista,sempreviva,Chamaecrista_sempreviva,Fort.-Perez & Zeferino,Chamaecrista sempreviva Fort.-Perez & Zeferino,Accepted,NA,Phytotaxa 536: 253 (2022),FALSE,Brazil,Brazil Southeast,unknown,unknown,77260816-1,http://www.plantsoftheworldonline.org/taxon/urn:lsid:ipni.org:names:77260816-1,POWO,2022,taxon_novo
Fabaceae,Cojoba,chazutensis,Cojoba_chazutensis,(Standl.) L.Rico,Cojoba chazutensis (Standl.) L.Rico,Accepted,NA,Kew Bull. 46: 507 (1991),FALSE,"Bolivia, Brazil, Peru","Bolivia, Brazil North, Peru",unknown,unknown,962848-1,http://www.plantsoftheworldonline.org/taxon/urn:lsid:ipni.org:names:962848-1,POWO,1991,comb_nova
Fabaceae,Collaea,insignis,Collaea_insignis,M.J.Silva,Collaea insignis M.J.Silva,Accepted,NA,Phytotaxa 576: 57 (2022),FALSE,Brazil,Brazil West-Central,unknown,unknown,77310103-1,http://www.plantsoftheworldonline.org/taxon/urn:lsid:ipni.org:names:77310103-1,POWO,2022,taxon_novo
Fabaceae,Copaifera,appendiculata,Copaifera_appendiculata,M.J.Silva,Copaifera appendiculata M.J.Silva,Accepted,NA,Phytotaxa 552: 129 (2022),FALSE,Brazil,Brazil West-Central,unknown,unknown,77300237-1,http://www.plantsoftheworldonline.org/taxon/urn:lsid:ipni.org:names:77300237-1,POWO,2022,taxon_novo
Fabaceae,Copaifera,epunctata,Copaifera_epunctata,Amshoff,Copaifera epunctata Amshoff,Accepted,NA,Meded. Bot. Mus. Herb. Rijks Univ. Utrecht 52: 9 (1939),FALSE,"Bolivia, Brazil, Colombia, Suriname, Venezuela","Bolivia, Brazil North, Brazil Southeast, Brazil West-Central, Colombia, Suriname, Venezuela",unknown,unknown,64909-2,http://www.plantsoftheworldonline.org/taxon/urn:lsid:ipni.org:names:64909-2,POWO,1939,taxon_novo
Fabaceae,Coursetia,caribaea,Coursetia_caribaea,(Jacq.) Lavin,Coursetia caribaea (Jacq.) Lavin,Accepted,NA,"C.H.Stirton (ed.), Advances Legume System. 3: 63 (1987)",FALSE,"Belize, Bolivia, Brazil, Colombia, Costa Rica, Dominican Republic, Ecuador, El Salvador, Guatemala, Haiti, Honduras, Jamaica, Leeward Is., Mexico, Nicaragua, Panama, Peru, Puerto Rico, Trinidad-Tobago, United States, Venezuela, Venezuelan Antilles, Windward Is.","Arizona, Belize, Bolivia, Brazil West-Central, Colombia, Costa Rica, Dominican Republic, Ecuador, El Salvador, Guatemala, Haiti, Honduras, Jamaica, Leeward Is., Mexico Central, Mexico Gulf, Mexico Northeast, Mexico Northwest, Mexico Southeast, Mexico Southwest, Nicaragua, Panama, Peru, Puerto Rico, Trinidad-Tobago, Venezuela, Venezuelan Antilles, Windward Is.",unknown,unknown,275194-2,http://www.plantsoftheworldonline.org/taxon/urn:lsid:ipni.org:names:275194-2,POWO,1987,comb_nova
Fabaceae,Cratylia,hypargyraea,Cratylia_hypargyraea,Mart. ex Benth.,Cratylia hypargyraea Mart. ex Benth.,Accepted,NA,Comm. Legum. Gen.: 67 (1837),FALSE,Brazil,"Brazil Northeast, Brazil Southeast",unknown,unknown,487736-1,http://www.plantsoftheworldonline.org/taxon/urn:lsid:ipni.org:names:487736-1,POWO,1837,taxon_novo
Fabaceae,Crotalaria,bahiaensis,Crotalaria_bahiaensis,Windler & S.G.Skinner,Crotalaria bahiaensis Windler & S.G.Skinner,Accepted,NA,Phytologia 50: 187 (1982),FALSE,Brazil,Brazil Northeast,unknown,unknown,69713-2,http://www.plantsoftheworldonline.org/taxon/urn:lsid:ipni.org:names:69713-2,POWO,1982,taxon_novo
Fabaceae,Crotalaria,pumila,Crotalaria_pumila,Ortega,Crotalaria pumila Ortega,Accepted,NA,Nov. Pl. Descr. Dec.: 23 (1797),FALSE,"Argentina, Bahamas, Belize, Bolivia, Brazil, Costa Rica, Cuba, Dominican Republic, Ecuador, Galapagos, Guatemala, Haiti, Honduras, Jamaica, Leeward Is., Mexico, Nicaragua, Peru, United States, Venezuela, Windward Is.","Argentina Northwest, Arizona, Bahamas, Belize, Bolivia, Brazil West-Central, Costa Rica, Cuba, Dominican Republic, Ecuador, Florida, Galapagos, Guatemala, Haiti, Honduras, Jamaica, Leeward Is., Mexico Central, Mexico Gulf, Mexico Northeast, Mexico Northwest, Mexico Southeast, Mexico Southwest, New Mexico, Nicaragua, Oklahoma, Peru, Texas, Venezuela, Windward Is.","Cape Verde, United States","Cape Verde, Hawaii, Maryland",488735-1,http://www.plantsoftheworldonline.org/taxon/urn:lsid:ipni.org:names:488735-1,POWO,1797,taxon_novo
Fabaceae,Crotalaria,tweedieana,Crotalaria_tweedieana,Benth.,Crotalaria tweedieana Benth.,Accepted,NA,London J. Bot. 2: 482 (1843),FALSE,"Argentina, Brazil, Paraguay, Uruguay","Argentina Northeast, Brazil South, Paraguay, Uruguay",unknown,unknown,322613-2,http://www.plantsoftheworldonline.org/taxon/urn:lsid:ipni.org:names:322613-2,POWO,1843,taxon_novo
Fabaceae,Crudia,humboldtiana,Crudia_humboldtiana,Stergios,Crudia humboldtiana Stergios,Accepted,NA,"BioLlania, Ed. Espec. 7: 267 (2001)",FALSE,Brazil,Brazil North,unknown,unknown,20006334-1,http://www.plantsoftheworldonline.org/taxon/urn:lsid:ipni.org:names:20006334-1,POWO,2001,taxon_novo
Fabaceae,Ctenodon,laca-buendianus,Ctenodon_laca-buendianus,"(Brandão) D.B.O.S.Cardoso, Filardi & H.C.Lima","Ctenodon laca-buendianus (Brandão) D.B.O.S.Cardoso, Filardi & H.C.Lima",Accepted,NA,Neodiversity 13(1): 21 (2020),FALSE,Brazil,Brazil Southeast,unknown,unknown,77215951-1,http://www.plantsoftheworldonline.org/taxon/urn:lsid:ipni.org:names:77215951-1,POWO,2020,comb_nova
Fabaceae,Ctenodon,sabulicola,Ctenodon_sabulicola,(L.P.Queiroz & D.B.O.S.Cardoso) D.B.O.S.Cardoso,Ctenodon sabulicola (L.P.Queiroz & D.B.O.S.Cardoso) D.B.O.S.Cardoso,Accepted,NA,Neodiversity 13(1): 28 (2020),FALSE,Brazil,Brazil Northeast,unknown,unknown,77215988-1,http://www.plantsoftheworldonline.org/taxon/urn:lsid:ipni.org:names:77215988-1,POWO,2020,comb_nova
Fabaceae,Cynometra,humboldtiana,Cynometra_humboldtiana,Stergios,Cynometra humboldtiana Stergios,Accepted,NA,"BioLlania, Ed. Espec. 7: 274 (2001)",FALSE,Brazil,Brazil North,unknown,unknown,20006336-1,http://www.plantsoftheworldonline.org/taxon/urn:lsid:ipni.org:names:20006336-1,POWO,2001,taxon_novo
Fabaceae,Dalbergia,cujabensis,Dalbergia_cujabensis,Benth.,Dalbergia cujabensis Benth.,Accepted,NA,"J. Proc. Linn. Soc., Bot. 4(Suppl.): 36 (1860)",FALSE,"Bolivia, Brazil","Bolivia, Brazil West-Central",unknown,unknown,490155-1,http://www.plantsoftheworldonline.org/taxon/urn:lsid:ipni.org:names:490155-1,POWO,1860,taxon_novo
Fabaceae,Dalbergia,nitida,Dalbergia_nitida,(Mart. ex Benth.) Ducke ex Hoehne,Dalbergia nitida (Mart. ex Benth.) Ducke ex Hoehne,Accepted,NA,Fl. Brasílica 4(25; 3): 22 (1941),FALSE,Brazil,Brazil North,unknown,unknown,75966-2,http://www.plantsoftheworldonline.org/taxon/urn:lsid:ipni.org:names:75966-2,POWO,1941,comb_nova
Fabaceae,Eriosema,boelckei,Eriosema_boelckei,Fortunato,Eriosema boelckei Fortunato,Accepted,NA,Parodiana 7: 31 (1992),FALSE,"Brazil, Paraguay","Brazil West-Central, Paraguay",unknown,unknown,303081-2,http://www.plantsoftheworldonline.org/taxon/urn:lsid:ipni.org:names:303081-2,POWO,1992,taxon_novo
Fabaceae,Galactia,cordifolia,Galactia_cordifolia,Ceolin & Miotto,Galactia cordifolia Ceolin & Miotto,Accepted,NA,Phytotaxa 134: 5 (2013),FALSE,Brazil,Brazil West-Central,unknown,unknown,77133200-1,http://www.plantsoftheworldonline.org/taxon/urn:lsid:ipni.org:names:77133200-1,POWO,2013,taxon_novo
Fabaceae,Galactia,dimorphophylla,Galactia_dimorphophylla,"Fortunato, Sede & Luckow","Galactia dimorphophylla Fortunato, Sede & Luckow",Accepted,NA,Brittonia 60: 350 (2008),FALSE,"Argentina, Brazil, Uruguay","Argentina Northeast, Brazil South, Uruguay",unknown,unknown,77099651-1,http://www.plantsoftheworldonline.org/taxon/urn:lsid:ipni.org:names:77099651-1,POWO,2008,taxon_novo
Fabaceae,Grazielodendron,riodocensis,Grazielodendron_riodocensis,H.C.Lima,Grazielodendron riodocensis H.C.Lima,Accepted,NA,Bradea 3: 401 (1983),FALSE,Brazil,"Brazil Northeast, Brazil Southeast",unknown,unknown,113383-2,http://www.plantsoftheworldonline.org/taxon/urn:lsid:ipni.org:names:113383-2,POWO,1983,taxon_novo
Fabaceae,Grona,adscendens,Grona_adscendens,(Sw.) H.Ohashi & K.Ohashi,Grona adscendens (Sw.) H.Ohashi & K.Ohashi,Accepted,NA,J. Jap. Bot. 93: 108 (2018),FALSE,"Angola, Argentina, Belize, Benin, Bolivia, Brazil, Burkina Faso, Burundi, Cameroon, Central African Republic, Colombia, Costa Rica, Cote d'Ivoire, Cuba, Dominican Republic, Ecuador, Equatorial Guinea, Ethiopia, French Guiana, Gabon, Ghana, Guatemala, Guinea, Guinea-Bissau, Gulf of Guinea Is., Guyana, Haiti, Honduras, Jamaica, Kenya, Leeward Is., Liberia, Madagascar, Malawi, Mauritius, Mexico, Mozambique, Nicaragua, Nigeria, Panama, Peru, Puerto Rico, Republic of Congo, Rodrigues, Rwanda, Senegal, Sierra Leone, South Africa, Sudan, Suriname, Swaziland, Tanzania, Togo, Trinidad-Tobago, Uganda, Venezuela, Windward Is., Zaire, Zambia, Zimbabwe","Angola, Argentina Northeast, Belize, Benin, Bolivia, Brazil North, Brazil Northeast, Brazil South, Brazil Southeast, Brazil West-Central, Burkina, Burundi, Cameroon, Central African Repu, Colombia, Congo, Costa Rica, Cuba, Dominican Republic, Ecuador, Equatorial Guinea, Ethiopia, French Guiana, Gabon, Ghana, Guatemala, Guinea, Guinea-Bissau, Gulf of Guinea Is., Guyana, Haiti, Honduras, Ivory Coast, Jamaica, Kenya, KwaZulu-Natal, Leeward Is., Liberia, Madagascar, Malawi, Mauritius, Mexico Gulf, Mexico Northeast, Mexico Southeast, Mexico Southwest, Mozambique, Nicaragua, Nigeria, Northern Provinces, Panama, Peru, Puerto Rico, Rodrigues, Rwanda, Senegal, Sierra Leone, Sudan, Suriname, Swaziland, Tanzania, Togo, Trinidad-Tobago, Uganda, Venezuela, Windward Is., Zambia, Zaire, Zimbabwe","Central American Pac, Cook Is., Fiji, India, Indonesia, Indonesia, Malaysia, Indonesia, Papua New Guinea, Malaysia, Myanmar, New Caledonia, Philippines, Seychelles, Sri Lanka, Thailand, Vanuatu","Borneo, Central American Pac, Cook Is., Fiji, India, Jawa, Malaya, Myanmar, New Caledonia, New Guinea, Philippines, Seychelles, Sri Lanka, Sulawesi, Thailand, Vanuatu",77187388-1,http://www.plantsoftheworldonline.org/taxon/urn:lsid:ipni.org:names:77187388-1,POWO,2018,comb_nova
Fabaceae,Grona,barbata,Grona_barbata,(L.) H.Ohashi & K.Ohashi,Grona barbata (L.) H.Ohashi & K.Ohashi,Accepted,NA,J. Jap. Bot. 93: 109 (2018),FALSE,"Angola, Argentina, Belize, Bolivia, Brazil, Burundi, Cameroon, Colombia, Costa Rica, Cuba, Dominican Republic, Ecuador, El Salvador, Ethiopia, French Guiana, Gabon, Guatemala, Guinea, Guyana, Haiti, Honduras, Jamaica, Kenya, Leeward Is., Madagascar, Malawi, Mexico, Mozambique, Namibia, Nicaragua, Nigeria, Panama, Paraguay, Peru, Puerto Rico, Republic of Congo, Rwanda, Suriname, Tanzania, Trinidad-Tobago, Uganda, Venezuela, Windward Is., Zaire, Zambia, Zimbabwe","Angola, Argentina Northeast, Belize, Bolivia, Brazil North, Brazil Northeast, Brazil South, Brazil Southeast, Brazil West-Central, Burundi, Cabinda, Cameroon, Colombia, Congo, Costa Rica, Cuba, Dominican Republic, Ecuador, El Salvador, Ethiopia, French Guiana, Gabon, Guatemala, Guinea, Guyana, Haiti, Honduras, Jamaica, Kenya, Leeward Is., Madagascar, Malawi, Mexico Central, Mexico Gulf, Mexico Northwest, Mexico Southeast, Mexico Southwest, Mozambique, Namibia, Nicaragua, Nigeria, Panama, Paraguay, Peru, Puerto Rico, Rwanda, Suriname, Tanzania, Trinidad-Tobago, Uganda, Venezuela, Windward Is., Zambia, Zaire, Zimbabwe",unknown,unknown,77187394-1,http://www.plantsoftheworldonline.org/taxon/urn:lsid:ipni.org:names:77187394-1,POWO,2018,comb_nova
Fabaceae,Grona,juruenensis,Grona_juruenensis,(Hoehne) H.Ohashi & K.Ohashi,Grona juruenensis (Hoehne) H.Ohashi & K.Ohashi,Accepted,NA,J. Jap. Bot. 93: 115 (2018),FALSE,Brazil,"Brazil North, Brazil West-Central",unknown,unknown,77187425-1,http://www.plantsoftheworldonline.org/taxon/urn:lsid:ipni.org:names:77187425-1,POWO,2018,comb_nova
Fabaceae,Grona,triflora,Grona_triflora,(L.) H.Ohashi & K.Ohashi,Grona triflora (L.) H.Ohashi & K.Ohashi,Accepted,NA,J. Jap. Bot. 93: 117 (2018),FALSE,"Angola, Bangladesh, Belize, Benin, Bhutan, India, Bolivia, Brazil, Burundi, Cambodia, Cameroon, Caroline Is., Cayman Is., Central African Republic, China, Colombia, Comoros, Costa Rica, Cote d'Ivoire, Cuba, Dominican Republic, El Salvador, Equatorial Guinea, Fiji, Gabon, Gambia, Ghana, Guatemala, Guinea, Guinea-Bissau, Gulf of Guinea Is., Haiti, Honduras, India, India, Pakistan, Indonesia, Indonesia, East Timor, Indonesia, Malaysia, Indonesia, Papua New Guinea, Jamaica, Kazan-retto, Kenya, Laccadive Is., Leeward Is., Liberia, Madagascar, Malawi, Malaysia, Maldives, Mali, Marianas, Mauritius, Mexico, Myanmar, Nansei-shoto, Nepal, Netherlands Antilles, Nicaragua, Nigeria, Pakistan, Panama, Papua New Guinea, Philippines, Puerto Rico, Republic of Congo, Reunion, Rodrigues, Samoa, Senegal, Sierra Leone, Socotra, South China Sea, Southwest Caribbean, Sri Lanka, Sudan, Taiwan, Tanzania, Thailand, Togo, Tonga, Trinidad-Tobago, Uganda, United States, Vanuatu, Venezuela, Vietnam, Wallis-Futuna Is., Windward Is., Yemen, Zaire, Zambia, Zimbabwe","Angola, Assam, Bangladesh, Belize, Benin, Bismarck Archipelago, Bolivia, Borneo, Brazil North, Brazil Northeast, Brazil South, Brazil Southeast, Brazil West-Central, Burundi, Cambodia, Cameroon, Caroline Is., Cayman Is., Central African Repu, China South-Central, China Southeast, Colombia, Comoros, Congo, Costa Rica, Cuba, Dominican Republic, East Himalaya, El Salvador, Equatorial Guinea, Fiji, Florida, Gabon, Gambia, Ghana, Guatemala, Guinea, Guinea-Bissau, Gulf of Guinea Is., Hainan, Haiti, Honduras, India, Ivory Coast, Jamaica, Jawa, Kazan-retto, Kenya, Laccadive Is., Leeward Is., Lesser Sunda Is., Liberia, Madagascar, Malawi, Malaya, Maldives, Mali, Maluku, Marianas, Mauritius, Mexico Central, Mexico Gulf, Mexico Northeast, Mexico Northwest, Mexico Southeast, Mexico Southwest, Myanmar, Nansei-shoto, Nepal, Netherlands Antilles, New Guinea, Nicaragua, Nigeria, Pakistan, Panama, Philippines, Puerto Rico, Rodrigues, Reunion, Samoa, Senegal, Sierra Leone, Socotra, South China Sea, Southwest Caribbean, Sri Lanka, Sudan, Sulawesi, Sumatera, Taiwan, Tanzania, Thailand, Togo, Tonga, Trinidad-Tobago, Uganda, Vanuatu, Venezuela, Vietnam, Wallis-Futuna Is., West Himalaya, Windward Is., Yemen, Zambia, Zaire, Zimbabwe","Andaman Is., Australia, Chagos Archipelago, Christmas I., Cocos (Keeling) Is., Cook Is., French Guiana, Guyana, Line Is., Nauru, New Caledonia, Nicobar Is., Niue, Seychelles, Society Is., Suriname, Tuamotu, United States","Andaman Is., Chagos Archipelago, Christmas I., Cocos (Keeling) Is., Cook Is., French Guiana, Guyana, Hawaii, Line Is., Nauru, New Caledonia, Nicobar Is., Niue, Northern Territory, Queensland, Seychelles, Society Is., Suriname, Tuamotu, Western Australia",77187443-1,http://www.plantsoftheworldonline.org/taxon/urn:lsid:ipni.org:names:77187443-1,POWO,2018,comb_nova
Fabaceae,Hydrochorea,panurensis,Hydrochorea_panurensis,"(Spruce ex Benth.) M.V.B.Soares, M.P.Morim & Iganci","Hydrochorea panurensis (Spruce ex Benth.) M.V.B.Soares, M.P.Morim & Iganci",Accepted,NA,PhytoKeys 205: 422 (2022),FALSE,"Brazil, Colombia, Venezuela","Brazil North, Colombia, Venezuela",unknown,unknown,77303830-1,http://www.plantsoftheworldonline.org/taxon/urn:lsid:ipni.org:names:77303830-1,POWO,2022,comb_nova
Fabaceae,Hymenolobium,heringeranum,Hymenolobium_heringeranum,Rizzini,Hymenolobium heringeranum Rizzini,Accepted,NA,Anais Acad. Brasil. Ci. 41: 242 (1969),FALSE,Brazil,Brazil West-Central,unknown,unknown,498826-1,http://www.plantsoftheworldonline.org/taxon/urn:lsid:ipni.org:names:498826-1,POWO,1969,taxon_novo
Fabaceae,Indigofera,hygrobia,Indigofera_hygrobia,Malme,Indigofera hygrobia Malme,Accepted,NA,Ark. Bot. 23A(13): 69 (1931),FALSE,Brazil,Brazil West-Central,unknown,unknown,128294-2,http://www.plantsoftheworldonline.org/taxon/urn:lsid:ipni.org:names:128294-2,POWO,1931,taxon_novo
Fabaceae,Inga,bourgoni,Inga_bourgoni,(Aubl.) DC.,Inga bourgoni (Aubl.) DC.,Accepted,NA,Prodr. 2: 434 (1825),FALSE,"Bolivia, Brazil, Colombia, Ecuador, French Guiana, Guyana, Peru, Suriname, Venezuela","Bolivia, Brazil North, Colombia, Ecuador, French Guiana, Guyana, Peru, Suriname, Venezuela",unknown,unknown,500286-1,http://www.plantsoftheworldonline.org/taxon/urn:lsid:ipni.org:names:500286-1,POWO,1825,comb_nova
Fabaceae,Inga,ciatiformis,Inga_ciatiformis,J.M.Fern. & F.C.P.Garcia,Inga ciatiformis J.M.Fern. & F.C.P.Garcia,Accepted,NA,Phytotaxa 505: 214 (2021),FALSE,Brazil,Brazil Southeast,unknown,unknown,77219863-1,http://www.plantsoftheworldonline.org/taxon/urn:lsid:ipni.org:names:77219863-1,POWO,2021,taxon_novo
Fabaceae,Inga,fanchoniana,Inga_fanchoniana,Poncy,Inga fanchoniana Poncy,Accepted,NA,"Bull. Mus. Natl. Hist. Nat., B, Adansonia 5: 103 (1983)",FALSE,"Brazil, French Guiana","Brazil North, French Guiana",unknown,unknown,278804-2,http://www.plantsoftheworldonline.org/taxon/urn:lsid:ipni.org:names:278804-2,POWO,1983,taxon_novo
Fabaceae,Inga,inundata,Inga_inundata,Ducke,Inga inundata Ducke,Accepted,NA,Arch. Jard. Bot. Rio de Janeiro 3: 48 (1922),FALSE,"Brazil, French Guiana, Peru","Brazil North, French Guiana, Peru",unknown,unknown,128552-2,http://www.plantsoftheworldonline.org/taxon/urn:lsid:ipni.org:names:128552-2,POWO,1922,taxon_novo
Fabaceae,Inga,japurensis,Inga_japurensis,T.D.Penn.,Inga japurensis T.D.Penn.,Accepted,NA,"Gen. Inga, Bot.: 560 (1997)",FALSE,"Bolivia, Brazil, Peru","Bolivia, Brazil North, Peru",unknown,unknown,313772-2,http://www.plantsoftheworldonline.org/taxon/urn:lsid:ipni.org:names:313772-2,POWO,1997,taxon_novo
Fabaceae,Inga,laevigata,Inga_laevigata,M.Martens & Galeotti,Inga laevigata M.Martens & Galeotti,Accepted,NA,Bull. Acad. Roy. Sci. Bruxelles 10(2): 320 (1843),FALSE,"Bolivia, Brazil, Colombia, Costa Rica, Ecuador, French Guiana, Galapagos, Guatemala, Guyana, Honduras, Mexico, Nicaragua, Panama, Peru, Suriname, Venezuela","Bolivia, Brazil North, Brazil Northeast, Brazil West-Central, Colombia, Costa Rica, Ecuador, French Guiana, Galapagos, Guatemala, Guyana, Honduras, Mexico Gulf, Mexico Southwest, Nicaragua, Panama, Peru, Suriname, Venezuela",unknown,unknown,500531-1,http://www.plantsoftheworldonline.org/taxon/urn:lsid:ipni.org:names:500531-1,POWO,1843,taxon_novo
Fabaceae,Inga,longifoliola,Inga_longifoliola,R.S.Cowan.,Inga longifoliola R.S.Cowan.,Accepted,NA,Bot. Mus. Leafl. 18: 147 (1958),FALSE,"Bolivia, Brazil, Colombia","Bolivia, Brazil North, Colombia",unknown,unknown,128587-2,http://www.plantsoftheworldonline.org/taxon/urn:lsid:ipni.org:names:128587-2,POWO,1958,taxon_novo
Fabaceae,Inga,megaphylla,Inga_megaphylla,Poncy & Vester,Inga megaphylla Poncy & Vester,Accepted,NA,Novon 5: 384 (1995),FALSE,"Bolivia, Brazil, Colombia, Peru","Bolivia, Brazil North, Colombia, Peru",unknown,unknown,300332-2,http://www.plantsoftheworldonline.org/taxon/urn:lsid:ipni.org:names:300332-2,POWO,1995,taxon_novo
Fabaceae,Inga,mitaraka,Inga_mitaraka,Poncy,Inga mitaraka Poncy,Accepted,NA,"Bull. Mus. Natl. Hist. Nat., B, Adansonia 18: 70 (1996)",FALSE,"Brazil, French Guiana, Guyana","Brazil North, French Guiana, Guyana",unknown,unknown,313730-2,http://www.plantsoftheworldonline.org/taxon/urn:lsid:ipni.org:names:313730-2,POWO,1996,taxon_novo
Fabaceae,Inga,nubium,Inga_nubium,Poncy,Inga nubium Poncy,Accepted,NA,"Bull. Mus. Natl. Hist. Nat., B, Adansonia 13: 148 (1991)",FALSE,"Brazil, French Guiana","Brazil North, French Guiana",unknown,unknown,302692-2,http://www.plantsoftheworldonline.org/taxon/urn:lsid:ipni.org:names:302692-2,POWO,1991,taxon_novo
Fabaceae,Inga,pachyphylla,Inga_pachyphylla,Harms,Inga pachyphylla Harms,Accepted,NA,Notizbl. Königl. Bot. Gart. Berlin 6: 303 (1915),FALSE,Brazil,Brazil North,unknown,unknown,128652-2,http://www.plantsoftheworldonline.org/taxon/urn:lsid:ipni.org:names:128652-2,POWO,1915,taxon_novo
Fabaceae,Inga,pruriens,Inga_pruriens,Poepp.,Inga pruriens Poepp.,Accepted,NA,"E.F.Poeppig & S.L.Endlicher, Nov. Gen. Sp. Pl. 3: 78 (1845)",FALSE,"Brazil, Colombia, Ecuador, Peru","Brazil North, Colombia, Ecuador, Peru",unknown,unknown,128687-2,http://www.plantsoftheworldonline.org/taxon/urn:lsid:ipni.org:names:128687-2,POWO,1845,taxon_novo
Fabaceae,Inga,salicifolia,Inga_salicifolia,T.D.Penn.,Inga salicifolia T.D.Penn.,Accepted,NA,"Gen. Inga, Bot.: 188 (1997)",FALSE,Brazil,Brazil North,unknown,unknown,313733-2,http://www.plantsoftheworldonline.org/taxon/urn:lsid:ipni.org:names:313733-2,POWO,1997,taxon_novo
Fabaceae,Inga,teresensis,Inga_teresensis,F.C.P.Garcia & A.P.Chagas,Inga teresensis F.C.P.Garcia & A.P.Chagas,Accepted,NA,Phytotaxa 521: 96 (2021),FALSE,Brazil,Brazil Southeast,unknown,unknown,77221372-1,http://www.plantsoftheworldonline.org/taxon/urn:lsid:ipni.org:names:77221372-1,POWO,2021,taxon_novo
Fabaceae,Inga,tripa,Inga_tripa,F.C.P.Garcia & A.P.Chagas,Inga tripa F.C.P.Garcia & A.P.Chagas,Accepted,NA,Phytotaxa 521: 100 (2021),FALSE,Brazil,Brazil Northeast,unknown,unknown,77221373-1,http://www.plantsoftheworldonline.org/taxon/urn:lsid:ipni.org:names:77221373-1,POWO,2021,taxon_novo
Fabaceae,Jupunba,ferruginea,Jupunba_ferruginea,"(Benth.) M.V.B.Soares, M.P.Morim & Iganci","Jupunba ferruginea (Benth.) M.V.B.Soares, M.P.Morim & Iganci",Accepted,NA,Bot. J. Linn. Soc. 196: 470 (2021),FALSE,"Brazil, Venezuela","Brazil North, Venezuela",unknown,unknown,77218554-1,http://www.plantsoftheworldonline.org/taxon/urn:lsid:ipni.org:names:77218554-1,POWO,2021,comb_nova
Fabaceae,Jupunba,mataybifolia,Jupunba_mataybifolia,"(Sandwith) M.V.B.Soares, M.P.Morim & Iganci","Jupunba mataybifolia (Sandwith) M.V.B.Soares, M.P.Morim & Iganci",Accepted,NA,Bot. J. Linn. Soc. 196: 473 (2021),FALSE,"Brazil, French Guiana, Guyana, Suriname","Brazil North, French Guiana, Guyana, Suriname",unknown,unknown,77218796-1,http://www.plantsoftheworldonline.org/taxon/urn:lsid:ipni.org:names:77218796-1,POWO,2021,comb_nova
Fabaceae,Luetzelburgia,andrade-limae,Luetzelburgia_andrade-limae,H.C.Lima,Luetzelburgia andrade-limae H.C.Lima,Accepted,NA,Anais Congr. Soc. Bot. Brasil 34(2): 191 (1984),FALSE,Brazil,"Brazil Northeast, Brazil Southeast, Brazil West-Central",unknown,unknown,928746-1,http://www.plantsoftheworldonline.org/taxon/urn:lsid:ipni.org:names:928746-1,POWO,1984,taxon_novo
Fabaceae,Lupinus,aliattenuatus,Lupinus_aliattenuatus,C.P.Sm.,Lupinus aliattenuatus C.P.Sm.,Accepted,NA,Spec. Lupinorum: 485 (1945),FALSE,Brazil,Brazil South,unknown,unknown,144719-2,http://www.plantsoftheworldonline.org/taxon/urn:lsid:ipni.org:names:144719-2,POWO,1945,taxon_novo
Fabaceae,Machaerium,stygium,Machaerium_stygium,Lindm.,Machaerium stygium Lindm.,Accepted,NA,Bih. Kongl. Svenska Vetensk.-Akad. Handl. 24(3; 7): 20 (1898),FALSE,Brazil,"Brazil North, Brazil West-Central",unknown,unknown,148622-2,http://www.plantsoftheworldonline.org/taxon/urn:lsid:ipni.org:names:148622-2,POWO,1898,taxon_novo
Fabaceae,Macrolobium,savannarum,Macrolobium_savannarum,R.S.Cowan,Macrolobium savannarum R.S.Cowan,Accepted,NA,Mem. New York Bot. Gard. 8: 323 (1953),FALSE,"Brazil, Colombia, Venezuela","Brazil North, Colombia, Venezuela",unknown,unknown,148980-2,http://www.plantsoftheworldonline.org/taxon/urn:lsid:ipni.org:names:148980-2,POWO,1953,taxon_novo
Fabaceae,Macropsychanthus,dictyoneurus,Macropsychanthus_dictyoneurus,(Diels) L.P.Queiroz & Snak,Macropsychanthus dictyoneurus (Diels) L.P.Queiroz & Snak,Accepted,NA,PhytoKeys 164: 94 (2020),FALSE,"Brazil, Colombia, Ecuador, Peru","Brazil North, Colombia, Ecuador, Peru",unknown,unknown,77212309-1,http://www.plantsoftheworldonline.org/taxon/urn:lsid:ipni.org:names:77212309-1,POWO,2020,comb_nova
Fabaceae,Macropsychanthus,grandistipulus,Macropsychanthus_grandistipulus,(L.P.Queiroz) L.P.Queiroz & Snak,Macropsychanthus grandistipulus (L.P.Queiroz) L.P.Queiroz & Snak,Accepted,NA,PhytoKeys 164: 96 (2020),FALSE,Brazil,Brazil Southeast,unknown,unknown,77212315-1,http://www.plantsoftheworldonline.org/taxon/urn:lsid:ipni.org:names:77212315-1,POWO,2020,comb_nova
Fabaceae,Macropsychanthus,hispidimarginatus,Macropsychanthus_hispidimarginatus,(R.H.Maxwell) L.P.Queiroz & Snak,Macropsychanthus hispidimarginatus (R.H.Maxwell) L.P.Queiroz & Snak,Accepted,NA,PhytoKeys 164: 106 (2020),FALSE,"Brazil, Colombia, Peru","Brazil North, Colombia, Peru",unknown,unknown,77212339-1,http://www.plantsoftheworldonline.org/taxon/urn:lsid:ipni.org:names:77212339-1,POWO,2020,comb_nova
Fabaceae,Macropsychanthus,mollicomus,Macropsychanthus_mollicomus,(Ducke) L.P.Queiroz & Snak,Macropsychanthus mollicomus (Ducke) L.P.Queiroz & Snak,Accepted,NA,PhytoKeys 164: 100 (2020),FALSE,"Brazil, Colombia, Peru, Windward Is.","Brazil North, Colombia, Peru, Windward Is.",unknown,unknown,77212325-1,http://www.plantsoftheworldonline.org/taxon/urn:lsid:ipni.org:names:77212325-1,POWO,2020,comb_nova
Fabaceae,Macroptilium,arenarium,Macroptilium_arenarium,(Bacig.) S.I.Drewes & R.A.Palacios,Macroptilium arenarium (Bacig.) S.I.Drewes & R.A.Palacios,Accepted,NA,Bol. Soc. Argent. Bot. 30: 187 (1995),FALSE,"Argentina, Brazil","Argentina Northeast, Brazil South",unknown,unknown,986895-1,http://www.plantsoftheworldonline.org/taxon/urn:lsid:ipni.org:names:986895-1,POWO,1995,comb_nova
Fabaceae,Macroptilium,campestre,Macroptilium_campestre,"(Mart. ex Benth.) Berlingeri, M.B.Crespo & Calles","Macroptilium campestre (Mart. ex Benth.) Berlingeri, M.B.Crespo & Calles",Accepted,NA,Bot. J. Linn. Soc. 194: 133 (2020),FALSE,"Brazil, Colombia, Guatemala, Mexico, Venezuela, Venezuelan Antilles","Brazil Northeast, Colombia, Guatemala, Mexico Central, Mexico Southeast, Mexico Southwest, Venezuela, Venezuelan Antilles",unknown,unknown,77211274-1,http://www.plantsoftheworldonline.org/taxon/urn:lsid:ipni.org:names:77211274-1,POWO,2020,comb_nova
Fabaceae,Melanoxylum,brauna,Melanoxylum_brauna,Schott,Melanoxylum brauna Schott,Accepted,NA,"K.P.J.Sprengel, Syst. Veg. 4(2): 406 (1827)",FALSE,Brazil,"Brazil Northeast, Brazil Southeast",unknown,unknown,506891-1,http://www.plantsoftheworldonline.org/taxon/urn:lsid:ipni.org:names:506891-1,POWO,1827,taxon_novo
Fabaceae,Mimosa,brevicalyx,Mimosa_brevicalyx,T.P.Mendes & M.J.Silva,Mimosa brevicalyx T.P.Mendes & M.J.Silva,Accepted,NA,Pl. Syst. Evol. 307(3)-32: 13 (2021),FALSE,Brazil,Brazil West-Central,unknown,unknown,77297215-1,http://www.plantsoftheworldonline.org/taxon/urn:lsid:ipni.org:names:77297215-1,POWO,2021,taxon_novo
Fabaceae,Mimosa,detonsa,Mimosa_detonsa,(Barneby) T.P.Mendes & M.J.Silva,Mimosa detonsa (Barneby) T.P.Mendes & M.J.Silva,Accepted,NA,Phytotaxa 505: 128 (2021),FALSE,Brazil,Brazil West-Central,unknown,unknown,77219842-1,http://www.plantsoftheworldonline.org/taxon/urn:lsid:ipni.org:names:77219842-1,POWO,2021,comb_nova
Fabaceae,Mimosa,pseudoracemosa,Mimosa_pseudoracemosa,"T.P.Mendes, Marc.F.Simon & M.J.Silva","Mimosa pseudoracemosa T.P.Mendes, Marc.F.Simon & M.J.Silva",Accepted,NA,Phytotaxa 505: 131 (2021),FALSE,Brazil,Brazil West-Central,unknown,unknown,77219849-1,http://www.plantsoftheworldonline.org/taxon/urn:lsid:ipni.org:names:77219849-1,POWO,2021,taxon_novo
Fabaceae,Mimosa,rocae,Mimosa_rocae,Lorentz & Niederl.,Mimosa rocae Lorentz & Niederl.,Accepted,NA,"Exped. Rio Negro, Bot 2: 213 (1881)",FALSE,"Argentina, Brazil, Uruguay","Argentina Northeast, Brazil South, Uruguay",unknown,unknown,508611-1,http://www.plantsoftheworldonline.org/taxon/urn:lsid:ipni.org:names:508611-1,POWO,1881,taxon_novo
Fabaceae,Mimosa,sprengelii,Mimosa_sprengelii,DC.,Mimosa sprengelii DC.,Accepted,NA,Prodr. 2: 430 (1825),FALSE,"Brazil, Uruguay","Brazil South, Uruguay",unknown,unknown,313239-2,http://www.plantsoftheworldonline.org/taxon/urn:lsid:ipni.org:names:313239-2,POWO,1825,taxon_novo
Fabaceae,Mimosa,surumuensis,Mimosa_surumuensis,Harms,Mimosa surumuensis Harms,Accepted,NA,Notizbl. Königl. Bot. Gart. Berlin 6: 304 (1915),FALSE,"Brazil, Guyana, Venezuela","Brazil North, Guyana, Venezuela",unknown,unknown,162008-2,http://www.plantsoftheworldonline.org/taxon/urn:lsid:ipni.org:names:162008-2,POWO,1915,taxon_novo
Fabaceae,Mimosa,tandilensis,Mimosa_tandilensis,Speg.,Mimosa tandilensis Speg.,Accepted,NA,Contr. Fl. Tandil: 13 (1901),FALSE,"Argentina, Brazil, Uruguay","Argentina Northeast, Brazil South, Uruguay",unknown,unknown,162012-2,http://www.plantsoftheworldonline.org/taxon/urn:lsid:ipni.org:names:162012-2,POWO,1901,taxon_novo
Fabaceae,Muellera,nudiflorens,Muellera_nudiflorens,(Burkart) M.J.Silva & A.M.G.Azevedo,Muellera nudiflorens (Burkart) M.J.Silva & A.M.G.Azevedo,Accepted,NA,Taxon 61: 104 (2012),FALSE,"Bolivia, Brazil, Paraguay","Bolivia, Brazil West-Central, Paraguay",unknown,unknown,77118404-1,http://www.plantsoftheworldonline.org/taxon/urn:lsid:ipni.org:names:77118404-1,POWO,2012,comb_nova
Fabaceae,Paloue,bicolor,Paloue_bicolor,(Ducke) Redden,Paloue bicolor (Ducke) Redden,Accepted,NA,Smithsonian Contr. Bot. 109: 7 (2018),FALSE,Brazil,Brazil North,unknown,unknown,77196891-1,http://www.plantsoftheworldonline.org/taxon/urn:lsid:ipni.org:names:77196891-1,POWO,2018,comb_nova
Fabaceae,Paloue,coccinea,Paloue_coccinea,(R.H.Schomb. ex Benth.) Redden,Paloue coccinea (R.H.Schomb. ex Benth.) Redden,Accepted,NA,Smithsonian Contr. Bot. 109: 9 (2018),FALSE,"Brazil, Guyana, Suriname","Brazil North, Guyana, Suriname",unknown,unknown,77196893-1,http://www.plantsoftheworldonline.org/taxon/urn:lsid:ipni.org:names:77196893-1,POWO,2018,comb_nova
Fabaceae,Paloue,duckei,Paloue_duckei,(Huber) Redden,Paloue duckei (Huber) Redden,Accepted,NA,Smithsonian Contr. Bot. 109: 11 (2018),FALSE,"Brazil, Colombia","Brazil North, Colombia",unknown,unknown,77196894-1,http://www.plantsoftheworldonline.org/taxon/urn:lsid:ipni.org:names:77196894-1,POWO,2018,comb_nova
Fabaceae,Paloue,durissima,Paloue_durissima,(Ducke) Redden,Paloue durissima (Ducke) Redden,Accepted,NA,Smithsonian Contr. Bot. 109: 13 (2018),FALSE,"Brazil, Guyana","Brazil North, Guyana",unknown,unknown,77196895-1,http://www.plantsoftheworldonline.org/taxon/urn:lsid:ipni.org:names:77196895-1,POWO,2018,comb_nova
Fabaceae,Paloue,leiogyne,Paloue_leiogyne,(Ducke) Redden,Paloue leiogyne (Ducke) Redden,Accepted,NA,Smithsonian Contr. Bot. 109: 23 (2018),FALSE,"Brazil, French Guiana, Venezuela","Brazil North, French Guiana, Venezuela",unknown,unknown,77197057-1,http://www.plantsoftheworldonline.org/taxon/urn:lsid:ipni.org:names:77197057-1,POWO,2018,comb_nova
Fabaceae,Paloue,macrostachya,Paloue_macrostachya,(Benth.) Redden,Paloue macrostachya (Benth.) Redden,Accepted,NA,Smithsonian Contr. Bot. 109: 23 (2018),FALSE,"Brazil, Venezuela","Brazil North, Venezuela",unknown,unknown,77197058-1,http://www.plantsoftheworldonline.org/taxon/urn:lsid:ipni.org:names:77197058-1,POWO,2018,comb_nova
Fabaceae,Paloue,paraensis,Paloue_paraensis,(Ducke) Redden,Paloue paraensis (Ducke) Redden,Accepted,NA,Smithsonian Contr. Bot. 109: 26 (2018),FALSE,"Brazil, French Guiana, Suriname","Brazil North, French Guiana, Suriname",unknown,unknown,77196903-1,http://www.plantsoftheworldonline.org/taxon/urn:lsid:ipni.org:names:77196903-1,POWO,2018,comb_nova
Fabaceae,Paloue,princeps,Paloue_princeps,(R.H.Schomb. ex Benth.) Redden,Paloue princeps (R.H.Schomb. ex Benth.) Redden,Accepted,NA,Smithsonian Contr. Bot. 109: 27 (2018),FALSE,"Brazil, French Guiana, Guyana, Suriname, Venezuela","Brazil North, French Guiana, Guyana, Suriname, Venezuela",unknown,unknown,77196904-1,http://www.plantsoftheworldonline.org/taxon/urn:lsid:ipni.org:names:77196904-1,POWO,2018,comb_nova
Fabaceae,Paloue,speciosa,Paloue_speciosa,(Ducke) Redden,Paloue speciosa (Ducke) Redden,Accepted,NA,Smithsonian Contr. Bot. 109: 31 (2018),FALSE,Brazil,Brazil North,unknown,unknown,77196905-1,http://www.plantsoftheworldonline.org/taxon/urn:lsid:ipni.org:names:77196905-1,POWO,2018,comb_nova
Fabaceae,Parkinsonia,andicola,Parkinsonia_andicola,(Griseb.) Varjão & Mansano,Parkinsonia andicola (Griseb.) Varjão & Mansano,Accepted,NA,Phytotaxa 344: 295 (2018),FALSE,"Argentina, Bolivia, Brazil, Paraguay","Argentina Northwest, Bolivia, Brazil West-Central, Paraguay",unknown,unknown,77177707-1,http://www.plantsoftheworldonline.org/taxon/urn:lsid:ipni.org:names:77177707-1,POWO,2018,comb_nova
Fabaceae,Piptadenia,amazonica,Piptadenia_amazonica,Ducke,Piptadenia amazonica Ducke,Accepted,NA,Arch. Jard. Bot. Rio de Janeiro 1: 17 (1915),FALSE,Brazil,Brazil North,unknown,unknown,199621-2,http://www.plantsoftheworldonline.org/taxon/urn:lsid:ipni.org:names:199621-2,POWO,1915,taxon_novo
Fabaceae,Pityrocarpa,brenanii,Pityrocarpa_brenanii,(G.P.Lewis & M.P.Lima) L.P.Queiroz & L.M.Borges,Pityrocarpa brenanii (G.P.Lewis & M.P.Lima) L.P.Queiroz & L.M.Borges,Accepted,NA,PhytoKeys 205: 250 (2022),FALSE,Brazil,"Brazil Northeast, Brazil Southeast",unknown,unknown,77303780-1,http://www.plantsoftheworldonline.org/taxon/urn:lsid:ipni.org:names:77303780-1,POWO,2022,comb_nova
Fabaceae,Pityrocarpa,inaequalis,Pityrocarpa_inaequalis,(Benth.) L.P.Queiroz & Marc.F.Simon,Pityrocarpa inaequalis (Benth.) L.P.Queiroz & Marc.F.Simon,Accepted,NA,PhytoKeys 205: 250 (2022),FALSE,Brazil,Brazil Southeast,unknown,unknown,77303781-1,http://www.plantsoftheworldonline.org/taxon/urn:lsid:ipni.org:names:77303781-1,POWO,2022,comb_nova
Fabaceae,Pityrocarpa,leptostachya,Pityrocarpa_leptostachya,(Benth.) L.P.Queiroz & P.G.Ribeiro,Pityrocarpa leptostachya (Benth.) L.P.Queiroz & P.G.Ribeiro,Accepted,NA,PhytoKeys 205: 250 (2022),FALSE,Brazil,Brazil Southeast,unknown,unknown,77303782-1,http://www.plantsoftheworldonline.org/taxon/urn:lsid:ipni.org:names:77303782-1,POWO,2022,comb_nova
Fabaceae,Pityrocarpa,schumanniana,Pityrocarpa_schumanniana,(Taub.) L.P.Queiroz & L.M.Borges,Pityrocarpa schumanniana (Taub.) L.P.Queiroz & L.M.Borges,Accepted,NA,PhytoKeys 205: 252 (2022),FALSE,Brazil,Brazil Southeast,unknown,unknown,77303784-1,http://www.plantsoftheworldonline.org/taxon/urn:lsid:ipni.org:names:77303784-1,POWO,2022,comb_nova
Fabaceae,Pseudalbizzia,burkartiana,Pseudalbizzia_burkartiana,(Barneby & J.W.Grimes) E.J.M.Koenen & Duno,Pseudalbizzia burkartiana (Barneby & J.W.Grimes) E.J.M.Koenen & Duno,Accepted,NA,PhytoKeys 205: 391 (2022),FALSE,Brazil,Brazil South,unknown,unknown,77303808-1,http://www.plantsoftheworldonline.org/taxon/urn:lsid:ipni.org:names:77303808-1,POWO,2022,comb_nova
Fabaceae,Pseudalbizzia,decandra,Pseudalbizzia_decandra,(Ducke) E.J.M.Koenen & Duno,Pseudalbizzia decandra (Ducke) E.J.M.Koenen & Duno,Accepted,NA,PhytoKeys 205: 395 (2022),FALSE,Brazil,"Brazil North, Brazil West-Central",unknown,unknown,77303818-1,http://www.plantsoftheworldonline.org/taxon/urn:lsid:ipni.org:names:77303818-1,POWO,2022,comb_nova
Fabaceae,Pseudalbizzia,edwallii,Pseudalbizzia_edwallii,(Hoehne) E.J.M.Koenen & Duno,Pseudalbizzia edwallii (Hoehne) E.J.M.Koenen & Duno,Accepted,NA,PhytoKeys 205: 391 (2022),FALSE,"Argentina, Brazil","Argentina Northeast, Brazil South, Brazil Southeast",unknown,unknown,77303805-1,http://www.plantsoftheworldonline.org/taxon/urn:lsid:ipni.org:names:77303805-1,POWO,2022,comb_nova
Fabaceae,Pseudalbizzia,glabripetala,Pseudalbizzia_glabripetala,(H.S.Irwin) E.J.M.Koenen & Duno,Pseudalbizzia glabripetala (H.S.Irwin) E.J.M.Koenen & Duno,Accepted,NA,PhytoKeys 205: 395 (2022),FALSE,"Brazil, Guyana, Venezuela","Brazil North, Guyana, Venezuela",unknown,unknown,77303819-1,http://www.plantsoftheworldonline.org/taxon/urn:lsid:ipni.org:names:77303819-1,POWO,2022,comb_nova
Fabaceae,Pseudalbizzia,inundata,Pseudalbizzia_inundata,(Mart.) E.J.M.Koenen & Duno,Pseudalbizzia inundata (Mart.) E.J.M.Koenen & Duno,Accepted,NA,PhytoKeys 205: 395 (2022),FALSE,"Argentina, Bolivia, Brazil, Paraguay, Uruguay","Argentina Northeast, Argentina Northwest, Bolivia, Brazil North, Brazil Northeast, Brazil South, Brazil Southeast, Brazil West-Central, Paraguay, Uruguay",unknown,unknown,77303820-1,http://www.plantsoftheworldonline.org/taxon/urn:lsid:ipni.org:names:77303820-1,POWO,2022,comb_nova
Fabaceae,Pseudalbizzia,niopoides,Pseudalbizzia_niopoides,(Spruce ex Benth.) E.J.M.Koenen & Duno,Pseudalbizzia niopoides (Spruce ex Benth.) E.J.M.Koenen & Duno,Accepted,NA,PhytoKeys 205: 394 (2022),FALSE,"Argentina, Belize, Bolivia, Brazil, Colombia, Costa Rica, Ecuador, El Salvador, French Guiana, Guatemala, Guyana, Honduras, Leeward Is., Mexico, Nicaragua, Panama, Paraguay, Peru, Trinidad-Tobago, Venezuela, Venezuelan Antilles, Windward Is.","Argentina Northeast, Belize, Bolivia, Brazil North, Brazil Northeast, Brazil South, Brazil Southeast, Brazil West-Central, Colombia, Costa Rica, Ecuador, El Salvador, French Guiana, Guatemala, Guyana, Honduras, Leeward Is., Mexico Gulf, Mexico Southeast, Mexico Southwest, Nicaragua, Panama, Paraguay, Peru, Trinidad-Tobago, Venezuela, Venezuelan Antilles, Windward Is.","Bangladesh, Nigeria, United States","Bangladesh, Hawaii, Nigeria",77303815-1,http://www.plantsoftheworldonline.org/taxon/urn:lsid:ipni.org:names:77303815-1,POWO,2022,comb_nova
Fabaceae,Pseudalbizzia,polycephala,Pseudalbizzia_polycephala,(Benth.) E.J.M.Koenen & Duno,Pseudalbizzia polycephala (Benth.) E.J.M.Koenen & Duno,Accepted,NA,PhytoKeys 205: 391 (2022),FALSE,"Brazil, Peru","Brazil Northeast, Brazil South, Brazil Southeast, Brazil West-Central, Peru",unknown,unknown,77303806-1,http://www.plantsoftheworldonline.org/taxon/urn:lsid:ipni.org:names:77303806-1,POWO,2022,comb_nova
Fabaceae,Pseudalbizzia,subdimidiata,Pseudalbizzia_subdimidiata,(Splitg.) E.J.M.Koenen & Duno,Pseudalbizzia subdimidiata (Splitg.) E.J.M.Koenen & Duno,Accepted,NA,PhytoKeys 205: 396 (2022),FALSE,"Bolivia, Brazil, Colombia, Ecuador, French Guiana, Guyana, Peru, Suriname, Venezuela","Bolivia, Brazil North, Brazil Northeast, Brazil West-Central, Colombia, Ecuador, French Guiana, Guyana, Peru, Suriname, Venezuela",unknown,unknown,77303824-1,http://www.plantsoftheworldonline.org/taxon/urn:lsid:ipni.org:names:77303824-1,POWO,2022,comb_nova
Fabaceae,Rhynchosia,bicentrica,Rhynchosia_bicentrica,B.L.Turner,Rhynchosia bicentrica B.L.Turner,Accepted,NA,Lundellia 15: 22 (2012),FALSE,"Argentina, Brazil, Uruguay","Argentina Northeast, Argentina Northwest, Brazil South, Uruguay",unknown,unknown,77124896-1,http://www.plantsoftheworldonline.org/taxon/urn:lsid:ipni.org:names:77124896-1,POWO,2012,taxon_novo
Fabaceae,Rhynchosia,claussenii,Rhynchosia_claussenii,Benth.,Rhynchosia claussenii Benth.,Accepted,NA,"C.F.P.von Martius & auct. suc. (eds.), Fl. Bras. 15(1): 201 (1859)",FALSE,"Brazil, Paraguay","Brazil Southeast, Brazil West-Central, Paraguay",unknown,unknown,517197-1,http://www.plantsoftheworldonline.org/taxon/urn:lsid:ipni.org:names:517197-1,POWO,1859,taxon_novo
Fabaceae,Schnella,siqueirae,Schnella_siqueirae,(Ducke) Wunderlin,Schnella siqueirae (Ducke) Wunderlin,Accepted,NA,Phytoneuron 2010-49: 4 (2010),FALSE,"Brazil, French Guiana, Guyana, Venezuela","Brazil North, French Guiana, Guyana, Venezuela",unknown,unknown,77111935-1,http://www.plantsoftheworldonline.org/taxon/urn:lsid:ipni.org:names:77111935-1,POWO,2010,comb_nova
Fabaceae,Senegalia,quadriglandulosa,Senegalia_quadriglandulosa,(Mart.) Seigler & Ebinger,Senegalia quadriglandulosa (Mart.) Seigler & Ebinger,Accepted,NA,Phytologia 88: 66 (2006),FALSE,Brazil,Brazil Southeast,unknown,unknown,60445409-2,http://www.plantsoftheworldonline.org/taxon/urn:lsid:ipni.org:names:60445409-2,POWO,2006,comb_nova
Fabaceae,Senna,dardanoi,Senna_dardanoi,Afr.Fern. & P.Bezerra,Senna dardanoi Afr.Fern. & P.Bezerra,Accepted,NA,Bradea 4: 50 (1984),FALSE,Brazil,Brazil West-Central,unknown,unknown,284956-2,http://www.plantsoftheworldonline.org/taxon/urn:lsid:ipni.org:names:284956-2,POWO,1984,taxon_novo
Fabaceae,Senna,pluribracteata,Senna_pluribracteata,F.S.Souto & R.T.Queiroz,Senna pluribracteata F.S.Souto & R.T.Queiroz,Accepted,NA,Syst. Bot. 46: 353 (2021),FALSE,Brazil,Brazil Northeast,unknown,unknown,77251115-1,http://www.plantsoftheworldonline.org/taxon/urn:lsid:ipni.org:names:77251115-1,POWO,2021,taxon_novo
Fabaceae,Steinbachiella,leptoclada,Steinbachiella_leptoclada,Harms,Steinbachiella leptoclada Harms,Accepted,NA,Notizbl. Bot. Gart. Berlin-Dahlem 10: 345 (1928),FALSE,"Bolivia, Brazil","Bolivia, Brazil North",unknown,unknown,243675-2,http://www.plantsoftheworldonline.org/taxon/urn:lsid:ipni.org:names:243675-2,POWO,1928,taxon_novo
Fabaceae,Stryphnodendron,glandulosum,Stryphnodendron_glandulosum,(Forero) Scalon,Stryphnodendron glandulosum (Forero) Scalon,Accepted,NA,Phytotaxa 544: 245 (2022),FALSE,"Bolivia, Brazil, Colombia, Peru","Bolivia, Brazil North, Colombia, Peru",unknown,unknown,77297465-1,http://www.plantsoftheworldonline.org/taxon/urn:lsid:ipni.org:names:77297465-1,POWO,2022,comb_nova
Fabaceae,Stylosanthes,rostrata,Stylosanthes_rostrata,(Burkart) Vanni,Stylosanthes rostrata (Burkart) Vanni,Accepted,NA,Novon 19: 259 (2009),FALSE,"Argentina, Brazil, Uruguay","Argentina Northeast, Brazil South, Uruguay",unknown,unknown,77105036-1,http://www.plantsoftheworldonline.org/taxon/urn:lsid:ipni.org:names:77105036-1,POWO,2009,comb_nova
Fabaceae,Swartzia,alatosericea,Swartzia_alatosericea,Barneby,Swartzia alatosericea Barneby,Accepted,NA,Ann. Missouri Bot. Gard. 78: 177 (1991),FALSE,"Brazil, Venezuela","Brazil North, Venezuela",unknown,unknown,285743-2,http://www.plantsoftheworldonline.org/taxon/urn:lsid:ipni.org:names:285743-2,POWO,1991,taxon_novo
Fabaceae,Swartzia,apiculata,Swartzia_apiculata,R.S.Cowan,Swartzia apiculata R.S.Cowan,Accepted,NA,Brittonia 7: 399 (1952),FALSE,"Brazil, Guyana","Brazil North, Guyana",unknown,unknown,246581-2,http://www.plantsoftheworldonline.org/taxon/urn:lsid:ipni.org:names:246581-2,POWO,1952,taxon_novo
Fabaceae,Swartzia,brachyrhachis,Swartzia_brachyrhachis,Harms,Swartzia brachyrhachis Harms,Accepted,NA,Notizbl. Königl. Bot. Gart. Berlin 6: 309 (1915),FALSE,Brazil,Brazil North,unknown,unknown,246594-2,http://www.plantsoftheworldonline.org/taxon/urn:lsid:ipni.org:names:246594-2,POWO,1915,taxon_novo
Fabaceae,Swartzia,palustris,Swartzia_palustris,Barneby,Swartzia palustris Barneby,Accepted,NA,Ann. Missouri Bot. Gard. 78: 179 (1991),FALSE,"Brazil, Venezuela","Brazil North, Venezuela",unknown,unknown,285750-2,http://www.plantsoftheworldonline.org/taxon/urn:lsid:ipni.org:names:285750-2,POWO,1991,taxon_novo
Fabaceae,Taralea,speciosa,Taralea_speciosa,"(Ducke) C.S.Carvalho, D.B.O.S.Cardoso & H.C.Lima","Taralea speciosa (Ducke) C.S.Carvalho, D.B.O.S.Cardoso & H.C.Lima",Accepted,NA,Taxon 69: 589 (2020),FALSE,Brazil,Brazil North,unknown,unknown,77210956-1,http://www.plantsoftheworldonline.org/taxon/urn:lsid:ipni.org:names:77210956-1,POWO,2020,comb_nova
Fabaceae,Vachellia,astringens,Vachellia_astringens,(Gillies ex Hook. & Arn.) Speg.,Vachellia astringens (Gillies ex Hook. & Arn.) Speg.,Accepted,NA,Bol. Acad. Nac. Ci. Republ. Argent. 26: 278 (1924),FALSE,"Argentina, Brazil, Chile, Paraguay, Uruguay","Argentina Northeast, Argentina Northwest, Brazil South, Chile North, Paraguay, Uruguay",unknown,unknown,299269-2,http://www.plantsoftheworldonline.org/taxon/urn:lsid:ipni.org:names:299269-2,POWO,1924,comb_nova
Fabaceae,Vachellia,curvifructa,Vachellia_curvifructa,(Burkart) Seigler & Ebinger,Vachellia curvifructa (Burkart) Seigler & Ebinger,Accepted,NA,Phytologia 87: 155 (2005 publ. 2006),FALSE,"Argentina, Brazil, Paraguay","Argentina Northeast, Argentina Northwest, Brazil South, Paraguay",unknown,unknown,60441211-2,http://www.plantsoftheworldonline.org/taxon/urn:lsid:ipni.org:names:60441211-2,POWO,2006,comb_nova
Fabaceae,Vachellia,macracantha,Vachellia_macracantha,(Humb. & Bonpl. ex Willd.) Seigler & Ebinger,Vachellia macracantha (Humb. & Bonpl. ex Willd.) Seigler & Ebinger,Accepted,NA,Phytologia 87: 160 (2005 publ. 2006),FALSE,"Argentina, Bahamas, Bolivia, Brazil, Chile, Colombia, Cuba, Dominican Republic, Ecuador, French Guiana, Galapagos, Guyana, Haiti, Honduras, Jamaica, Leeward Is., Mexico, Paraguay, Peru, Puerto Rico, Turks-Caicos Is., Venezuela, Venezuelan Antilles, Windward Is.","Argentina Northeast, Argentina Northwest, Bahamas, Bolivia, Brazil North, Chile North, Colombia, Cuba, Dominican Republic, Ecuador, French Guiana, Galapagos, Guyana, Haiti, Honduras, Jamaica, Leeward Is., Mexico Central, Mexico Gulf, Mexico Northeast, Mexico Northwest, Mexico Southeast, Mexico Southwest, Paraguay, Peru, Puerto Rico, Turks-Caicos Is., Venezuela, Venezuelan Antilles, Windward Is.","Easter Is., India, Iraq, Trinidad-Tobago, United States","Easter Is., Florida, India, Iraq, Trinidad-Tobago",60441223-2,http://www.plantsoftheworldonline.org/taxon/urn:lsid:ipni.org:names:60441223-2,POWO,2006,comb_nova
Fabaceae,Zygia,cauliflora,Zygia_cauliflora,(Willd.) Killip ex Record,Zygia cauliflora (Willd.) Killip ex Record,Accepted,NA,Trop. Woods 63: 6 (1940),FALSE,"Bolivia, Brazil, Peru","Bolivia, Brazil North, Brazil Northeast, Brazil West-Central, Peru",unknown,unknown,271422-2,http://www.plantsoftheworldonline.org/taxon/urn:lsid:ipni.org:names:271422-2,POWO,1940,comb_nova
Fabaceae,Andira,landroana,Andira_landroana,N.F.Mattos,Andira landroana N.F.Mattos,Unknown,Andira landroana N.F.Mattos,Loefgrenia 40: [1]. 1970,FALSE,"Bahia (Brazil, Southern America)",NA,NA,NA,12583-2,www.ipni.org/n/12583-2,IPNI,1970,taxon_novo
Fabaceae,Andira,zehntneri,Andira_zehntneri,Harms,Andira zehntneri Harms,Unknown,Andira zehntneri Harms,Repert. Spec. Nov. Regni Veg. 17: 443. 1921,FALSE,Brazil (Southern America),NA,NA,NA,12614-2,www.ipni.org/n/12614-2,IPNI,1921,taxon_novo
Leguminosae,Cassia,tuhovalyana,Cassia_tuhovalyana,Aké Assi,Cassia tuhovalyana Aké Assi,Unknown,Cassia tuhovalyana Aké Assi,"Bull. Inst. Fondam. Afrique Noire, Sér. A., Sci. Nat. 44(1–2): 67 (1982 publ. 1985).",FALSE,Ivory Coast;Brazil.;,NA,NA,NA,905824-1,www.ipni.org/n/905824-1,IPNI,1985,taxon_novo
Fabaceae,Centrosema,jaraguaensis,Centrosema_jaraguaensis,Hoehne,Centrosema jaraguaensis Hoehne,Unknown,Centrosema jaraguaensis Hoehne,"Bol. Inst. Brasil. Sci. 2: 248, pl. 4. 1926",FALSE,"Sao Paulo (Brazil, Southern America)",NA,NA,NA,51868-2,www.ipni.org/n/51868-2,IPNI,1926,taxon_novo
Fabaceae,Collaea,coriacea,Collaea_coriacea,Glaz.,Collaea coriacea Glaz.,Unknown,Collaea coriacea Glaz.,Bull. Soc. Bot. France 53(Mém. 3b): 138. 1906 Name only,FALSE,Brazil (Southern America),NA,NA,NA,63123-2,www.ipni.org/n/63123-2,IPNI,1906,taxon_novo
Fabaceae,Crotalaria,bellii,Crotalaria_bellii,Windler & S.G.Skinner,Crotalaria bellii Windler & S.G.Skinner,Unknown,Crotalaria bellii Windler & S.G.Skinner,"Phytologia 50: 189 (-192), fig. 1982",FALSE,"Ca. 30 km. N.W. of Veadeiros, Goiás (Brazil, Southern America)",NA,NA,NA,69717-2,www.ipni.org/n/69717-2,IPNI,1982,taxon_novo
Fabaceae,Crotalaria,mucronata,Crotalaria_mucronata,Desv.,Crotalaria mucronata Desv.,Unknown,Crotalaria mucronata Desv.,J. Bot. Agric. 3: 76. 1814,FALSE,Naturalized in the New World (Brazil),NA,NA,NA,322609-2,www.ipni.org/n/322609-2,IPNI,1814,taxon_novo
Leguminosae,Desmodium,pachyrrhizum,Desmodium_pachyrrhizum,Vogel,Desmodium pachyrrhizum Vogel,Unknown,Desmodium pachyrrhizum Vogel,Linnaea 12(1): 97. 1838 [11-17 Mar 1838],FALSE,Brazil (Southern America),NA,NA,NA,78509-2,www.ipni.org/n/78509-2,IPNI,1838,taxon_novo
Leguminosae,Eperua,cerradoensis,Eperua_cerradoensis,"Fortes, G.S. da Silva & Mansano","Eperua cerradoensis Fortes, G.S. da Silva & Mansano",Unknown,"Eperua cerradoensis Fortes, G.S. da Silva & Mansano",Phytotaxa 591(3): 199. 2023 [5 Apr 2023] [epublished],FALSE,"Maranhão (Brazil Northeast, Brazil, Southern America)",NA,NA,NA,77317217-1,www.ipni.org/n/77317217-1,IPNI,2023,taxon_novo
Leguminosae,Eperua,froesii,Eperua_froesii,"Fortes, Aymard, ter Steege & Mansano","Eperua froesii Fortes, Aymard, ter Steege & Mansano",Unknown,"Eperua froesii Fortes, Aymard, ter Steege & Mansano",Phytotaxa 617(1): 40. 2023 [28 Sep2023] [epublished],FALSE,"Pará (Brazil North, Brazil, Southern America)",NA,NA,NA,77327645-1,www.ipni.org/n/77327645-1,IPNI,2023,taxon_novo
Leguminosae,Eperua,manausensis,Eperua_manausensis,Fortes & Mansano,Eperua manausensis Fortes & Mansano,Unknown,Eperua manausensis Fortes & Mansano,Phytotaxa 591(3): 204. 2023 [5 Apr 2023] [epublished],FALSE,"Amazonas (Brazil North, Brazil, Southern America)",NA,NA,NA,77317218-1,www.ipni.org/n/77317218-1,IPNI,2023,taxon_novo
Fabaceae,Eriosema,lagoense,Eriosema_lagoense,Micheli,Eriosema lagoense Micheli,Unknown,Eriosema lagoense Micheli,Vidensk. Meddel. Naturhist. Foren. Kjøbenhavn 1875: 93.,FALSE,"Ad Lagoa Santa, in campis, Minas Gerais (Brazil, Southern America)",NA,NA,NA,319403-2,www.ipni.org/n/319403-2,IPNI,1875,taxon_novo
Fabaceae,Galactia,whitehornii,Galactia_whitehornii,S.Moore,Galactia whitehornii S.Moore,Unknown,Galactia whitehornii S.Moore,"Trans. Linn. Soc. London, Bot. ser. 2, 4: 344. 1895",FALSE,Brazil (Southern America),NA,NA,NA,106745-2,www.ipni.org/n/106745-2,IPNI,1895,taxon_novo
Fabaceae,Genistidium,uncinata,Genistidium_uncinata,P.Taylor & Fromm,Genistidium uncinata P.Taylor & Fromm,Unknown,Genistidium uncinata P.Taylor & Fromm,"Bradea 3(41): 365 (-367), fig. 1983",FALSE,Brazil (Southern America),NA,NA,NA,108137-2,www.ipni.org/n/108137-2,IPNI,1983,taxon_novo
Fabaceae,Grazielodendron,riodocense,Grazielodendron_riodocense,H.C.Lima,Grazielodendron riodocense H.C.Lima,Unknown,Grazielodendron riodocense H.C.Lima,"Bradea 3(45): 401 (-403), fig. 1983",FALSE,"Espirito Santo (Brazil, Southern America)",NA,NA,NA,113383-2,www.ipni.org/n/113383-2,IPNI,1983,taxon_novo
Leguminosae,Hedysarum,brasiliense,Hedysarum_brasiliense,Larrañaga,Hedysarum brasiliense Larrañaga,Unknown,Hedysarum brasiliense Larrañaga,Escritos Damaso Antonio Larranaga 1: 409. 1922 as Hedisarum; Pub. Inst. Hist. Geog. Uruguay,FALSE,Brazil (Southern America),NA,NA,NA,118474-2,www.ipni.org/n/118474-2,IPNI,1922,taxon_novo
Leguminosae,Hedysarum,dyphyllum,Hedysarum_dyphyllum,Larrañaga,Hedysarum dyphyllum Larrañaga,Unknown,Hedysarum dyphyllum Larrañaga,Escritos Damaso Antonio Larranaga 1: 412. 1922 Pub. Inst. Hist. Geog. Uruguay,FALSE,Brazil (Southern America),NA,NA,NA,118488-2,www.ipni.org/n/118488-2,IPNI,1922,taxon_novo
Leguminosae,Hedysarum,ildefonsianum,Hedysarum_ildefonsianum,Mure,Hedysarum ildefonsianum Mure,Unknown,Hedysarum ildefonsianum Mure,"Doctrine Ecole Rio de Janeiro Pathog. Brésil. 352, fig. 1849",FALSE,Brazil (Southern America),NA,NA,NA,60459101-2,www.ipni.org/n/60459101-2,IPNI,1849,taxon_novo
Fabaceae,Indigofera,morroensis,Indigofera_morroensis,São Paulo & L.P.Queiroz,Indigofera morroensis São Paulo & L.P.Queiroz,Unknown,Indigofera morroensis São Paulo & L.P.Queiroz,Syst. Bot. 48(1): 10. 2023 [28 Mar 2023] [epublished],FALSE,"Bahia (Brazil Northeast, Brazil, Southern America)",NA,NA,NA,77322828-1,www.ipni.org/n/77322828-1,IPNI,2023,taxon_novo
Fabaceae,Indigofera,retusa,Indigofera_retusa,N.E.Br.,Indigofera retusa N.E.Br.,Unknown,Indigofera retusa N.E.Br.,Trans. & Proc. Bot. Soc. Edinburgh 20: 51. 1894,FALSE,"Brazil, Argentina",NA,NA,NA,128334-2,www.ipni.org/n/128334-2,IPNI,1894,taxon_novo
Fabaceae,Lathyrus,purpureocoeruleus,Lathyrus_purpureocoeruleus,Knowles & Westc.,Lathyrus purpureocoeruleus Knowles & Westc.,Unknown,Lathyrus purpureocoeruleus Knowles & Westc.,Fl. Cab. 2: 126 (177; t. 88). 1838,FALSE,Brazil (Southern America),NA,NA,NA,323125-2,www.ipni.org/n/323125-2,IPNI,1838,taxon_novo
Fabaceae,Lonchocarpus,cearensis,Lonchocarpus_cearensis,Glaz.,Lonchocarpus cearensis Glaz.,Unknown,Lonchocarpus cearensis Glaz.,Bull. Soc. Bot. France 53(Mém. 3b): 150. 1906 Name only,FALSE,Brazil (Southern America),NA,NA,NA,143246-2,www.ipni.org/n/143246-2,IPNI,1906,taxon_novo
Fabaceae,Lonchocarpus,harmsianus,Lonchocarpus_harmsianus,Glaz.,Lonchocarpus harmsianus Glaz.,Unknown,Lonchocarpus harmsianus Glaz.,Bull. Soc. Bot. France 53(Mém. 3b): 149. 1906 Name only,FALSE,Brazil (Southern America),NA,NA,NA,143287-2,www.ipni.org/n/143287-2,IPNI,1906,taxon_novo
Fabaceae,Lonchocarpus,insignis,Lonchocarpus_insignis,Glaz.,Lonchocarpus insignis Glaz.,Unknown,Lonchocarpus insignis Glaz.,Bull. Soc. Bot. France 53(Mém. 3b): 150. 1906 Name only,FALSE,Brazil (Southern America),NA,NA,NA,143292-2,www.ipni.org/n/143292-2,IPNI,1906,taxon_novo
Fabaceae,Lonchocarpus,microphyllus,Lonchocarpus_microphyllus,Glaz.,Lonchocarpus microphyllus Glaz.,Unknown,Lonchocarpus microphyllus Glaz.,Bull. Soc. Bot. France 53(Mém. 3b): 150. 1906 Name only,FALSE,Brazil (Southern America),NA,NA,NA,143319-2,www.ipni.org/n/143319-2,IPNI,1906,taxon_novo
Fabaceae,Lonchocarpus,moco,Lonchocarpus_moco,Glaz.,Lonchocarpus moco Glaz.,Unknown,Lonchocarpus moco Glaz.,Bull. Soc. Bot. France 53(Mém. 3b): 150. 1906 Name only,FALSE,Brazil (Southern America),NA,NA,NA,143322-2,www.ipni.org/n/143322-2,IPNI,1906,taxon_novo
Fabaceae,Lonchocarpus,sarmentosus,Lonchocarpus_sarmentosus,Glaz.,Lonchocarpus sarmentosus Glaz.,Unknown,Lonchocarpus sarmentosus Glaz.,Bull. Soc. Bot. France 53(Mém. 3b): 150. 1906 Name only,FALSE,Brazil (Southern America),NA,NA,NA,143376-2,www.ipni.org/n/143376-2,IPNI,1906,taxon_novo
Fabaceae,Lupinus,bandelierae,Lupinus_bandelierae,C.P.Sm.,Lupinus bandelierae C.P.Sm.,Unknown,Lupinus bandelierae C.P.Sm.,Spec. Lupinorum 214. 1940,FALSE,Bolivia &amp; Brazil,NA,NA,NA,144855-2,www.ipni.org/n/144855-2,IPNI,1940,taxon_novo
Fabaceae,Lupinus,chachas,Lupinus_chachas,Ochoa ex C.P.Sm.,Lupinus chachas Ochoa ex C.P.Sm.,Unknown,Lupinus chachas Ochoa ex C.P.Sm.,Spec. Lupinorum 758. 1953,FALSE,"Amazonas (Brazil, Southern America)",NA,NA,NA,144975-2,www.ipni.org/n/144975-2,IPNI,1953,taxon_novo
Fabaceae,Lupinus,hamaticalyx,Lupinus_hamaticalyx,C.P.Sm.,Lupinus hamaticalyx C.P.Sm.,Unknown,Lupinus hamaticalyx C.P.Sm.,Spec. Lupinorum 166. 1940,FALSE,"Amazonas (Brazil, Southern America)",NA,NA,NA,145242-2,www.ipni.org/n/145242-2,IPNI,1940,taxon_novo
Fabaceae,Lupinus,mathewsianus,Lupinus_mathewsianus,C.P.Sm.,Lupinus mathewsianus C.P.Sm.,Unknown,Lupinus mathewsianus C.P.Sm.,Spec. Lupinorum 162. 1940,FALSE,"Amazonas (Brazil, Southern America)",NA,NA,NA,145515-2,www.ipni.org/n/145515-2,IPNI,1940,taxon_novo
Fabaceae,Lupinus,provensalanus,Lupinus_provensalanus,C.P.Sm.,Lupinus provensalanus C.P.Sm.,Unknown,Lupinus provensalanus C.P.Sm.,Spec. Lupinorum 492. 1945,FALSE,"Minas Gerais (Brazil, Southern America)",NA,NA,NA,145776-2,www.ipni.org/n/145776-2,IPNI,1945,taxon_novo
Fabaceae,Machaerium,sarmentosum,Machaerium_sarmentosum,Glaz.,Machaerium sarmentosum Glaz.,Unknown,Machaerium sarmentosum Glaz.,Bull. Soc. Bot. France 53(Mém. 3b): 147. 1906 Name only,FALSE,Brazil (Southern America),NA,NA,NA,148609-2,www.ipni.org/n/148609-2,IPNI,1906,taxon_novo
Fabaceae,Machaerium,tomentosum,Machaerium_tomentosum,Glaz.,Machaerium tomentosum Glaz.,Unknown,Machaerium tomentosum Glaz.,Bull. Soc. Bot. France 53(Mém. 3b): 147. 1906 Name only,FALSE,Brazil (Southern America),NA,NA,NA,148628-2,www.ipni.org/n/148628-2,IPNI,1906,taxon_novo
Fabaceae,Machaerium,tounateifolium,Machaerium_tounateifolium,Taub. ex Schenck,Machaerium tounateifolium Taub. ex Schenck,Unknown,Machaerium tounateifolium Taub. ex Schenck,"Bot. Mitt. Tropen 213, 214. 1892 Nomen",FALSE,"Rio de Janeiro (Brazil, Southern America)",NA,NA,NA,148630-2,www.ipni.org/n/148630-2,IPNI,1892,taxon_novo
Leguminosae,Macropsychanthus,ruschii,Macropsychanthus_ruschii,Fonseca-Cortés & L.P.Queiroz,Macropsychanthus ruschii Fonseca-Cortés & L.P.Queiroz,Unknown,Macropsychanthus ruschii Fonseca-Cortés & L.P.Queiroz,Phytotaxa 620(3): 227. 2023 [17 Oct 2023] [epublished],FALSE,"Espírito Santo (Brazil Southeast, Brazil, Southern America)",NA,NA,NA,77329009-1,www.ipni.org/n/77329009-1,IPNI,2023,taxon_novo
Leguminosae,Macroptilium,albidum,Macroptilium_albidum,"C.L.Ribeiro, Snak & L.P.Queiroz","Macroptilium albidum C.L.Ribeiro, Snak & L.P.Queiroz",Unknown,"Macroptilium albidum C.L.Ribeiro, Snak & L.P.Queiroz",Syst. Bot. 47(4): 1025. 2022 [12 Dec 2022] [epublished],FALSE,"Bahia (Brazil Northeast, Brazil, Southern America);Paraíba (Brazil Northeast, Brazil, Southern America);Pernambuco (Brazil Northeast, Brazil, Southern America);Sergipe (Brazil Northeast, Brazil, Southern America);",NA,NA,NA,77314556-1,www.ipni.org/n/77314556-1,IPNI,2022,taxon_novo
Leguminosae,Mimosa,nomarlei,Mimosa_nomarlei,Afr.Fern.,Mimosa nomarlei Afr.Fern.,Unknown,Mimosa nomarlei Afr.Fern.,"An. Soc. Bot. Brasil (XIX Congr. Nac. Bot., 1968) 93 (1968?).",FALSE,Brazil.,NA,NA,NA,895919-1,www.ipni.org/n/895919-1,IPNI,1968,taxon_novo
Fabaceae,Mucuna,eriocarpa,Mucuna_eriocarpa,Barb.Rodr.,Mucuna eriocarpa Barb.Rodr.,Unknown,Mucuna eriocarpa Barb.Rodr.,"Pl. Jard. Rio de Janeiro 6: 11, pl. 4, fig. b. 1898",FALSE,Brazil (Southern America),NA,NA,NA,164646-2,www.ipni.org/n/164646-2,IPNI,1898,taxon_novo
Fabaceae,Nephromeria,poeppigiana,Nephromeria_poeppigiana,Schindl.,Nephromeria poeppigiana Schindl.,Unknown,Nephromeria poeppigiana Schindl.,Repert. Spec. Nov. Regni Veg. 20: 283. 1924,FALSE,Brazil (Southern America),NA,NA,NA,169581-2,www.ipni.org/n/169581-2,IPNI,1924,taxon_novo
Leguminosae,Peltogyne,barbata,Peltogyne_barbata,Kochan. & Mansano,Peltogyne barbata Kochan. & Mansano,Unknown,Peltogyne barbata Kochan. & Mansano,Kew Bull. 75(1)-6: 1. 2020 [29 Apr 2020] [epublished],FALSE,"Pará (Brazil North, Brazil, Southern America)",NA,NA,NA,77202827-1,www.ipni.org/n/77202827-1,IPNI,2020,taxon_novo
Fabaceae,Phaseolus,clitoroides,Phaseolus_clitoroides,Benth.,Phaseolus clitoroides Benth.,Unknown,Phaseolus clitoroides Benth.,Commentat. Legum. Gen. 73 (-74). 1837 Ann. Wiener Mus. 2: 137 (-138).  1839 1840,FALSE,Brazil (Southern America),NA,NA,NA,192393-2,www.ipni.org/n/192393-2,IPNI,1837,taxon_novo
Fabaceae,Phaseolus,dolicopsoides,Phaseolus_dolicopsoides,Hoehne,Phaseolus dolicopsoides Hoehne,Unknown,Phaseolus dolicopsoides Hoehne,Arch. Bot. Sao Paulo 1: 26    fig. 1938,FALSE,"Sao Paulo (Brazil, Southern America)",NA,NA,NA,308685-2,www.ipni.org/n/308685-2,IPNI,1938,taxon_novo
Fabaceae,Phaseolus,obvallatus,Phaseolus_obvallatus,Schltdl.,Phaseolus obvallatus Schltdl.,Unknown,Phaseolus obvallatus Schltdl.,Linnaea 12: 228. 1838,FALSE,Brazil (Southern America),NA,NA,NA,192498-2,www.ipni.org/n/192498-2,IPNI,1838,taxon_novo
Fabaceae,Rhynchosia,hagenbeckii,Rhynchosia_hagenbeckii,Harms,Rhynchosia hagenbeckii Harms,Unknown,Rhynchosia hagenbeckii Harms,"Bot. Jahrb. Syst. 33(2, Beibl. 72): 29. 1903 [13 Mar 1903]",FALSE,Brazil (Southern America),NA,NA,NA,220050-2,www.ipni.org/n/220050-2,IPNI,1903,taxon_novo
Fabaceae,Rhynchosia,schenckii,Rhynchosia_schenckii,Taub.,Rhynchosia schenckii Taub.,Unknown,Rhynchosia schenckii Taub.,Flora 72 (n. s. 47): 429. 1889,FALSE,Brazil (Southern America),NA,NA,NA,220110-2,www.ipni.org/n/220110-2,IPNI,1889,taxon_novo
