family,genus,species,taxon_name,authors,scientific_name,status,accepted_name,reference,hybrid,distribution,native_to_botanical_countries,introduced_to_country,introduced_to_botanical_countries,kew_id,url,source,publicationYear,citation_type
Melastomataceae,Acisanthera,hedyotoidea,Acisanthera_hedyotoidea,Triana,Acisanthera hedyotoidea Triana,Accepted,NA,Trans. Linn. Soc. London 28: 33 (1871 publ. 1872),FALSE,"Brazil, Colombia, Guyana, Suriname, Venezuela","Brazil North, Brazil Northeast, Colombia, Guyana, Suriname, Venezuela",unknown,unknown,566026-1,http://www.plantsoftheworldonline.org/taxon/urn:lsid:ipni.org:names:566026-1,POWO,1872,taxon_novo
Melastomataceae,Acisanthera,saxatilis,Acisanthera_saxatilis,Almeda & R.B.Pacifico,Acisanthera saxatilis Almeda & R.B.Pacifico,Accepted,NA,Acta Bot. Brasil. 36(e2021abb0281): 2 (2022),FALSE,Brazil,Brazil West-Central,unknown,unknown,77299428-1,http://www.plantsoftheworldonline.org/taxon/urn:lsid:ipni.org:names:77299428-1,POWO,2022,taxon_novo
Melastomataceae,Adelobotrys,acreanus,Adelobotrys_acreanus,Wurdack,Adelobotrys acreanus Wurdack,Accepted,NA,Phytologia 24: 195 (1972),FALSE,"Brazil, Peru","Brazil North, Peru",unknown,unknown,4218-2,http://www.plantsoftheworldonline.org/taxon/urn:lsid:ipni.org:names:4218-2,POWO,1972,taxon_novo
Melastomataceae,Adelobotrys,atlanticus,Adelobotrys_atlanticus,Schulman,Adelobotrys atlanticus Schulman,Accepted,NA,Kew Bull. 63: 457 (2009),FALSE,Brazil,Brazil Northeast,unknown,unknown,77095638-1,http://www.plantsoftheworldonline.org/taxon/urn:lsid:ipni.org:names:77095638-1,POWO,2009,taxon_novo
Melastomataceae,Adelobotrys,barbatus,Adelobotrys_barbatus,Triana,Adelobotrys barbatus Triana,Accepted,NA,Trans. Linn. Soc. London 28: 68 (1871 publ. 1872),FALSE,"Brazil, Colombia, Venezuela","Brazil North, Colombia, Venezuela",unknown,unknown,566052-1,http://www.plantsoftheworldonline.org/taxon/urn:lsid:ipni.org:names:566052-1,POWO,1872,taxon_novo
Melastomataceae,Adelobotrys,ciliatus,Adelobotrys_ciliatus,Triana,Adelobotrys ciliatus Triana,Accepted,NA,Trans. Linn. Soc. London 28: 68 (1871 publ. 1872),FALSE,"Brazil, Colombia, French Guiana, Suriname, Venezuela","Brazil North, Colombia, French Guiana, Suriname, Venezuela",unknown,unknown,566054-1,http://www.plantsoftheworldonline.org/taxon/urn:lsid:ipni.org:names:566054-1,POWO,1872,taxon_novo
Melastomataceae,Adelobotrys,linearifolius,Adelobotrys_linearifolius,L.Uribe,Adelobotrys linearifolius L.Uribe,Accepted,NA,Caldasia 9: 295 (1966),FALSE,"Brazil, Colombia, Venezuela","Brazil North, Colombia, Venezuela",unknown,unknown,4229-2,http://www.plantsoftheworldonline.org/taxon/urn:lsid:ipni.org:names:4229-2,POWO,1966,taxon_novo
Melastomataceae,Adelobotrys,macrophyllus,Adelobotrys_macrophyllus,Pilg.,Adelobotrys macrophyllus Pilg.,Accepted,NA,Verh. Bot. Vereins Prov. Brandenburg 47: 165 (1905),FALSE,"Bolivia, Brazil, Colombia, Peru","Bolivia, Brazil North, Colombia, Peru",unknown,unknown,4231-2,http://www.plantsoftheworldonline.org/taxon/urn:lsid:ipni.org:names:4231-2,POWO,1905,taxon_novo
Melastomataceae,Adelobotrys,marginatus,Adelobotrys_marginatus,Brade,Adelobotrys marginatus Brade,Accepted,NA,Publ. Inst. Nac. Pesq. Amazônia Bot. 8: 14 (1958),FALSE,"Brazil, Colombia, Peru","Brazil North, Colombia, Peru",unknown,unknown,4232-2,http://www.plantsoftheworldonline.org/taxon/urn:lsid:ipni.org:names:4232-2,POWO,1958,taxon_novo
Melastomataceae,Adelobotrys,rachidotrichus,Adelobotrys_rachidotrichus,Brade,Adelobotrys rachidotrichus Brade,Accepted,NA,Publ. Inst. Nac. Pesq. Amazônia Bot. 8: 12 (1958),FALSE,Brazil,Brazil North,unknown,unknown,4239-2,http://www.plantsoftheworldonline.org/taxon/urn:lsid:ipni.org:names:4239-2,POWO,1958,taxon_novo
Melastomataceae,Adelobotrys,rotundifolius,Adelobotrys_rotundifolius,Triana,Adelobotrys rotundifolius Triana,Accepted,NA,Trans. Linn. Soc. London 28: 68 (1871 publ. 1872),FALSE,"Bolivia, Brazil, Colombia, Peru, Venezuela","Bolivia, Brazil North, Colombia, Peru, Venezuela",unknown,unknown,566072-1,http://www.plantsoftheworldonline.org/taxon/urn:lsid:ipni.org:names:566072-1,POWO,1872,taxon_novo
Melastomataceae,Adelobotrys,spruceanus,Adelobotrys_spruceanus,Cogn.,Adelobotrys spruceanus Cogn.,Accepted,NA,"C.F.P.von Martius & auct. suc. (eds.), Fl. Bras. 14(4): 18 (1886)",FALSE,"Brazil, Colombia, French Guiana, Venezuela","Brazil North, Colombia, French Guiana, Venezuela",unknown,unknown,4241-2,http://www.plantsoftheworldonline.org/taxon/urn:lsid:ipni.org:names:4241-2,POWO,1886,taxon_novo
Melastomataceae,Bertolonia,paranensis,Bertolonia_paranensis,(Wurd.) Baumgratz,Bertolonia paranensis (Wurd.) Baumgratz,Accepted,NA,Arch. Jard. Bot. Rio de Janeiro 30: 140 (1989-1990 publ. 1991),FALSE,Brazil,"Brazil South, Brazil Southeast",unknown,unknown,962802-1,http://www.plantsoftheworldonline.org/taxon/urn:lsid:ipni.org:names:962802-1,POWO,1991,comb_nova
Melastomataceae,Henriettea,fascicularis,Henriettea_fascicularis,(Sw.) M.Gómez,Henriettea fascicularis (Sw.) M.Gómez,Accepted,NA,Anales Soc. Esp. Hist. Nat. 23: 68 (1894),FALSE,"Belize, Bolivia, Brazil, Colombia, Costa Rica, Cuba, Dominican Republic, Ecuador, Guatemala, Haiti, Honduras, Jamaica, Mexico, Nicaragua, Panama, Peru, Puerto Rico, Venezuela","Belize, Bolivia, Brazil North, Colombia, Costa Rica, Cuba, Dominican Republic, Ecuador, Guatemala, Haiti, Honduras, Jamaica, Mexico Southeast, Mexico Southwest, Nicaragua, Panama, Peru, Puerto Rico, Venezuela",unknown,unknown,120331-2,http://www.plantsoftheworldonline.org/taxon/urn:lsid:ipni.org:names:120331-2,POWO,1894,comb_nova
Melastomataceae,Henriettea,umbelluliflora,Henriettea_umbelluliflora,"(Triana) M.A.Yamam., J.F.B.Pastore & R.Goldenb.","Henriettea umbelluliflora (Triana) M.A.Yamam., J.F.B.Pastore & R.Goldenb.",Accepted,NA,Phytotaxa 539: 220 (2022),FALSE,Brazil,Brazil Southeast,unknown,unknown,77296016-1,http://www.plantsoftheworldonline.org/taxon/urn:lsid:ipni.org:names:77296016-1,POWO,2022,comb_nova
Melastomataceae,Henriettea,williamsii,Henriettea_williamsii,"(Pittier) Penneys, Michelang., Judd & Almeda","Henriettea williamsii (Pittier) Penneys, Michelang., Judd & Almeda",Accepted,NA,Syst. Bot. 35: 798 (2010),FALSE,"Brazil, Venezuela","Brazil North, Venezuela",unknown,unknown,77112317-1,http://www.plantsoftheworldonline.org/taxon/urn:lsid:ipni.org:names:77112317-1,POWO,2010,comb_nova
Melastomataceae,Huberia,souza-limae,Huberia_souza-limae,(Brade) Bochorny & R.Goldenb.,Huberia souza-limae (Brade) Bochorny & R.Goldenb.,Accepted,NA,Bot. J. Linn. Soc. 190: 299 (2019),FALSE,Brazil,Brazil Southeast,unknown,unknown,77201625-1,http://www.plantsoftheworldonline.org/taxon/urn:lsid:ipni.org:names:77201625-1,POWO,2019,comb_nova
Melastomataceae,Meriania,crassiramis,Meriania_crassiramis,(Naudin) Wurdack,Meriania crassiramis (Naudin) Wurdack,Accepted,NA,Brittonia 39: 159 (1987),FALSE,"Brazil, Guyana, Venezuela","Brazil North, Guyana, Venezuela",unknown,unknown,280793-2,http://www.plantsoftheworldonline.org/taxon/urn:lsid:ipni.org:names:280793-2,POWO,1987,comb_nova
Melastomataceae,Miconia,amapaensis,Miconia_amapaensis,R.Goldenb. & Hinoshita,Miconia amapaensis R.Goldenb. & Hinoshita,Accepted,NA,Brittonia 69: 535 (2017),FALSE,"Brazil, French Guiana","Brazil North, French Guiana",unknown,unknown,77177651-1,http://www.plantsoftheworldonline.org/taxon/urn:lsid:ipni.org:names:77177651-1,POWO,2017,taxon_novo
Melastomataceae,Miconia,castaneifolia,Miconia_castaneifolia,Naudin,Miconia castaneifolia Naudin,Accepted,NA,"Ann. Sci. Nat., Bot., sér. 3, 16: 132 (1851 publ. 1850)",FALSE,Brazil,Brazil Southeast,unknown,unknown,572249-1,http://www.plantsoftheworldonline.org/taxon/urn:lsid:ipni.org:names:572249-1,POWO,1850,taxon_novo
Melastomataceae,Miconia,chimantensis,Miconia_chimantensis,(Wurdack) Michelang.,Miconia chimantensis (Wurdack) Michelang.,Accepted,NA,Brittonia 71: 90 (2018),FALSE,"Brazil, Guyana, Venezuela","Brazil North, Guyana, Venezuela",unknown,unknown,77207396-1,http://www.plantsoftheworldonline.org/taxon/urn:lsid:ipni.org:names:77207396-1,POWO,2018,comb_nova
Melastomataceae,Miconia,cottoniana,Miconia_cottoniana,Michelang.,Miconia cottoniana Michelang.,Accepted,NA,Brittonia 71: 92 (2018),FALSE,"Brazil, Colombia, Ecuador","Brazil North, Colombia, Ecuador",unknown,unknown,77207744-1,http://www.plantsoftheworldonline.org/taxon/urn:lsid:ipni.org:names:77207744-1,POWO,2018,taxon_novo
Melastomataceae,Miconia,crenulata,Miconia_crenulata,(Gleason) Michelang.,Miconia crenulata (Gleason) Michelang.,Accepted,NA,Brittonia 71: 92 (2018),FALSE,"Belize, Brazil, Colombia, Costa Rica, Ecuador, Guatemala, Honduras, Nicaragua, Panama, Venezuela","Belize, Brazil North, Colombia, Costa Rica, Ecuador, Guatemala, Honduras, Nicaragua, Panama, Venezuela",unknown,unknown,77207399-1,http://www.plantsoftheworldonline.org/taxon/urn:lsid:ipni.org:names:77207399-1,POWO,2018,comb_nova
Melastomataceae,Miconia,elaeodendrum,Miconia_elaeodendrum,(DC.) Naudin,Miconia elaeodendrum (DC.) Naudin,Accepted,NA,"Ann. Sci. Nat., Bot., sér. 3, 16: 244 (1851 publ. 1850)",FALSE,Brazil,Brazil Southeast,unknown,unknown,572432-1,http://www.plantsoftheworldonline.org/taxon/urn:lsid:ipni.org:names:572432-1,POWO,1850,comb_nova
Melastomataceae,Miconia,glandulifera,Miconia_glandulifera,Cogn.,Miconia glandulifera Cogn.,Accepted,NA,"A.L.P.de Candolle & A.C.P.de Candolle, Monogr. Phan. 7: 737 (1891)",FALSE,"Brazil, Peru","Brazil North, Peru",unknown,unknown,159107-2,http://www.plantsoftheworldonline.org/taxon/urn:lsid:ipni.org:names:159107-2,POWO,1891,taxon_novo
Melastomataceae,Miconia,grandiflora,Miconia_grandiflora,Cogn.,Miconia grandiflora Cogn.,Accepted,NA,Bot. Jahrb. Syst. 8: 25 (1886),FALSE,"Brazil, Colombia","Brazil North, Colombia",unknown,unknown,159125-2,http://www.plantsoftheworldonline.org/taxon/urn:lsid:ipni.org:names:159125-2,POWO,1886,taxon_novo
Melastomataceae,Miconia,japurensis,Miconia_japurensis,Cogn.,Miconia japurensis Cogn.,Accepted,NA,Bol. Mus. Goeldi Hist. Nat. Ethnogr. 5: 253 (1909),FALSE,Brazil,Brazil North,unknown,unknown,159214-2,http://www.plantsoftheworldonline.org/taxon/urn:lsid:ipni.org:names:159214-2,POWO,1909,taxon_novo
Melastomataceae,Miconia,maximilianea,Miconia_maximilianea,DC.,Miconia maximilianea DC.,Accepted,NA,Prodr. 3: 186 (1828),FALSE,Brazil,Brazil Northeast,unknown,unknown,572750-1,http://www.plantsoftheworldonline.org/taxon/urn:lsid:ipni.org:names:572750-1,POWO,1828,taxon_novo
Melastomataceae,Miconia,mendoncaei,Miconia_mendoncaei,Cogn.,Miconia mendoncaei Cogn.,Accepted,NA,"A.L.P.de Candolle & A.C.P.de Candolle, Monogr. Phan. 7: 772 (1891)",FALSE,Brazil,Brazil Southeast,unknown,unknown,159353-2,http://www.plantsoftheworldonline.org/taxon/urn:lsid:ipni.org:names:159353-2,POWO,1891,taxon_novo
Melastomataceae,Miconia,neoepiphyitca,Miconia_neoepiphyitca,Michelang.,Miconia neoepiphyitca Michelang.,Accepted,NA,Brittonia 71: 106 (2018),FALSE,"Bolivia, Brazil, Colombia, Costa Rica, Ecuador, French Guiana, Guatemala, Honduras, Panama, Peru, Venezuela","Bolivia, Brazil North, Colombia, Costa Rica, Ecuador, French Guiana, Guatemala, Honduras, Panama, Peru, Venezuela",unknown,unknown,77207810-1,http://www.plantsoftheworldonline.org/taxon/urn:lsid:ipni.org:names:77207810-1,POWO,2018,taxon_novo
Melastomataceae,Miconia,polyadena,Miconia_polyadena,(Ule) R.Goldenb. & Michelang.,Miconia polyadena (Ule) R.Goldenb. & Michelang.,Accepted,NA,Brittonia 71: 109 (2018),FALSE,"Brazil, Guyana, Venezuela","Brazil North, Guyana, Venezuela",unknown,unknown,77207588-1,http://www.plantsoftheworldonline.org/taxon/urn:lsid:ipni.org:names:77207588-1,POWO,2018,comb_nova
Melastomataceae,Miconia,santos-limae,Miconia_santos-limae,(Brade) R.Goldenb.,Miconia santos-limae (Brade) R.Goldenb.,Accepted,NA,Brittonia 71: 112 (2018),FALSE,Brazil,Brazil Southeast,unknown,unknown,77207625-1,http://www.plantsoftheworldonline.org/taxon/urn:lsid:ipni.org:names:77207625-1,POWO,2018,comb_nova
Melastomataceae,Miconia,trichocalyx,Miconia_trichocalyx,(Pittier) Michelang. & Judd,Miconia trichocalyx (Pittier) Michelang. & Judd,Accepted,NA,Brittonia 72: 403 (2020),FALSE,"Belize, Bolivia, Brazil, Colombia, Costa Rica, Ecuador, French Guiana, Guatemala, Honduras, Jamaica, Mexico, Nicaragua, Panama, Peru, Suriname, Venezuela","Belize, Bolivia, Brazil North, Colombia, Costa Rica, Ecuador, French Guiana, Guatemala, Honduras, Jamaica, Mexico Southeast, Mexico Southwest, Nicaragua, Panama, Peru, Suriname, Venezuela",unknown,unknown,77214983-1,http://www.plantsoftheworldonline.org/taxon/urn:lsid:ipni.org:names:77214983-1,POWO,2020,comb_nova
Melastomataceae,Miconia,venulosa,Miconia_venulosa,Wurdack,Miconia venulosa Wurdack,Accepted,NA,Phytologia 9: 420 (1964),FALSE,"Brazil, Ecuador, Peru","Brazil North, Ecuador, Peru",unknown,unknown,159914-2,http://www.plantsoftheworldonline.org/taxon/urn:lsid:ipni.org:names:159914-2,POWO,1964,taxon_novo
Melastomataceae,Miconia,virescens,Miconia_virescens,(Vahl) Triana,Miconia virescens (Vahl) Triana,Accepted,NA,Trans. Linn. Soc. London 28: 107 (1871 publ. 1872),FALSE,"Brazil, Colombia, Trinidad-Tobago, Venezuela","Brazil North, Colombia, Trinidad-Tobago, Venezuela",unknown,unknown,1107825-2,http://www.plantsoftheworldonline.org/taxon/urn:lsid:ipni.org:names:1107825-2,POWO,1872,comb_nova
Melastomataceae,Microlicia,acuminifolia,Microlicia_acuminifolia,Versiane & R.Romero,Microlicia acuminifolia Versiane & R.Romero,Accepted,NA,Bot. J. Linn. Soc. 197: 52 (2021),FALSE,Brazil,Brazil Southeast,unknown,unknown,77219778-1,http://www.plantsoftheworldonline.org/taxon/urn:lsid:ipni.org:names:77219778-1,POWO,2021,taxon_novo
Melastomataceae,Microlicia,adamantium,Microlicia_adamantium,(Pedersoli) Versiane & R.Romero,Microlicia adamantium (Pedersoli) Versiane & R.Romero,Accepted,NA,Bot. J. Linn. Soc. 197: 52 (2021),FALSE,Brazil,Brazil Southeast,unknown,unknown,77219779-1,http://www.plantsoftheworldonline.org/taxon/urn:lsid:ipni.org:names:77219779-1,POWO,2021,comb_nova
Melastomataceae,Microlicia,alba,Microlicia_alba,(DC.) Versiane & R.Romero,Microlicia alba (DC.) Versiane & R.Romero,Accepted,NA,Bot. J. Linn. Soc. 197: 52 (2021),FALSE,Brazil,"Brazil Northeast, Brazil Southeast",unknown,unknown,77219780-1,http://www.plantsoftheworldonline.org/taxon/urn:lsid:ipni.org:names:77219780-1,POWO,2021,comb_nova
Melastomataceae,Microlicia,albiflora,Microlicia_albiflora,(Naudin) Versiane & R.Romero,Microlicia albiflora (Naudin) Versiane & R.Romero,Accepted,NA,Bot. J. Linn. Soc. 197: 52 (2021),FALSE,Brazil,Brazil Southeast,unknown,unknown,77219781-1,http://www.plantsoftheworldonline.org/taxon/urn:lsid:ipni.org:names:77219781-1,POWO,2021,comb_nova
Melastomataceae,Microlicia,altoparaisensis,Microlicia_altoparaisensis,"(R.B.Pacifico, Almeda & Fidanza) Versiane & R.Romero","Microlicia altoparaisensis (R.B.Pacifico, Almeda & Fidanza) Versiane & R.Romero",Accepted,NA,Bot. J. Linn. Soc. 197: 52 (2021),FALSE,Brazil,Brazil West-Central,unknown,unknown,77219782-1,http://www.plantsoftheworldonline.org/taxon/urn:lsid:ipni.org:names:77219782-1,POWO,2021,comb_nova
Melastomataceae,Microlicia,angustifolia,Microlicia_angustifolia,(Cogn.) Versiane & R.Romero,Microlicia angustifolia (Cogn.) Versiane & R.Romero,Accepted,NA,Bot. J. Linn. Soc. 197: 52 (2021),FALSE,Brazil,Brazil Southeast,unknown,unknown,77219783-1,http://www.plantsoftheworldonline.org/taxon/urn:lsid:ipni.org:names:77219783-1,POWO,2021,comb_nova
Melastomataceae,Microlicia,arachnoidea,Microlicia_arachnoidea,(Almeda & A.B.Martins) Versiane & R.Romero,Microlicia arachnoidea (Almeda & A.B.Martins) Versiane & R.Romero,Accepted,NA,Bot. J. Linn. Soc. 197: 52 (2021),FALSE,Brazil,Brazil West-Central,unknown,unknown,77219784-1,http://www.plantsoftheworldonline.org/taxon/urn:lsid:ipni.org:names:77219784-1,POWO,2021,comb_nova
Melastomataceae,Microlicia,armata,Microlicia_armata,(Spreng.) Versiane & R.Romero,Microlicia armata (Spreng.) Versiane & R.Romero,Accepted,NA,Bot. J. Linn. Soc. 197: 52 (2021),FALSE,Brazil,"Brazil Northeast, Brazil South, Brazil Southeast, Brazil West-Central",unknown,unknown,77219785-1,http://www.plantsoftheworldonline.org/taxon/urn:lsid:ipni.org:names:77219785-1,POWO,2021,comb_nova
Melastomataceae,Microlicia,australis,Microlicia_australis,(Naudin) Baill.,Microlicia australis (Naudin) Baill.,Accepted,NA,Hist. Pl. 7: 9 (1877),FALSE,Brazil,"Brazil South, Brazil Southeast",unknown,unknown,573440-1,http://www.plantsoftheworldonline.org/taxon/urn:lsid:ipni.org:names:573440-1,POWO,1877,comb_nova
Melastomataceae,Microlicia,barretoana,Microlicia_barretoana,"R.B.Pacifico, Almeda & Fidanza","Microlicia barretoana R.B.Pacifico, Almeda & Fidanza",Accepted,NA,Brittonia 73: 107 (2021),FALSE,Brazil,Brazil Southeast,unknown,unknown,77219753-1,http://www.plantsoftheworldonline.org/taxon/urn:lsid:ipni.org:names:77219753-1,POWO,2021,taxon_novo
Melastomataceae,Microlicia,belinelloi,Microlicia_belinelloi,(A.B.Martins & Almeda) Versiane & R.Romero,Microlicia belinelloi (A.B.Martins & Almeda) Versiane & R.Romero,Accepted,NA,Bot. J. Linn. Soc. 197: 52 (2021),FALSE,Brazil,Brazil Southeast,unknown,unknown,77219799-1,http://www.plantsoftheworldonline.org/taxon/urn:lsid:ipni.org:names:77219799-1,POWO,2021,comb_nova
Melastomataceae,Microlicia,calycina,Microlicia_calycina,(Cham.) Versiane & R.Romero,Microlicia calycina (Cham.) Versiane & R.Romero,Accepted,NA,Bot. J. Linn. Soc. 197: 52 (2021),FALSE,Brazil,Brazil Southeast,unknown,unknown,77219800-1,http://www.plantsoftheworldonline.org/taxon/urn:lsid:ipni.org:names:77219800-1,POWO,2021,comb_nova
Melastomataceae,Microlicia,caryophyllea,Microlicia_caryophyllea,(Naudin) Versiane & R.Romero,Microlicia caryophyllea (Naudin) Versiane & R.Romero,Accepted,NA,Bot. J. Linn. Soc. 197: 52 (2021),FALSE,Brazil,Brazil Southeast,unknown,unknown,77219801-1,http://www.plantsoftheworldonline.org/taxon/urn:lsid:ipni.org:names:77219801-1,POWO,2021,comb_nova
Melastomataceae,Microlicia,cataphracta,Microlicia_cataphracta,(DC.) Versiane & R.Romero,Microlicia cataphracta (DC.) Versiane & R.Romero,Accepted,NA,Bot. J. Linn. Soc. 197: 52 (2021),FALSE,Brazil,"Brazil Northeast, Brazil South, Brazil Southeast, Brazil West-Central",unknown,unknown,77219802-1,http://www.plantsoftheworldonline.org/taxon/urn:lsid:ipni.org:names:77219802-1,POWO,2021,comb_nova
Melastomataceae,Microlicia,chamissoana,Microlicia_chamissoana,(Naudin) Versiane & R.Romero,Microlicia chamissoana (Naudin) Versiane & R.Romero,Accepted,NA,Bot. J. Linn. Soc. 197: 53 (2021),FALSE,Brazil,Brazil Southeast,unknown,unknown,77219803-1,http://www.plantsoftheworldonline.org/taxon/urn:lsid:ipni.org:names:77219803-1,POWO,2021,comb_nova
Melastomataceae,Microlicia,congestiflora,Microlicia_congestiflora,Versiane & R.Romero,Microlicia congestiflora Versiane & R.Romero,Accepted,NA,Bot. J. Linn. Soc. 197: 53 (2021),FALSE,Brazil,Brazil Southeast,unknown,unknown,77219804-1,http://www.plantsoftheworldonline.org/taxon/urn:lsid:ipni.org:names:77219804-1,POWO,2021,taxon_novo
Melastomataceae,Microlicia,cordifolia,Microlicia_cordifolia,Versiane & R.Romero,Microlicia cordifolia Versiane & R.Romero,Accepted,NA,Bot. J. Linn. Soc. 197: 53 (2021),FALSE,Brazil,Brazil Southeast,unknown,unknown,77219805-1,http://www.plantsoftheworldonline.org/taxon/urn:lsid:ipni.org:names:77219805-1,POWO,2021,taxon_novo
Melastomataceae,Microlicia,crassifolia,Microlicia_crassifolia,(DC.) Versiane & R.Romero,Microlicia crassifolia (DC.) Versiane & R.Romero,Accepted,NA,Bot. J. Linn. Soc. 197: 53 (2021),FALSE,Brazil,Brazil Southeast,unknown,unknown,77219806-1,http://www.plantsoftheworldonline.org/taxon/urn:lsid:ipni.org:names:77219806-1,POWO,2021,comb_nova
Melastomataceae,Microlicia,curtiana,Microlicia_curtiana,Versiane & R.Romero,Microlicia curtiana Versiane & R.Romero,Accepted,NA,Bot. J. Linn. Soc. 197: 53 (2021),FALSE,Brazil,Brazil Southeast,unknown,unknown,77219807-1,http://www.plantsoftheworldonline.org/taxon/urn:lsid:ipni.org:names:77219807-1,POWO,2021,taxon_novo
Melastomataceae,Microlicia,daviesiana,Microlicia_daviesiana,(Almeda & A.B.Martins) Versiane & R.Romero,Microlicia daviesiana (Almeda & A.B.Martins) Versiane & R.Romero,Accepted,NA,Bot. J. Linn. Soc. 197: 53 (2021),FALSE,Brazil,Brazil Southeast,unknown,unknown,77219808-1,http://www.plantsoftheworldonline.org/taxon/urn:lsid:ipni.org:names:77219808-1,POWO,2021,comb_nova
Melastomataceae,Microlicia,fastigiata,Microlicia_fastigiata,(Naudin) Versiane & R.Romero,Microlicia fastigiata (Naudin) Versiane & R.Romero,Accepted,NA,Bot. J. Linn. Soc. 197: 53 (2021),FALSE,Brazil,Brazil Southeast,unknown,unknown,77219809-1,http://www.plantsoftheworldonline.org/taxon/urn:lsid:ipni.org:names:77219809-1,POWO,2021,comb_nova
Melastomataceae,Microlicia,firmula,Microlicia_firmula,(DC.) Versiane & R.Romero,Microlicia firmula (DC.) Versiane & R.Romero,Accepted,NA,Bot. J. Linn. Soc. 197: 53 (2021),FALSE,Brazil,Brazil Southeast,unknown,unknown,77219810-1,http://www.plantsoftheworldonline.org/taxon/urn:lsid:ipni.org:names:77219810-1,POWO,2021,comb_nova
Melastomataceae,Microlicia,flaviflora,Microlicia_flaviflora,Versiane & R.Romero,Microlicia flaviflora Versiane & R.Romero,Accepted,NA,Bot. J. Linn. Soc. 197: 53 (2021),FALSE,Brazil,Brazil Southeast,unknown,unknown,77219811-1,http://www.plantsoftheworldonline.org/taxon/urn:lsid:ipni.org:names:77219811-1,POWO,2021,taxon_novo
Melastomataceae,Microlicia,flavipetala,Microlicia_flavipetala,Versiane & R.Romero,Microlicia flavipetala Versiane & R.Romero,Accepted,NA,Bot. J. Linn. Soc. 197: 53 (2021),FALSE,Brazil,Brazil West-Central,unknown,unknown,77219812-1,http://www.plantsoftheworldonline.org/taxon/urn:lsid:ipni.org:names:77219812-1,POWO,2021,taxon_novo
Melastomataceae,Microlicia,gentianoides,Microlicia_gentianoides,(DC.) Versiane & R.Romero,Microlicia gentianoides (DC.) Versiane & R.Romero,Accepted,NA,Bot. J. Linn. Soc. 197: 53 (2021),FALSE,Brazil,"Brazil Northeast, Brazil Southeast",unknown,unknown,77219813-1,http://www.plantsoftheworldonline.org/taxon/urn:lsid:ipni.org:names:77219813-1,POWO,2021,comb_nova
Melastomataceae,Microlicia,glandulifolia,Microlicia_glandulifolia,Versiane & R.Romero,Microlicia glandulifolia Versiane & R.Romero,Accepted,NA,Bot. J. Linn. Soc. 197: 53 (2021),FALSE,Brazil,Brazil Southeast,unknown,unknown,77219814-1,http://www.plantsoftheworldonline.org/taxon/urn:lsid:ipni.org:names:77219814-1,POWO,2021,taxon_novo
Melastomataceae,Microlicia,glaziovii,Microlicia_glaziovii,(Cogn.) Versiane & R.Romero,Microlicia glaziovii (Cogn.) Versiane & R.Romero,Accepted,NA,Bot. J. Linn. Soc. 197: 53 (2021),FALSE,Brazil,Brazil Southeast,unknown,unknown,77219815-1,http://www.plantsoftheworldonline.org/taxon/urn:lsid:ipni.org:names:77219815-1,POWO,2021,comb_nova
Melastomataceae,Microlicia,hexapetala,Microlicia_hexapetala,"(D.Nunes, D.O.Diniz, Koschn. & M.J.Silva) Versiane & R.Romero","Microlicia hexapetala (D.Nunes, D.O.Diniz, Koschn. & M.J.Silva) Versiane & R.Romero",Accepted,NA,Bot. J. Linn. Soc. 197: 53 (2021),FALSE,Brazil,Brazil West-Central,unknown,unknown,77219816-1,http://www.plantsoftheworldonline.org/taxon/urn:lsid:ipni.org:names:77219816-1,POWO,2021,comb_nova
Melastomataceae,Microlicia,hilairei,Microlicia_hilairei,Versiane & R.Romero,Microlicia hilairei Versiane & R.Romero,Accepted,NA,Bot. J. Linn. Soc. 197: 53 (2021),FALSE,Brazil,Brazil Southeast,unknown,unknown,77219817-1,http://www.plantsoftheworldonline.org/taxon/urn:lsid:ipni.org:names:77219817-1,POWO,2021,taxon_novo
Melastomataceae,Microlicia,inermis,Microlicia_inermis,(Naudin) Versiane & R.Romero,Microlicia inermis (Naudin) Versiane & R.Romero,Accepted,NA,Bot. J. Linn. Soc. 197: 53 (2021),FALSE,Brazil,Brazil Southeast,unknown,unknown,77219818-1,http://www.plantsoftheworldonline.org/taxon/urn:lsid:ipni.org:names:77219818-1,POWO,2021,comb_nova
Melastomataceae,Microlicia,inversa,Microlicia_inversa,"(Fidanza, A.B.Martins & Almeda) Versiane & R.Romero","Microlicia inversa (Fidanza, A.B.Martins & Almeda) Versiane & R.Romero",Accepted,NA,Bot. J. Linn. Soc. 197: 53 (2021),FALSE,Brazil,Brazil Southeast,unknown,unknown,77219819-1,http://www.plantsoftheworldonline.org/taxon/urn:lsid:ipni.org:names:77219819-1,POWO,2021,comb_nova
Melastomataceae,Microlicia,itambana,Microlicia_itambana,(DC.) Versiane & R.Romero,Microlicia itambana (DC.) Versiane & R.Romero,Accepted,NA,Bot. J. Linn. Soc. 197: 53 (2021),FALSE,Brazil,Brazil Southeast,unknown,unknown,77219820-1,http://www.plantsoftheworldonline.org/taxon/urn:lsid:ipni.org:names:77219820-1,POWO,2021,comb_nova
Melastomataceae,Microlicia,laniflora,Microlicia_laniflora,(D.Don) Baill.,Microlicia laniflora (D.Don) Baill.,Accepted,NA,Adansonia 12: 95 (1877),FALSE,Brazil,Brazil Southeast,unknown,unknown,573530-1,http://www.plantsoftheworldonline.org/taxon/urn:lsid:ipni.org:names:573530-1,POWO,1877,comb_nova
Melastomataceae,Microlicia,longifolia,Microlicia_longifolia,"R.B.Pacifico, Almeda & Fidanza","Microlicia longifolia R.B.Pacifico, Almeda & Fidanza",Accepted,NA,Brittonia 73: 110 (2021),FALSE,Brazil,Brazil Southeast,unknown,unknown,77219754-1,http://www.plantsoftheworldonline.org/taxon/urn:lsid:ipni.org:names:77219754-1,POWO,2021,taxon_novo
Melastomataceae,Microlicia,macrantha,Microlicia_macrantha,Versiane & R.Romero,Microlicia macrantha Versiane & R.Romero,Accepted,NA,Bot. J. Linn. Soc. 197: 53 (2021),FALSE,Brazil,"Brazil Southeast, Brazil West-Central",unknown,unknown,77219821-1,http://www.plantsoftheworldonline.org/taxon/urn:lsid:ipni.org:names:77219821-1,POWO,2021,taxon_novo
Melastomataceae,Microlicia,macrocarpa,Microlicia_macrocarpa,(Naudin) Versiane & R.Romero,Microlicia macrocarpa (Naudin) Versiane & R.Romero,Accepted,NA,Bot. J. Linn. Soc. 197: 53 (2021),FALSE,Brazil,Brazil Southeast,unknown,unknown,77219822-1,http://www.plantsoftheworldonline.org/taxon/urn:lsid:ipni.org:names:77219822-1,POWO,2021,comb_nova
Melastomataceae,Microlicia,matogrossensis,Microlicia_matogrossensis,Versiane & R.Romero,Microlicia matogrossensis Versiane & R.Romero,Accepted,NA,Bot. J. Linn. Soc. 197: 53 (2021),FALSE,Brazil,Brazil West-Central,unknown,unknown,77219823-1,http://www.plantsoftheworldonline.org/taxon/urn:lsid:ipni.org:names:77219823-1,POWO,2021,taxon_novo
Melastomataceae,Microlicia,mello-barretoi,Microlicia_mello-barretoi,(Markgr.) Versiane & R.Romero,Microlicia mello-barretoi (Markgr.) Versiane & R.Romero,Accepted,NA,Bot. J. Linn. Soc. 197: 53 (2021),FALSE,Brazil,Brazil Southeast,unknown,unknown,77219824-1,http://www.plantsoftheworldonline.org/taxon/urn:lsid:ipni.org:names:77219824-1,POWO,2021,comb_nova
Melastomataceae,Microlicia,mendoncaei,Microlicia_mendoncaei,Cogn.,Microlicia mendoncaei Cogn.,Accepted,NA,"C.F.P.von Martius & auct. suc. (eds.), Fl. Bras. 14(4): 592 (1888)",FALSE,Brazil,Brazil Southeast,unknown,unknown,160254-2,http://www.plantsoftheworldonline.org/taxon/urn:lsid:ipni.org:names:160254-2,POWO,1888,taxon_novo
Melastomataceae,Microlicia,minensis,Microlicia_minensis,Versiane & R.Romero,Microlicia minensis Versiane & R.Romero,Accepted,NA,Bot. J. Linn. Soc. 197: 53 (2021),FALSE,Brazil,Brazil Southeast,unknown,unknown,77219825-1,http://www.plantsoftheworldonline.org/taxon/urn:lsid:ipni.org:names:77219825-1,POWO,2021,taxon_novo
Melastomataceae,Microlicia,minor,Microlicia_minor,Versiane & R.Romero,Microlicia minor Versiane & R.Romero,Accepted,NA,Bot. J. Linn. Soc. 197: 53 (2021),FALSE,Brazil,Brazil Southeast,unknown,unknown,77219826-1,http://www.plantsoftheworldonline.org/taxon/urn:lsid:ipni.org:names:77219826-1,POWO,2021,taxon_novo
Melastomataceae,Microlicia,mucorifera,Microlicia_mucorifera,(DC.) Versiane & R.Romero,Microlicia mucorifera (DC.) Versiane & R.Romero,Accepted,NA,Bot. J. Linn. Soc. 197: 54 (2021),FALSE,Brazil,Brazil Southeast,unknown,unknown,77219827-1,http://www.plantsoftheworldonline.org/taxon/urn:lsid:ipni.org:names:77219827-1,POWO,2021,comb_nova
Melastomataceae,Microlicia,neogracilis,Microlicia_neogracilis,Versiane & R.Romero,Microlicia neogracilis Versiane & R.Romero,Accepted,NA,Bot. J. Linn. Soc. 197: 54 (2021),FALSE,Brazil,Brazil West-Central,unknown,unknown,77219828-1,http://www.plantsoftheworldonline.org/taxon/urn:lsid:ipni.org:names:77219828-1,POWO,2021,taxon_novo
Melastomataceae,Microlicia,neopyrenaica,Microlicia_neopyrenaica,(Naudin) Versiane & R.Romero,Microlicia neopyrenaica (Naudin) Versiane & R.Romero,Accepted,NA,Bot. J. Linn. Soc. 197: 54 (2021),FALSE,Brazil,Brazil West-Central,unknown,unknown,77219829-1,http://www.plantsoftheworldonline.org/taxon/urn:lsid:ipni.org:names:77219829-1,POWO,2021,comb_nova
Melastomataceae,Microlicia,nervulosa,Microlicia_nervulosa,(Naudin) Versiane & R.Romero,Microlicia nervulosa (Naudin) Versiane & R.Romero,Accepted,NA,Bot. J. Linn. Soc. 197: 54 (2021),FALSE,Brazil,Brazil Northeast,unknown,unknown,77219830-1,http://www.plantsoftheworldonline.org/taxon/urn:lsid:ipni.org:names:77219830-1,POWO,2021,comb_nova
Melastomataceae,Microlicia,parviflora,Microlicia_parviflora,(D.Don) Versiane & R.Romero,Microlicia parviflora (D.Don) Versiane & R.Romero,Accepted,NA,Bot. J. Linn. Soc. 197: 54 (2021),FALSE,Brazil,"Brazil Northeast, Brazil South, Brazil Southeast, Brazil West-Central",unknown,unknown,77219831-1,http://www.plantsoftheworldonline.org/taxon/urn:lsid:ipni.org:names:77219831-1,POWO,2021,comb_nova
Melastomataceae,Microlicia,pentagona,Microlicia_pentagona,(Naudin) Versiane & R.Romero,Microlicia pentagona (Naudin) Versiane & R.Romero,Accepted,NA,Bot. J. Linn. Soc. 197: 54 (2021),FALSE,Brazil,Brazil Southeast,unknown,unknown,77219832-1,http://www.plantsoftheworldonline.org/taxon/urn:lsid:ipni.org:names:77219832-1,POWO,2021,comb_nova
Melastomataceae,Microlicia,phlogiformis,Microlicia_phlogiformis,(DC.) Versiane & R.Romero,Microlicia phlogiformis (DC.) Versiane & R.Romero,Accepted,NA,Bot. J. Linn. Soc. 197: 54 (2021),FALSE,Brazil,"Brazil North, Brazil Northeast, Brazil South, Brazil Southeast, Brazil West-Central",United States,Hawaii,77219833-1,http://www.plantsoftheworldonline.org/taxon/urn:lsid:ipni.org:names:77219833-1,POWO,2021,comb_nova
Melastomataceae,Microlicia,pilosa,Microlicia_pilosa,Versiane & R.Romero,Microlicia pilosa Versiane & R.Romero,Accepted,NA,Bot. J. Linn. Soc. 197: 54 (2021),FALSE,Brazil,Brazil Southeast,unknown,unknown,77219834-1,http://www.plantsoftheworldonline.org/taxon/urn:lsid:ipni.org:names:77219834-1,POWO,2021,taxon_novo
Melastomataceae,Microlicia,pithyoides,Microlicia_pithyoides,(Cham.) Versiane & R.Romero,Microlicia pithyoides (Cham.) Versiane & R.Romero,Accepted,NA,Bot. J. Linn. Soc. 197: 54 (2021),FALSE,Brazil,Brazil Southeast,unknown,unknown,77219835-1,http://www.plantsoftheworldonline.org/taxon/urn:lsid:ipni.org:names:77219835-1,POWO,2021,comb_nova
Melastomataceae,Microlicia,plinervia,Microlicia_plinervia,Versiane & R.Romero,Microlicia plinervia Versiane & R.Romero,Accepted,NA,Bot. J. Linn. Soc. 197: 54 (2021),FALSE,Brazil,Brazil Southeast,unknown,unknown,77219836-1,http://www.plantsoftheworldonline.org/taxon/urn:lsid:ipni.org:names:77219836-1,POWO,2021,taxon_novo
Melastomataceae,Microlicia,pohliana,Microlicia_pohliana,(O.Berg ex Triana) Versiane & R.Romero,Microlicia pohliana (O.Berg ex Triana) Versiane & R.Romero,Accepted,NA,Bot. J. Linn. Soc. 197: 54 (2021),FALSE,Brazil,"Brazil Southeast, Brazil West-Central",unknown,unknown,77219838-1,http://www.plantsoftheworldonline.org/taxon/urn:lsid:ipni.org:names:77219838-1,POWO,2021,comb_nova
Melastomataceae,Microlicia,pradosiana,Microlicia_pradosiana,(Netto) Versiane & R.Romero,Microlicia pradosiana (Netto) Versiane & R.Romero,Accepted,NA,Bot. J. Linn. Soc. 197: 54 (2021),FALSE,Brazil,Brazil Southeast,unknown,unknown,77219839-1,http://www.plantsoftheworldonline.org/taxon/urn:lsid:ipni.org:names:77219839-1,POWO,2021,comb_nova
Melastomataceae,Microlicia,pulcherrima,Microlicia_pulcherrima,(DC.) Versiane & R.Romero,Microlicia pulcherrima (DC.) Versiane & R.Romero,Accepted,NA,Bot. J. Linn. Soc. 197: 54 (2021),FALSE,Brazil,Brazil Southeast,unknown,unknown,77219840-1,http://www.plantsoftheworldonline.org/taxon/urn:lsid:ipni.org:names:77219840-1,POWO,2021,comb_nova
Melastomataceae,Microlicia,punctata,Microlicia_punctata,(DC.) Versiane & R.Romero,Microlicia punctata (DC.) Versiane & R.Romero,Accepted,NA,Bot. J. Linn. Soc. 197: 54 (2021),FALSE,Brazil,Brazil Southeast,unknown,unknown,77219841-1,http://www.plantsoftheworldonline.org/taxon/urn:lsid:ipni.org:names:77219841-1,POWO,2021,comb_nova
Melastomataceae,Microlicia,pusillifolia,Microlicia_pusillifolia,Versiane & R.Romero,Microlicia pusillifolia Versiane & R.Romero,Accepted,NA,Bot. J. Linn. Soc. 197: 54 (2021),FALSE,Brazil,Brazil Southeast,unknown,unknown,77219843-1,http://www.plantsoftheworldonline.org/taxon/urn:lsid:ipni.org:names:77219843-1,POWO,2021,taxon_novo
Melastomataceae,Microlicia,quinquenervis,Microlicia_quinquenervis,(Wurdack) Versiane & R.Romero,Microlicia quinquenervis (Wurdack) Versiane & R.Romero,Accepted,NA,Bot. J. Linn. Soc. 197: 54 (2021),FALSE,Brazil,"Brazil Southeast, Brazil West-Central",unknown,unknown,77219844-1,http://www.plantsoftheworldonline.org/taxon/urn:lsid:ipni.org:names:77219844-1,POWO,2021,comb_nova
Melastomataceae,Microlicia,raymondii,Microlicia_raymondii,Versiane & R.Romero,Microlicia raymondii Versiane & R.Romero,Accepted,NA,Phytotaxa 559: 123 (2022),FALSE,Brazil,Brazil Northeast,unknown,unknown,77304307-1,http://www.plantsoftheworldonline.org/taxon/urn:lsid:ipni.org:names:77304307-1,POWO,2022,taxon_novo
Melastomataceae,Microlicia,rigida,Microlicia_rigida,(Cogn.) Versiane & R.Romero,Microlicia rigida (Cogn.) Versiane & R.Romero,Accepted,NA,Bot. J. Linn. Soc. 197: 54 (2021),FALSE,Brazil,Brazil Southeast,unknown,unknown,77219845-1,http://www.plantsoftheworldonline.org/taxon/urn:lsid:ipni.org:names:77219845-1,POWO,2021,comb_nova
Melastomataceae,Microlicia,rosmarinoides,Microlicia_rosmarinoides,(DC.) Versiane & R.Romero,Microlicia rosmarinoides (DC.) Versiane & R.Romero,Accepted,NA,Bot. J. Linn. Soc. 197: 54 (2021),FALSE,Brazil,Brazil Southeast,unknown,unknown,77219846-1,http://www.plantsoftheworldonline.org/taxon/urn:lsid:ipni.org:names:77219846-1,POWO,2021,comb_nova
Melastomataceae,Microlicia,rundeliana,Microlicia_rundeliana,(Almeda & A.B.Martins) Versiane & R.Romero,Microlicia rundeliana (Almeda & A.B.Martins) Versiane & R.Romero,Accepted,NA,Bot. J. Linn. Soc. 197: 54 (2021),FALSE,Brazil,Brazil Southeast,unknown,unknown,77219847-1,http://www.plantsoftheworldonline.org/taxon/urn:lsid:ipni.org:names:77219847-1,POWO,2021,comb_nova
Melastomataceae,Microlicia,sampaioana,Microlicia_sampaioana,(Barreto) Versiane & R.Romero,Microlicia sampaioana (Barreto) Versiane & R.Romero,Accepted,NA,Bot. J. Linn. Soc. 197: 54 (2021),FALSE,Brazil,Brazil Southeast,unknown,unknown,77219848-1,http://www.plantsoftheworldonline.org/taxon/urn:lsid:ipni.org:names:77219848-1,POWO,2021,comb_nova
Melastomataceae,Microlicia,scaberula,Microlicia_scaberula,(Naudin) Versiane & R.Romero,Microlicia scaberula (Naudin) Versiane & R.Romero,Accepted,NA,Bot. J. Linn. Soc. 197: 54 (2021),FALSE,Brazil,Brazil Southeast,unknown,unknown,77219850-1,http://www.plantsoftheworldonline.org/taxon/urn:lsid:ipni.org:names:77219850-1,POWO,2021,comb_nova
Melastomataceae,Microlicia,senae,Microlicia_senae,(Schwacke) Versiane & R.Romero,Microlicia senae (Schwacke) Versiane & R.Romero,Accepted,NA,Bot. J. Linn. Soc. 197: 54 (2021),FALSE,Brazil,Brazil Southeast,unknown,unknown,77219851-1,http://www.plantsoftheworldonline.org/taxon/urn:lsid:ipni.org:names:77219851-1,POWO,2021,comb_nova
Melastomataceae,Microlicia,serratifolia,Microlicia_serratifolia,Versiane & R.Romero,Microlicia serratifolia Versiane & R.Romero,Accepted,NA,Bot. J. Linn. Soc. 197: 54 (2021),FALSE,Brazil,Brazil Southeast,unknown,unknown,77219852-1,http://www.plantsoftheworldonline.org/taxon/urn:lsid:ipni.org:names:77219852-1,POWO,2021,taxon_novo
Melastomataceae,Microlicia,setifolia,Microlicia_setifolia,Versiane & R.Romero,Microlicia setifolia Versiane & R.Romero,Accepted,NA,Bot. J. Linn. Soc. 197: 54 (2021),FALSE,Brazil,Brazil West-Central,unknown,unknown,77219853-1,http://www.plantsoftheworldonline.org/taxon/urn:lsid:ipni.org:names:77219853-1,POWO,2021,taxon_novo
Melastomataceae,Microlicia,speciosa,Microlicia_speciosa,Versiane & R.Romero,Microlicia speciosa Versiane & R.Romero,Accepted,NA,Bot. J. Linn. Soc. 197: 54 (2021),FALSE,Brazil,Brazil Southeast,unknown,unknown,77219854-1,http://www.plantsoftheworldonline.org/taxon/urn:lsid:ipni.org:names:77219854-1,POWO,2021,taxon_novo
Melastomataceae,Microlicia,suberosa,Microlicia_suberosa,(Naudin) Versiane & R.Romero,Microlicia suberosa (Naudin) Versiane & R.Romero,Accepted,NA,Bot. J. Linn. Soc. 197: 54 (2021),FALSE,Brazil,Brazil West-Central,unknown,unknown,77219855-1,http://www.plantsoftheworldonline.org/taxon/urn:lsid:ipni.org:names:77219855-1,POWO,2021,comb_nova
Melastomataceae,Microlicia,subulata,Microlicia_subulata,(Triana) Versiane & R.Romero,Microlicia subulata (Triana) Versiane & R.Romero,Accepted,NA,Bot. J. Linn. Soc. 197: 54 (2021),FALSE,Brazil,Brazil Southeast,unknown,unknown,77219857-1,http://www.plantsoftheworldonline.org/taxon/urn:lsid:ipni.org:names:77219857-1,POWO,2021,comb_nova
Melastomataceae,Microlicia,tetragona,Microlicia_tetragona,(DC.) Versiane & R.Romero,Microlicia tetragona (DC.) Versiane & R.Romero,Accepted,NA,Bot. J. Linn. Soc. 197: 54 (2021),FALSE,Brazil,Brazil Southeast,unknown,unknown,77219858-1,http://www.plantsoftheworldonline.org/taxon/urn:lsid:ipni.org:names:77219858-1,POWO,2021,comb_nova
Melastomataceae,Microlicia,thomazii,Microlicia_thomazii,(R.B.Pacifico & Fidanza) Versiane & R.Romero,Microlicia thomazii (R.B.Pacifico & Fidanza) Versiane & R.Romero,Accepted,NA,Bot. J. Linn. Soc. 197: 55 (2021),FALSE,Brazil,Brazil Southeast,unknown,unknown,77219859-1,http://www.plantsoftheworldonline.org/taxon/urn:lsid:ipni.org:names:77219859-1,POWO,2021,comb_nova
Melastomataceae,Microlicia,torrandii,Microlicia_torrandii,Brade,Microlicia torrandii Brade,Accepted,NA,"Arq. Bot. Estado São Paulo, n.s., 3: 252 (1962)",FALSE,Brazil,Brazil Northeast,unknown,unknown,160303-2,http://www.plantsoftheworldonline.org/taxon/urn:lsid:ipni.org:names:160303-2,POWO,1962,taxon_novo
Melastomataceae,Microlicia,tridentata,Microlicia_tridentata,(Naudin) Versiane & R.Romero,Microlicia tridentata (Naudin) Versiane & R.Romero,Accepted,NA,Bot. J. Linn. Soc. 197: 55 (2021),FALSE,Brazil,Brazil Southeast,unknown,unknown,77219860-1,http://www.plantsoftheworldonline.org/taxon/urn:lsid:ipni.org:names:77219860-1,POWO,2021,comb_nova
Melastomataceae,Microlicia,viscosa,Microlicia_viscosa,Cogn.,Microlicia viscosa Cogn.,Accepted,NA,Mém. Soc. Bot. France 3: 246 (1908),FALSE,Brazil,Brazil Southeast,unknown,unknown,160314-2,http://www.plantsoftheworldonline.org/taxon/urn:lsid:ipni.org:names:160314-2,POWO,1908,taxon_novo
Melastomataceae,Microlicia,woodgyeriana,Microlicia_woodgyeriana,R.Romero & Paranhos,Microlicia woodgyeriana R.Romero & Paranhos,Accepted,NA,Kew Bull. 76: 444 (2021),FALSE,Brazil,Brazil Southeast,unknown,unknown,77217896-1,http://www.plantsoftheworldonline.org/taxon/urn:lsid:ipni.org:names:77217896-1,POWO,2021,taxon_novo
Melastomataceae,Mouriri,morleyi,Mouriri_morleyi,R.Goldenb. & Meirelles,Mouriri morleyi R.Goldenb. & Meirelles,Accepted,NA,Nordic J. Bot. 31: 321 (2013),FALSE,Brazil,Brazil Southeast,unknown,unknown,77130006-1,http://www.plantsoftheworldonline.org/taxon/urn:lsid:ipni.org:names:77130006-1,POWO,2013,taxon_novo
Melastomataceae,Mouriri,peruviana,Mouriri_peruviana,Morley,Mouriri peruviana Morley,Accepted,NA,Ann. Missouri Bot. Gard. 72: 548 (1985),FALSE,"Bolivia, Brazil, Peru","Bolivia, Brazil North, Brazil West-Central, Peru",unknown,unknown,281065-2,http://www.plantsoftheworldonline.org/taxon/urn:lsid:ipni.org:names:281065-2,POWO,1985,taxon_novo
Melastomataceae,Mouriri,plasschaertii,Mouriri_plasschaertii,Pulle,Mouriri plasschaertii Pulle,Accepted,NA,Recueil Trav. Bot. Néerl. 6: 283 (1909),FALSE,"Bolivia, Brazil, Colombia, Ecuador, French Guiana, Guyana, Peru, Suriname, Venezuela","Bolivia, Brazil North, Brazil West-Central, Colombia, Ecuador, French Guiana, Guyana, Peru, Suriname, Venezuela",unknown,unknown,164591-2,http://www.plantsoftheworldonline.org/taxon/urn:lsid:ipni.org:names:164591-2,POWO,1909,taxon_novo
Melastomataceae,Mouriri,retenipetala,Mouriri_retenipetala,Morley,Mouriri retenipetala Morley,Accepted,NA,Ann. Missouri Bot. Gard. 76: 434 (1989),FALSE,"Brazil, Colombia, Peru","Brazil North, Colombia, Peru",unknown,unknown,281067-2,http://www.plantsoftheworldonline.org/taxon/urn:lsid:ipni.org:names:281067-2,POWO,1989,taxon_novo
Melastomataceae,Noterophila,inundata,Noterophila_inundata,(DC.) Mart.,Noterophila inundata (DC.) Mart.,Accepted,NA,Nov. Gen. Sp. Pl. Bras. 3: 111 (1831),FALSE,Brazil,"Brazil North, Brazil Northeast, Brazil Southeast, Brazil West-Central",unknown,unknown,573923-1,http://www.plantsoftheworldonline.org/taxon/urn:lsid:ipni.org:names:573923-1,POWO,1831,comb_nova
Melastomataceae,Noterophila,tetramera,Noterophila_tetramera,Naudin,Noterophila tetramera Naudin,Accepted,NA,"Ann. Sci. Nat., Bot., sér. 3, 12: 280 (1849)",FALSE,Brazil,Brazil West-Central,unknown,unknown,573927-1,http://www.plantsoftheworldonline.org/taxon/urn:lsid:ipni.org:names:573927-1,POWO,1849,taxon_novo
Melastomataceae,Pleroma,aemula,Pleroma_aemula,"(Cogn.) P.J.F.Guim., A.L.F.Oliveira & R.Romero","Pleroma aemula (Cogn.) P.J.F.Guim., A.L.F.Oliveira & R.Romero",Accepted,NA,Brittonia 66: 356 (2014),FALSE,Brazil,Brazil Southeast,unknown,unknown,77147879-1,http://www.plantsoftheworldonline.org/taxon/urn:lsid:ipni.org:names:77147879-1,POWO,2014,comb_nova
Melastomataceae,Pleroma,brevicomosum,Pleroma_brevicomosum,F.S.Mey. & R.Goldenb.,Pleroma brevicomosum F.S.Mey. & R.Goldenb.,Accepted,NA,Edinburgh J. Bot. 79-624: 3 (2022),FALSE,Brazil,Brazil Southeast,unknown,unknown,77299328-1,http://www.plantsoftheworldonline.org/taxon/urn:lsid:ipni.org:names:77299328-1,POWO,2022,taxon_novo
Melastomataceae,Pleroma,caatingae,Pleroma_caatingae,(J.G.Freitas) P.J.F.Guim. & Michelang.,Pleroma caatingae (J.G.Freitas) P.J.F.Guim. & Michelang.,Accepted,NA,Phytotaxa 480: 95 (2021),FALSE,Brazil,Brazil Northeast,unknown,unknown,77215726-1,http://www.plantsoftheworldonline.org/taxon/urn:lsid:ipni.org:names:77215726-1,POWO,2021,comb_nova
Melastomataceae,Pleroma,caetanoi,Pleroma_caetanoi,F.S.Mey. & R.Goldenb.,Pleroma caetanoi F.S.Mey. & R.Goldenb.,Accepted,NA,Edinburgh J. Bot. 79-624: 9 (2022),FALSE,Brazil,Brazil Southeast,unknown,unknown,77299329-1,http://www.plantsoftheworldonline.org/taxon/urn:lsid:ipni.org:names:77299329-1,POWO,2022,taxon_novo
Melastomataceae,Pleroma,caissara,Pleroma_caissara,F.S.Mey.,Pleroma caissara F.S.Mey.,Accepted,NA,Kew Bull. 69(3)-9527: 2 (2014),FALSE,Brazil,Brazil South,unknown,unknown,77141223-1,http://www.plantsoftheworldonline.org/taxon/urn:lsid:ipni.org:names:77141223-1,POWO,2014,taxon_novo
Melastomataceae,Pleroma,cleistoflora,Pleroma_cleistoflora,"(Ule) P.J.F.Guim., M.F.Oliveira da Silva & Michelang.","Pleroma cleistoflora (Ule) P.J.F.Guim., M.F.Oliveira da Silva & Michelang.",Accepted,NA,Phytotaxa 186: 225 (2014),FALSE,Brazil,Brazil Southeast,unknown,unknown,77143919-1,http://www.plantsoftheworldonline.org/taxon/urn:lsid:ipni.org:names:77143919-1,POWO,2014,comb_nova
Melastomataceae,Pleroma,eglanduliferum,Pleroma_eglanduliferum,Justino & P.J.F.Guim.,Pleroma eglanduliferum Justino & P.J.F.Guim.,Accepted,NA,Hoehnea 48-e762020: 2 (2021),FALSE,Brazil,Brazil Southeast,unknown,unknown,77303534-1,http://www.plantsoftheworldonline.org/taxon/urn:lsid:ipni.org:names:77303534-1,POWO,2021,taxon_novo
Melastomataceae,Pleroma,ferricola,Pleroma_ferricola,"A.L.F.Oliveira, R.Romero & P.J.F.Guim.","Pleroma ferricola A.L.F.Oliveira, R.Romero & P.J.F.Guim.",Accepted,NA,Brittonia 66: 354 (2014),FALSE,Brazil,Brazil Southeast,unknown,unknown,77147878-1,http://www.plantsoftheworldonline.org/taxon/urn:lsid:ipni.org:names:77147878-1,POWO,2014,taxon_novo
Melastomataceae,Pleroma,fothergillae,Pleroma_fothergillae,(DC.) Triana,Pleroma fothergillae (DC.) Triana,Accepted,NA,Trans. Linn. Soc. London 28: 42 (1871 publ. 1872),FALSE,Brazil,Brazil Southeast,unknown,unknown,574801-1,http://www.plantsoftheworldonline.org/taxon/urn:lsid:ipni.org:names:574801-1,POWO,1872,comb_nova
Melastomataceae,Pleroma,glandulosum,Pleroma_glandulosum,(Bonpl.) Triana,Pleroma glandulosum (Bonpl.) Triana,Accepted,NA,Trans. Linn. Soc. London 28: 48 (1871 publ. 1872),FALSE,Brazil,"Brazil Southeast, Brazil West-Central",unknown,unknown,574808-1,http://www.plantsoftheworldonline.org/taxon/urn:lsid:ipni.org:names:574808-1,POWO,1872,comb_nova
Melastomataceae,Pleroma,guartelaensis,Pleroma_guartelaensis,F.S.Mey. & R.Goldenb.,Pleroma guartelaensis F.S.Mey. & R.Goldenb.,Accepted,NA,Kew Bull. 69(3)-9527: 5 (2014),FALSE,Brazil,Brazil South,unknown,unknown,77141224-1,http://www.plantsoftheworldonline.org/taxon/urn:lsid:ipni.org:names:77141224-1,POWO,2014,taxon_novo
Melastomataceae,Pleroma,imperatore,Pleroma_imperatore,(Wawra) P.J.F.Guim. & Michelang.,Pleroma imperatore (Wawra) P.J.F.Guim. & Michelang.,Accepted,NA,Phytotaxa 518: 75 (2021),FALSE,Brazil,Brazil Northeast,unknown,unknown,77221278-1,http://www.plantsoftheworldonline.org/taxon/urn:lsid:ipni.org:names:77221278-1,POWO,2021,comb_nova
Melastomataceae,Pleroma,joelsilvae,Pleroma_joelsilvae,F.S.Mey. & Brotto,Pleroma joelsilvae F.S.Mey. & Brotto,Accepted,NA,Phytotaxa 554: 258 (2022),FALSE,Brazil,Brazil South,unknown,unknown,77301814-1,http://www.plantsoftheworldonline.org/taxon/urn:lsid:ipni.org:names:77301814-1,POWO,2022,taxon_novo
Melastomataceae,Pleroma,kollmanniana,Pleroma_kollmanniana,F.S.Mey. & R.Goldenb.,Pleroma kollmanniana F.S.Mey. & R.Goldenb.,Accepted,NA,Phytotaxa 282: 202 (2016),FALSE,Brazil,Brazil Southeast,unknown,unknown,77159124-1,http://www.plantsoftheworldonline.org/taxon/urn:lsid:ipni.org:names:77159124-1,POWO,2016,taxon_novo
Melastomataceae,Pleroma,mello-barretoi,Pleroma_mello-barretoi,(Brade) P.J.F.Guim. & Michelang.,Pleroma mello-barretoi (Brade) P.J.F.Guim. & Michelang.,Accepted,NA,Taxon 68: 984 (2019),FALSE,Brazil,Brazil Southeast,unknown,unknown,77206375-1,http://www.plantsoftheworldonline.org/taxon/urn:lsid:ipni.org:names:77206375-1,POWO,2019,comb_nova
Melastomataceae,Pleroma,miconiifolium,Pleroma_miconiifolium,F.S.Mey. & R.Goldenb.,Pleroma miconiifolium F.S.Mey. & R.Goldenb.,Accepted,NA,Edinburgh J. Bot. 79-624: 15 (2022),FALSE,Brazil,Brazil Southeast,unknown,unknown,77299330-1,http://www.plantsoftheworldonline.org/taxon/urn:lsid:ipni.org:names:77299330-1,POWO,2022,taxon_novo
Melastomataceae,Pleroma,obscurum,Pleroma_obscurum,Triana,Pleroma obscurum Triana,Accepted,NA,Trans. Linn. Soc. London 28: 44 (1871 publ. 1872),FALSE,Brazil,Brazil Southeast,unknown,unknown,574843-1,http://www.plantsoftheworldonline.org/taxon/urn:lsid:ipni.org:names:574843-1,POWO,1872,taxon_novo
Melastomataceae,Pleroma,petrophylax,Pleroma_petrophylax,F.S.Mey. & R.Goldenb.,Pleroma petrophylax F.S.Mey. & R.Goldenb.,Accepted,NA,Edinburgh J. Bot. 79-624: 19 (2022),FALSE,Brazil,Brazil Southeast,unknown,unknown,77299331-1,http://www.plantsoftheworldonline.org/taxon/urn:lsid:ipni.org:names:77299331-1,POWO,2022,taxon_novo
Melastomataceae,Pleroma,piranii,Pleroma_piranii,F.S.Mey. & Almeda,Pleroma piranii F.S.Mey. & Almeda,Accepted,NA,Phytotaxa 560: 32 (2022),FALSE,Brazil,Brazil Southeast,unknown,unknown,77304588-1,http://www.plantsoftheworldonline.org/taxon/urn:lsid:ipni.org:names:77304588-1,POWO,2022,taxon_novo
Melastomataceae,Pleroma,subsessilis,Pleroma_subsessilis,F.S.Mey. & L.Kollmann,Pleroma subsessilis F.S.Mey. & L.Kollmann,Accepted,NA,Phytotaxa 282: 202 (2016),FALSE,Brazil,Brazil Southeast,unknown,unknown,77159125-1,http://www.plantsoftheworldonline.org/taxon/urn:lsid:ipni.org:names:77159125-1,POWO,2016,taxon_novo
Melastomataceae,Pterolepis,buraeavi,Pterolepis_buraeavi,Cogn.,Pterolepis buraeavi Cogn.,Accepted,NA,"C.F.P.von Martius & auct. suc. (eds.), Fl. Bras. 14(3): 268 (1885)",FALSE,"Brazil, Paraguay","Brazil North, Brazil West-Central, Paraguay",unknown,unknown,575020-1,http://www.plantsoftheworldonline.org/taxon/urn:lsid:ipni.org:names:575020-1,POWO,1885,taxon_novo
Melastomataceae,Pterolepis,picorondonca,Pterolepis_picorondonca,S.S.Renner,Pterolepis picorondonca S.S.Renner,Accepted,NA,Nordic J. Bot. 14: 82 (1994),FALSE,Brazil,Brazil North,unknown,unknown,976144-1,http://www.plantsoftheworldonline.org/taxon/urn:lsid:ipni.org:names:976144-1,POWO,1994,taxon_novo
Melastomataceae,Axinaea,mertensioides,Axinaea_mertensioides,Wurdack,Axinaea mertensioides Wurdack,Unknown,Axinaea mertensioides Wurdack,Phytologia 9: 409. 1964,FALSE,"Amazonas (Brazil, Southern America)",NA,NA,NA,27251-2,www.ipni.org/n/27251-2,IPNI,1964,taxon_novo
Melastomataceae,Brachyotum,angustifolium,Brachyotum_angustifolium,Wurdack,Brachyotum angustifolium Wurdack,Unknown,Brachyotum angustifolium Wurdack,Mem. New York Bot. Gard. 8: 401. 1953,FALSE,"Amazonas (Brazil, Southern America)",NA,NA,NA,35916-2,www.ipni.org/n/35916-2,IPNI,1953,taxon_novo
Melastomataceae,Brachyotum,intermedium,Brachyotum_intermedium,Wurdack,Brachyotum intermedium Wurdack,Unknown,Brachyotum intermedium Wurdack,Mem. New York Bot. Gard. 8: 367. 1953,FALSE,"Amazonas (Brazil, Southern America)",NA,NA,NA,35934-2,www.ipni.org/n/35934-2,IPNI,1953,taxon_novo
Melastomataceae,Brachyotum,multinervium,Brachyotum_multinervium,Wurdack,Brachyotum multinervium Wurdack,Unknown,Brachyotum multinervium Wurdack,Phytologia 11: 379. 1965,FALSE,"Amazonas (Brazil, Southern America)",NA,NA,NA,35942-2,www.ipni.org/n/35942-2,IPNI,1965,taxon_novo
Melastomataceae,Brachyotum,multituberculatum,Brachyotum_multituberculatum,Wurdack,Brachyotum multituberculatum Wurdack,Unknown,Brachyotum multituberculatum Wurdack,Mem. New York Bot. Gard. 8: 394. 1953,FALSE,"Amazonas (Brazil, Southern America)",NA,NA,NA,35943-2,www.ipni.org/n/35943-2,IPNI,1953,taxon_novo
Melastomataceae,Calophysa,tococoidea,Calophysa_tococoidea,DC.,Calophysa tococoidea DC.,Unknown,Calophysa tococoidea DC.,Prodr. [A. P. de Candolle] 3: 166. 1828 [mid-Mar 1828],FALSE,Brazil (Southern America),NA,NA,NA,42769-2,www.ipni.org/n/42769-2,IPNI,1828,taxon_novo
Melastomataceae,Chaetostoma,aureum,Chaetostoma_aureum,Glaz.,Chaetostoma aureum Glaz.,Unknown,Chaetostoma aureum Glaz.,Bull. Soc. Bot. France 54(Mém. 3c): 242. 1908,FALSE,Brazil (Southern America),NA,NA,NA,54244-2,www.ipni.org/n/54244-2,IPNI,1908,taxon_novo
Melastomataceae,Chaetostoma,debile,Chaetostoma_debile,Glaz.,Chaetostoma debile Glaz.,Unknown,Chaetostoma debile Glaz.,Bull. Soc. Bot. France 54(Mém. 3c): 242. 1908,FALSE,Brazil (Southern America),NA,NA,NA,54245-2,www.ipni.org/n/54245-2,IPNI,1908,taxon_novo
Melastomataceae,Chaetostoma,gracile,Chaetostoma_gracile,Glaz.,Chaetostoma gracile Glaz.,Unknown,Chaetostoma gracile Glaz.,Bull. Soc. Bot. France 54(Mém. 3c): 242. 1908,FALSE,Brazil (Southern America),NA,NA,NA,54248-2,www.ipni.org/n/54248-2,IPNI,1908,taxon_novo
Melastomataceae,Clidemia,saltuensis,Clidemia_saltuensis,Wurdack,Clidemia saltuensis Wurdack,Unknown,Clidemia saltuensis Wurdack,Phytologia 21: 367. 1971,FALSE,"Distrito Federal (Brazil, Southern America)",NA,NA,NA,61094-2,www.ipni.org/n/61094-2,IPNI,1971,taxon_novo
Melastomataceae,Diolena,obliqua,Diolena_obliqua,Triana,Diolena obliqua Triana,Unknown,Diolena obliqua Triana,Trans. Linn. Soc. London 28: 81. 1871,FALSE,Brazil (Southern America),NA,NA,NA,80633-2,www.ipni.org/n/80633-2,IPNI,1871,taxon_novo
Melastomataceae,Fritzschia,recubans,Fritzschia_recubans,Glaz.,Fritzschia recubans Glaz.,Unknown,Fritzschia recubans Glaz.,Bull. Soc. Bot. France 54(Mém. 3c): 270. 1908,FALSE,Brazil (Southern America),NA,NA,NA,106083-2,www.ipni.org/n/106083-2,IPNI,1908,taxon_novo
Melastomataceae,Graffenrieda,calyptrelloides,Graffenrieda_calyptrelloides,Wurdack,Graffenrieda calyptrelloides Wurdack,Unknown,Graffenrieda calyptrelloides Wurdack,Phytologia 9: 412. 1964,FALSE,"Amazonas (Brazil, Southern America)",NA,NA,NA,112930-2,www.ipni.org/n/112930-2,IPNI,1964,taxon_novo
Melastomataceae,Lavoisiera,crassinervia,Lavoisiera_crassinervia,Cogn.,Lavoisiera crassinervia Cogn.,Unknown,Lavoisiera crassinervia Cogn.,Bull. Soc. Bot. France 54(Mém. 3c): 253. 1908,FALSE,Brazil (Southern America),NA,NA,NA,136378-2,www.ipni.org/n/136378-2,IPNI,1908,taxon_novo
Melastomataceae,Lavoisiera,dorifolia,Lavoisiera_dorifolia,Cogn.,Lavoisiera dorifolia Cogn.,Unknown,Lavoisiera dorifolia Cogn.,Bull. Soc. Bot. France 54(Mém. 3c): 256. 1908,FALSE,Brazil (Southern America),NA,NA,NA,136380-2,www.ipni.org/n/136380-2,IPNI,1908,taxon_novo
Melastomataceae,Lavoisiera,gouveana,Lavoisiera_gouveana,Barreto,Lavoisiera gouveana Barreto,Unknown,Lavoisiera gouveana Barreto,"Anais Acad. Brasil. Ci. 7: 10, fig. 1935",FALSE,"Minas Gerais (Brazil, Southern America)",NA,NA,NA,136386-2,www.ipni.org/n/136386-2,IPNI,1935,taxon_novo
Melastomataceae,Lavoisiera,goyazensis,Lavoisiera_goyazensis,Cogn.,Lavoisiera goyazensis Cogn.,Unknown,Lavoisiera goyazensis Cogn.,Bot. Jahrb. Syst. 21(4): 447. 1895 [1895] ;  a preprint,FALSE,Brazil (Southern America),NA,NA,NA,136387-2,www.ipni.org/n/136387-2,IPNI,1895,taxon_novo
Melastomataceae,Lavoisiera,itabirana,Lavoisiera_itabirana,Hoehne,Lavoisiera itabirana Hoehne,Unknown,Lavoisiera itabirana Hoehne,"Anexos Mem. Inst. Butantan, Secc. Bot. 1, fasc. 5: 33, pl. 2. 1922",FALSE,Brazil (Southern America),NA,NA,NA,136391-2,www.ipni.org/n/136391-2,IPNI,1922,taxon_novo
Melastomataceae,Lavoisiera,marques-lisboana,Lavoisiera_marques-lisboana,Barreto,Lavoisiera marques-lisboana Barreto,Unknown,Lavoisiera marques-lisboana Barreto,"Arq. Inst. Biol. Veg. 2(1): 9, pl. 2. 1935 [Sep 1935]",FALSE,"Minas Gerais (Brazil, Southern America)",NA,NA,NA,136394-2,www.ipni.org/n/136394-2,IPNI,1935,taxon_novo
Melastomataceae,Lavoisiera,microphylla,Lavoisiera_microphylla,Cogn.,Lavoisiera microphylla Cogn.,Unknown,Lavoisiera microphylla Cogn.,Bull. Soc. Bot. France 54(Mém. 3c): 254. 1908,FALSE,Brazil (Southern America),NA,NA,NA,136396-2,www.ipni.org/n/136396-2,IPNI,1908,taxon_novo
Melastomataceae,Lavoisiera,novemnervia,Lavoisiera_novemnervia,Cogn.,Lavoisiera novemnervia Cogn.,Unknown,Lavoisiera novemnervia Cogn.,Bull. Soc. Bot. France 54(Mém. 3c): 253. 1908,FALSE,Brazil (Southern America),NA,NA,NA,136399-2,www.ipni.org/n/136399-2,IPNI,1908,taxon_novo
Melastomataceae,Lavoisiera,parviflora,Lavoisiera_parviflora,Cogn.,Lavoisiera parviflora Cogn.,Unknown,Lavoisiera parviflora Cogn.,Bull. Soc. Bot. France 54(Mém. 3c): 254. 1908,FALSE,Brazil (Southern America),NA,NA,NA,136401-2,www.ipni.org/n/136401-2,IPNI,1908,taxon_novo
Melastomataceae,Lavoisiera,patulifera,Lavoisiera_patulifera,Pilg.,Lavoisiera patulifera Pilg.,Unknown,Lavoisiera patulifera Pilg.,Bull. Soc. Bot. France 54(Mém. 3c): 252. 1908,FALSE,Brazil (Southern America),NA,NA,NA,136402-2,www.ipni.org/n/136402-2,IPNI,1908,taxon_novo
Melastomataceae,Lavoisiera,robusta,Lavoisiera_robusta,Cogn.,Lavoisiera robusta Cogn.,Unknown,Lavoisiera robusta Cogn.,Bull. Soc. Bot. France 54(Mém. 3c): 252. 1908,FALSE,Brazil (Southern America),NA,NA,NA,136410-2,www.ipni.org/n/136410-2,IPNI,1908,taxon_novo
Melastomataceae,Lavoisiera,suberosa,Lavoisiera_suberosa,Cogn.,Lavoisiera suberosa Cogn.,Unknown,Lavoisiera suberosa Cogn.,Bot. Jahrb. Syst. 21(4): 447. 1895 [1895] ;  a preprint,FALSE,Brazil (Southern America),NA,NA,NA,136416-2,www.ipni.org/n/136416-2,IPNI,1895,taxon_novo
Melastomataceae,Leandra,douradensis,Leandra_douradensis,Glaz.,Leandra douradensis Glaz.,Unknown,Leandra douradensis Glaz.,Bull. Soc. Bot. France 54(Mém. 3c): 276. 1908,FALSE,Brazil (Southern America),NA,NA,NA,136555-2,www.ipni.org/n/136555-2,IPNI,1908,taxon_novo
Melastomataceae,Leandra,hohnelii,Leandra_hohnelii,Krasser & Rech.,Leandra hohnelii Krasser & Rech.,Unknown,Leandra hohnelii Krasser & Rech.,Oesterr. Bot. Z. 56: 193. 1906,FALSE,Brazil (Southern America),NA,NA,NA,136604-2,www.ipni.org/n/136604-2,IPNI,1906,taxon_novo
Melastomataceae,Leandra,markgravii,Leandra_markgravii,Brade,Leandra markgravii Brade,Unknown,Leandra markgravii Brade,"Arch. Jard. Bot. Rio de Janeiro 14: 248, tab. 5. 1956",FALSE,"Rio de Janeiro (Brazil, Southern America)",NA,NA,NA,136642-2,www.ipni.org/n/136642-2,IPNI,1956,taxon_novo
Melastomataceae,Leandra,nana,Leandra_nana,Cogn.,Leandra nana Cogn.,Unknown,Leandra nana Cogn.,Bull. Soc. Bot. France 54(Mém. 3c): 279. 1908,FALSE,Brazil (Southern America),NA,NA,NA,136661-2,www.ipni.org/n/136661-2,IPNI,1908,taxon_novo
Melastomataceae,Leandra,pachyrrhiza,Leandra_pachyrrhiza,Cogn.,Leandra pachyrrhiza Cogn.,Unknown,Leandra pachyrrhiza Cogn.,Bull. Soc. Bot. France 54(Mém. 3c): 279. 1908,FALSE,Brazil (Southern America),NA,NA,NA,136684-2,www.ipni.org/n/136684-2,IPNI,1908,taxon_novo
Melastomataceae,Leandra,peltata,Leandra_peltata,Wurdack,Leandra peltata Wurdack,Unknown,Leandra peltata Wurdack,Phytologia 11: 384. 1965,FALSE,"Amazonas (Brazil, Southern America)",NA,NA,NA,136696-2,www.ipni.org/n/136696-2,IPNI,1965,taxon_novo
Melastomataceae,Leandra,steyermarkii,Leandra_steyermarkii,Wurdack,Leandra steyermarkii Wurdack,Unknown,Leandra steyermarkii Wurdack,Phytologia 21: 355. 1971,FALSE,"Amazonas (Brazil, Southern America)",NA,NA,NA,136771-2,www.ipni.org/n/136771-2,IPNI,1971,taxon_novo
Melastomataceae,Melastoma,akermanii,Melastoma_akermanii,Mure,Melastoma akermanii Mure,Unknown,Melastoma akermanii Mure,"Doctrine Ecole Rio de Janeiro Pathog. Brésil. 270, fig. 1849 (as  akermani)",FALSE,Brazil (Southern America),NA,NA,NA,60459104-2,www.ipni.org/n/60459104-2,IPNI,1849,taxon_novo
Melastomataceae,Miconia,clivorum,Miconia_clivorum,Wurdack,Miconia clivorum Wurdack,Unknown,Miconia clivorum Wurdack,Phytologia 11: 388. 1965,FALSE,"Amazonas (Brazil, Southern America)",NA,NA,NA,158918-2,www.ipni.org/n/158918-2,IPNI,1965,taxon_novo
Melastomataceae,Miconia,hypargyraea,Miconia_hypargyraea,Miq.,Miconia hypargyraea Miq.,Unknown,Miconia hypargyraea Miq.,Linnaea 18(5): 622. 1845 [prob. Aug 1845],FALSE,Brazil (Southern America),NA,NA,NA,323249-2,www.ipni.org/n/323249-2,IPNI,1845,taxon_novo
Melastomataceae,Miconia,kleinii,Miconia_kleinii,Brade,Miconia kleinii Brade,Unknown,Miconia kleinii Brade,Sellowia no. 12: 144. 1960,FALSE,"Santa Catarina &amp; Parana, Brazil (Southern America)",NA,NA,NA,159226-2,www.ipni.org/n/159226-2,IPNI,1960,taxon_novo
Melastomataceae,Miconia,molinopampana,Miconia_molinopampana,Wurdack,Miconia molinopampana Wurdack,Unknown,Miconia molinopampana Wurdack,Phytologia 13: 78. 1966,FALSE,"Amazonas (Brazil, Southern America)",NA,NA,NA,159379-2,www.ipni.org/n/159379-2,IPNI,1966,taxon_novo
Melastomataceae,Miconia,paludigena,Miconia_paludigena,Wurdack,Miconia paludigena Wurdack,Unknown,Miconia paludigena Wurdack,Phytologia 11: 394. 1965,FALSE,"Amazonas (Brazil, Southern America)",NA,NA,NA,159463-2,www.ipni.org/n/159463-2,IPNI,1965,taxon_novo
Melastomataceae,Miconia,paradisica,Miconia_paradisica,Wurdack,Miconia paradisica Wurdack,Unknown,Miconia paradisica Wurdack,Phytologia 11: 391. 1965,FALSE,"Amazonas (Brazil, Southern America)",NA,NA,NA,159468-2,www.ipni.org/n/159468-2,IPNI,1965,taxon_novo
Melastomataceae,Miconia,phlebodes,Miconia_phlebodes,Wurdack,Miconia phlebodes Wurdack,Unknown,Miconia phlebodes Wurdack,Phytologia 9: 419. 1964,FALSE,"Amazonas (Brazil, Southern America)",NA,NA,NA,159510-2,www.ipni.org/n/159510-2,IPNI,1964,taxon_novo
Melastomataceae,Miconia,setoso-ciliata,Miconia_setoso-ciliata,Cogn.,Miconia setoso-ciliata Cogn.,Unknown,Miconia setoso-ciliata Cogn.,Monogr. Phan. [A.DC. & C.DC.] 7: 843. 1891 [Jun 1891],FALSE,Brazil (Southern America),NA,NA,NA,159726-2,www.ipni.org/n/159726-2,IPNI,1891,taxon_novo
Melastomataceae,Microlicia,bradeana,Microlicia_bradeana,Hoehne,Microlicia bradeana Hoehne,Unknown,Microlicia bradeana Hoehne,"Anexos Mem. Inst. Butantan, Secc. Bot. 1, fasc. 5: 28. 1922",FALSE,Brazil (Southern America),NA,NA,NA,160178-2,www.ipni.org/n/160178-2,IPNI,1922,taxon_novo
Melastomataceae,Microlicia,cearensis,Microlicia_cearensis,Ducke,Microlicia cearensis Ducke,Unknown,Microlicia cearensis Ducke,"Anexos Mem. Inst. Butantan, Secc. Bot. 1, fasc. 5: 19. 1922",FALSE,Brazil (Southern America),NA,NA,NA,160182-2,www.ipni.org/n/160182-2,IPNI,1922,taxon_novo
Melastomataceae,Microlicia,ciliata,Microlicia_ciliata,Cogn.,Microlicia ciliata Cogn.,Unknown,Microlicia ciliata Cogn.,Bull. Soc. Bot. France 54(Mém. 3c): 247. 1908,FALSE,Brazil (Southern America),NA,NA,NA,160184-2,www.ipni.org/n/160184-2,IPNI,1908,taxon_novo
Melastomataceae,Microlicia,cogniauxii,Microlicia_cogniauxii,Glaz.,Microlicia cogniauxii Glaz.,Unknown,Microlicia cogniauxii Glaz.,Bull. Soc. Bot. France 54(Mém. 3c): 249. 1908,FALSE,Brazil (Southern America),NA,NA,NA,160189-2,www.ipni.org/n/160189-2,IPNI,1908,taxon_novo
Melastomataceae,Microlicia,formosana,Microlicia_formosana,Glaz.,Microlicia formosana Glaz.,Unknown,Microlicia formosana Glaz.,Bull. Soc. Bot. France 54(Mém. 3c): 249. 1908,FALSE,Brazil (Southern America),NA,NA,NA,160217-2,www.ipni.org/n/160217-2,IPNI,1908,taxon_novo
